mass,age,temperature,luminosity,radius,gravity,metallicity,chemistry,eos
0.001,0.001,886.804272,-4.82820564,0.16355572,3.01108287,0,ceq,C2019
0.001,0.00126638,848.4620883,-4.92893058,0.15910834,3.03502836,0,ceq,C2019
0.001,0.001603719,807.2276999,-5.03860178,0.15492791,3.0581551,0,ceq,C2019
0.001,0.002030918,761.1321343,-5.16249961,0.15109809,3.07989712,0,ceq,C2019
0.001,0.002571914,714.9618928,-5.29119628,0.14766363,3.09986876,0,ceq,C2019
0.001,0.003257021,672.0051829,-5.41725214,0.14456603,3.11828273,0,ceq,C2019
0.001,0.004124626,630.4605203,-5.54518572,0.14175191,3.13535728,0,ceq,C2019
0.001,0.005223345,591.9376417,-5.67046455,0.13920137,3.15112792,0,ceq,C2019
0.001,0.006614741,560.0481466,-5.78176586,0.13679976,3.16624365,0,ceq,C2019
0.001,0.008376776,527.5702583,-5.89999193,0.13454821,3.18065875,0,ceq,C2019
0.001,0.010608184,495.7367014,-6.02168627,0.13245848,3.19425517,0,ceq,C2019
0.001,0.013433993,466.1449553,-6.14158168,0.13049606,3.20721964,0,ceq,C2019
0.001,0.017012543,439.2771973,-6.25703768,0.12865632,3.21955245,0,ceq,C2019
0.001,0.021544347,415.3549714,-6.36636757,0.12688336,3.2316053,0,ceq,C2019
0.001,0.027283334,394.4167508,-6.46797545,0.1251797,3.24334675,0,ceq,C2019
0.001,0.034551073,377.1600598,-6.55763619,0.12346811,3.25530486,0,ceq,C2019
0.001,0.043754794,359.291279,-6.65397622,0.12177326,3.26731065,0,ceq,C2019
0.001,0.055410203,343.559269,-6.74363309,0.12011552,3.27921637,0,ceq,C2019
0.001,0.070170383,329.6443619,-6.82767526,0.11843948,3.29142146,0,ceq,C2019
0.001,0.088862382,314.8109632,-6.92009246,0.11675748,3.30384507,0,ceq,C2019
0.001,0.112533558,299.4304168,-7.01947217,0.11510428,3.31623127,0,ceq,C2019
0.001,0.142510267,285.9129127,-7.11179376,0.11351637,3.32829748,0,ceq,C2019
0.001,0.180472177,271.1628055,-7.21588486,0.11195241,3.34034769,0,ceq,C2019
0.001,0.228546386,255.5317174,-7.33074569,0.11045158,3.35207048,0,ceq,C2019
0.001,0.289426612,243.2587504,-7.4275908,0.10901928,3.36340783,0,ceq,C2019
0.001,0.366524124,231.6219243,-7.52426399,0.10758036,3.37494828,0,ceq,C2019
0.001,0.464158883,219.4847528,-7.62914792,0.10618252,3.38630833,0,ceq,C2019
0.001,0.587801607,206.7102984,-7.74437436,0.10483838,3.39737375,0,ceq,C2019
0.002,0.001,1229.262989,-4.22073402,0.17130376,3.27191095,0,ceq,C2019
0.002,0.00126638,1168.481675,-4.33583065,0.16606093,3.2989111,0,ceq,C2019
0.002,0.001603719,1107.226871,-4.45463083,0.16130398,3.3241553,0,ceq,C2019
0.002,0.002030918,1050.711744,-4.56932851,0.15696193,3.34785741,0,ceq,C2019
0.002,0.002571914,992.6752041,-4.69033897,0.15298791,3.37013159,0,ceq,C2019
0.002,0.003257021,934.9336953,-4.8151728,0.14937862,3.39086765,0,ceq,C2019
0.002,0.004124626,881.3426742,-4.93687896,0.14612002,3.41002617,0,ceq,C2019
0.002,0.005223345,833.5539774,-5.05193199,0.14308821,3.42823766,0,ceq,C2019
0.002,0.006614741,784.6282682,-5.1741715,0.14028746,3.44540697,0,ceq,C2019
0.002,0.008376776,736.2758094,-5.30067427,0.13772749,3.46140398,0,ceq,C2019
0.002,0.010608184,688.0330168,-5.43315381,0.13540497,3.47617547,0,ceq,C2019
0.002,0.013433993,639.7851923,-5.57286572,0.13332857,3.48959778,0,ceq,C2019
0.002,0.017012543,595.6287771,-5.70919593,0.13148844,3.50166978,0,ceq,C2019
0.002,0.021544347,562.3850185,-5.82045377,0.1297592,3.51316816,0,ceq,C2019
0.002,0.027283334,528.4663299,-5.93955172,0.12811827,3.52422215,0,ceq,C2019
0.002,0.034551073,494.8324968,-6.06423963,0.12658742,3.53466333,0,ceq,C2019
0.002,0.043754794,464.6081587,-6.18361096,0.12515778,3.54452881,0,ceq,C2019
0.002,0.055410203,437.9782691,-6.29559366,0.12380242,3.55398617,0,ceq,C2019
0.002,0.070170383,411.808288,-6.41183106,0.12249525,3.5632059,0,ceq,C2019
0.002,0.088862382,390.7174191,-6.51205837,0.12124618,3.57210824,0,ceq,C2019
0.002,0.112533558,371.7903479,-6.60733705,0.11999538,3.58111536,0,ceq,C2019
0.002,0.142510267,351.9011891,-6.71180243,0.11876366,3.59007711,0,ceq,C2019
0.002,0.180472177,338.1487128,-6.79000975,0.11754429,3.59904119,0,ceq,C2019
0.002,0.228546386,323.8579163,-6.87433593,0.11629014,3.60835854,0,ceq,C2019
0.002,0.289426612,308.3268003,-6.9692254,0.11502663,3.6178476,0,ceq,C2019
0.002,0.366524124,292.9445557,-7.06752837,0.11378758,3.62725469,0,ceq,C2019
0.002,0.464158883,277.9331652,-7.16822416,0.11257537,3.6365578,0,ceq,C2019
0.002,0.587801607,261.8879423,-7.28065854,0.11139817,3.64568839,0,ceq,C2019
0.002,0.744380301,246.8193165,-7.39233846,0.11027866,3.65446124,0,ceq,C2019
0.002,0.942668455,236.0354814,-7.47878679,0.10916174,3.66330343,0,ceq,C2019
0.002,1.19377664,224.410587,-7.57554169,0.10803738,3.67229623,0,ceq,C2019
0.002,1.51177507,212.0930801,-7.68248918,0.10693688,3.68118931,0,ceq,C2019
0.003,0.001,1508.711674,-3.81664113,0.18109317,3.39973133,0,ceq,C2019
0.003,0.00126638,1436.303557,-3.9358984,0.17417617,3.43356022,0,ceq,C2019
0.003,0.001603719,1358.452651,-4.06384728,0.16804378,3.46469272,0,ceq,C2019
0.003,0.002030918,1282.342661,-4.19204679,0.1627031,3.49274467,0,ceq,C2019
0.003,0.002571914,1217.874795,-4.30761574,0.15791145,3.51870986,0,ceq,C2019
0.003,0.003257021,1152.919125,-4.42701442,0.15357621,3.54288873,0,ceq,C2019
0.003,0.004124626,1087.275546,-4.55118736,0.14967539,3.56523627,0,ceq,C2019
0.003,0.005223345,1024.066077,-4.67594695,0.14615258,3.58592379,0,ceq,C2019
0.003,0.006614741,961.8638903,-4.80383191,0.14298573,3.60495095,0,ceq,C2019
0.003,0.008376776,900.7957061,-4.93521485,0.14014198,3.62239921,0,ceq,C2019
0.003,0.010608184,848.5179999,-5.05526486,0.13755606,3.63857712,0,ceq,C2019
0.003,0.013433993,795.6000828,-5.18222807,0.13518621,3.65367125,0,ceq,C2019
0.003,0.017012543,745.4554134,-5.30931539,0.13302593,3.66766333,0,ceq,C2019
0.003,0.021544347,696.000092,-5.44145418,0.13106769,3.68054486,0,ceq,C2019
0.003,0.027283334,647.2970723,-5.57925603,0.12929718,3.69235766,0,ceq,C2019
0.003,0.034551073,600.9076617,-5.71915805,0.12771384,3.70305994,0,ceq,C2019
0.003,0.043754794,566.4575098,-5.83181654,0.126239,3.71314881,0,ceq,C2019
0.003,0.055410203,531.9862587,-5.95056375,0.12483978,3.72282981,0,ceq,C2019
0.003,0.070170383,498.1159146,-6.07396801,0.12353496,3.73195595,0,ceq,C2019
0.003,0.088862382,467.4306355,-6.19304951,0.12231111,3.74060379,0,ceq,C2019
0.003,0.112533558,439.6525583,-6.30774492,0.12115608,3.74884523,0,ceq,C2019
0.003,0.142510267,414.4574678,-6.41835242,0.12003142,3.75694566,0,ceq,C2019
0.003,0.180472177,391.2813074,-6.52620385,0.11894485,3.76484435,0,ceq,C2019
0.003,0.228546386,370.7840445,-6.62757044,0.117868,3.77274375,0,ceq,C2019
0.003,0.289426612,350.0252016,-6.73545978,0.11681767,3.78051848,0,ceq,C2019
0.003,0.366524124,336.603913,-6.81119919,0.11576689,3.78836681,0,ceq,C2019
0.003,0.464158883,321.835107,-6.8973226,0.11468135,3.79654997,0,ceq,C2019
0.003,0.587801607,305.5837799,-6.99566828,0.11358867,3.80486559,0,ceq,C2019
0.003,0.744380301,290.3858426,-7.09249969,0.11252051,3.81307236,0,ceq,C2019
0.003,0.942668455,274.9256429,-7.19569739,0.11146855,3.82123093,0,ceq,C2019
0.003,1.19377664,258.1387318,-7.31308855,0.11045305,3.82918019,0,ceq,C2019
0.003,1.51177507,244.9977545,-7.41151736,0.10948311,3.83684132,0,ceq,C2019
0.003,1.91448198,234.5185968,-7.49534407,0.1084905,3.84475207,0,ceq,C2019
0.003,2.42446202,223.0093672,-7.59084023,0.10748706,3.85282316,0,ceq,C2019
0.003,3.07029063,211.2235261,-7.69322796,0.10649598,3.86086904,0,ceq,C2019
0.004,0.001,1743.831703,-3.51560481,0.19169774,3.47524052,0,ceq,C2019
0.004,0.00126638,1662.891132,-3.63753959,0.18319949,3.51462757,0,ceq,C2019
0.004,0.001603719,1596.047026,-3.74636445,0.17545228,3.55215711,0,ceq,C2019
0.004,0.002030918,1515.148558,-3.87193814,0.16848151,3.58737117,0,ceq,C2019
0.004,0.002571914,1429.580043,-4.00515205,0.16234632,3.6195908,0,ceq,C2019
0.004,0.003257021,1342.868694,-4.14293732,0.15699752,3.64869044,0,ceq,C2019
0.004,0.004124626,1264.206659,-4.27407897,0.15232039,3.67495927,0,ceq,C2019
0.004,0.005223345,1189.706903,-4.40357262,0.14817167,3.69894559,0,ceq,C2019
0.004,0.006614741,1116.329478,-4.53597752,0.14449811,3.72075016,0,ceq,C2019
0.004,0.008376776,1047.198522,-4.66675835,0.14125128,3.74049025,0,ceq,C2019
0.004,0.010608184,980.4896042,-4.79904458,0.13836385,3.7584299,0,ceq,C2019
0.004,0.013433993,917.6644188,-4.93039442,0.13578868,3.77474756,0,ceq,C2019
0.004,0.017012543,859.728229,-5.05852446,0.13348869,3.78958581,0,ceq,C2019
0.004,0.021544347,803.710049,-5.18914461,0.13142095,3.80314575,0,ceq,C2019
0.004,0.027283334,753.0626583,-5.31467999,0.12954637,3.81562403,0,ceq,C2019
0.004,0.034551073,703.6849137,-5.44402693,0.12783978,3.82714264,0,ceq,C2019
0.004,0.043754794,655.7690359,-5.57714232,0.1262857,3.8377661,0,ceq,C2019
0.004,0.055410203,609.860883,-5.71293622,0.12488613,3.84744622,0,ceq,C2019
0.004,0.070170383,574.2494209,-5.82648761,0.12359024,3.85650598,0,ceq,C2019
0.004,0.088862382,541.0821989,-5.93860216,0.12235128,3.86525746,0,ceq,C2019
0.004,0.112533558,507.8027056,-6.05725216,0.12117795,3.87362729,0,ceq,C2019
0.004,0.142510267,477.2416414,-6.17307663,0.12006437,3.88164599,0,ceq,C2019
0.004,0.180472177,447.5093097,-6.29253859,0.11900138,3.88937041,0,ceq,C2019
0.004,0.228546386,421.3579656,-6.40470984,0.11797192,3.89691705,0,ceq,C2019
0.004,0.289426612,396.0092636,-6.51978017,0.11698408,3.90422071,0,ceq,C2019
0.004,0.366524124,374.8813365,-6.62222437,0.11601729,3.91142885,0,ceq,C2019
0.004,0.464158883,353.0819445,-6.73341214,0.11507453,3.9185159,0,ceq,C2019
0.004,0.587801607,338.6501119,-6.81298995,0.11413882,3.92560762,0,ceq,C2019
0.004,0.744380301,323.8311575,-6.89816061,0.11316485,3.93305113,0,ceq,C2019
0.004,0.942668455,307.6151709,-6.99499533,0.11218022,3.94064181,0,ceq,C2019
0.004,1.19377664,292.1207318,-7.09230904,0.11121018,3.94818523,0,ceq,C2019
0.004,1.51177507,276.3582844,-7.19621052,0.11025031,3.95571465,0,ceq,C2019
0.004,1.91448198,259.8210939,-7.31074185,0.10932194,3.96305958,0,ceq,C2019
0.004,2.42446202,246.3338705,-7.41044215,0.10843327,3.97014911,0,ceq,C2019
0.004,3.07029063,236.1376342,-7.49118582,0.10752249,3.97747562,0,ceq,C2019
0.004,3.88815518,225.3525135,-7.57991932,0.10659653,3.98498813,0,ceq,C2019
0.004,4.92388263,213.4697308,-7.68160454,0.10566758,3.99259068,0,ceq,C2019
0.005,0.001,1921.133671,-3.29875103,0.20274059,3.52350506,0,ceq,C2019
0.005,0.00126638,1860.346928,-3.4010742,0.19217598,3.56998724,0,ceq,C2019
0.005,0.001603719,1798.757458,-3.50334626,0.18272623,3.61378358,0,ceq,C2019
0.005,0.002030918,1694.806009,-3.64606652,0.17464663,3.65306479,0,ceq,C2019
0.005,0.002571914,1622.171592,-3.75807275,0.16757384,3.68897289,0,ceq,C2019
0.005,0.003257021,1540.230926,-3.88222046,0.16111982,3.72308783,0,ceq,C2019
0.005,0.004124626,1448.950123,-4.01949288,0.15544325,3.7542417,0,ceq,C2019
0.005,0.005223345,1356.166672,-4.16231303,0.15053727,3.78209799,0,ceq,C2019
0.005,0.006614741,1270.461284,-4.30116906,0.14619005,3.80754916,0,ceq,C2019
0.005,0.008376776,1188.499408,-4.43964309,0.14243396,3.83015782,0,ceq,C2019
0.005,0.010608184,1110.076636,-4.57843256,0.13916005,3.85035629,0,ceq,C2019
0.005,0.013433993,1038.079909,-4.71315729,0.13626569,3.86861205,0,ceq,C2019
0.005,0.017012543,970.1060368,-4.84732501,0.13370145,3.88511242,0,ceq,C2019
0.005,0.021544347,906.0148748,-4.98096598,0.13142468,3.90003099,0,ceq,C2019
0.005,0.027283334,846.1368662,-5.11322832,0.12940432,3.91348743,0,ceq,C2019
0.005,0.034551073,789.5716241,-5.24557072,0.12760239,3.92566671,0,ceq,C2019
0.005,0.043754794,739.353131,-5.37099078,0.1259629,3.93689949,0,ceq,C2019
0.005,0.055410203,689.8735192,-5.50171912,0.1244628,3.9473055,0,ceq,C2019
0.005,0.070170383,643.0127647,-5.63350422,0.12309736,3.95688713,0,ceq,C2019
0.005,0.088862382,599.414438,-5.76419691,0.12186406,3.96563321,0,ceq,C2019
0.005,0.112533558,567.2354103,-5.8683737,0.12070228,3.97395352,0,ceq,C2019
0.005,0.142510267,534.9931959,-5.97813652,0.11958162,3.98205539,0,ceq,C2019
0.005,0.180472177,501.9220335,-6.09678731,0.11851185,3.98986072,0,ceq,C2019
0.005,0.228546386,471.7614437,-6.2120031,0.11748459,3.99742257,0,ceq,C2019
0.005,0.289426612,442.3765915,-6.33102712,0.1165019,4.00471835,0,ceq,C2019
0.005,0.366524124,415.7645914,-6.44588093,0.1155572,4.01179031,0,ceq,C2019
0.005,0.464158883,391.3815464,-6.55767529,0.11465334,4.0186108,0,ceq,C2019
0.005,0.587801607,369.5422496,-6.66415214,0.11376847,4.0253405,0,ceq,C2019
0.005,0.744380301,348.3467519,-6.77334094,0.11290987,4.03192052,0,ceq,C2019
0.005,0.942668455,334.6474431,-6.84977863,0.11203764,4.03865641,0,ceq,C2019
0.005,1.19377664,319.3119802,-6.93829476,0.11113469,4.04568504,0,ceq,C2019
0.005,1.51177507,302.8221453,-7.0375148,0.11022811,4.0527996,0,ceq,C2019
0.005,1.91448198,287.4807983,-7.13491039,0.1093333,4.05987933,0,ceq,C2019
0.005,2.42446202,271.488162,-7.2413899,0.10845075,4.06691911,0,ceq,C2019
0.005,3.07029063,255.5431188,-7.35337235,0.10759864,4.07377071,0,ceq,C2019
0.005,3.88815518,243.7981402,-7.44184265,0.10676798,4.08050218,0,ceq,C2019
0.005,4.92388263,233.6109191,-7.52298238,0.10591109,4.08750139,0,ceq,C2019
0.005,6.23550734,222.7392405,-7.61299578,0.10503607,4.0947073,0,ceq,C2019
0.005,7.89652287,209.5220285,-7.72643232,0.1041702,4.10189721,0,ceq,C2019
0.006,0.001,2062.971862,-3.12942392,0.2136606,3.55711736,0,ceq,C2019
0.006,0.00126638,2005.528108,-3.2292492,0.20153299,3.60787475,0,ceq,C2019
0.006,0.001603719,1932.604172,-3.34079617,0.19087067,3.65508752,0,ceq,C2019
0.006,0.002030918,1863.988534,-3.44718847,0.18152659,3.69868532,0,ceq,C2019
0.006,0.002571914,1796.354151,-3.5529362,0.17305087,3.74021988,0,ceq,C2019
0.006,0.003257021,1695.801389,-3.69094462,0.16565302,3.77816875,0,ceq,C2019
0.006,0.004124626,1610.280195,-3.81593326,0.15909771,3.81323773,0,ceq,C2019
0.006,0.005223345,1527.641852,-3.93952083,0.15333067,3.84530825,0,ceq,C2019
0.006,0.006614741,1426.160014,-4.0881851,0.14825386,3.87455401,0,ceq,C2019
0.006,0.008376776,1330.264326,-4.23533611,0.14383881,3.90081365,0,ceq,C2019
0.006,0.010608184,1242.608858,-4.37687702,0.14006368,3.92391554,0,ceq,C2019
0.006,0.013433993,1158.244286,-4.51941025,0.13681368,3.94430704,0,ceq,C2019
0.006,0.017012543,1078.427964,-4.66173576,0.13396526,3.96258189,0,ceq,C2019
0.006,0.021544347,1005.712424,-4.79945398,0.13144832,3.97905551,0,ceq,C2019
0.006,0.027283334,940.0101699,-4.93164634,0.12922293,3.99388647,0,ceq,C2019
0.006,0.034551073,876.8461111,-5.06584803,0.12725336,4.00722731,0,ceq,C2019
0.006,0.043754794,816.8920939,-5.20088004,0.12550905,4.01921604,0,ceq,C2019
0.006,0.055410203,763.7501582,-5.32867081,0.12393319,4.0301905,0,ceq,C2019
0.006,0.070170383,712.8256836,-5.45875457,0.122487,4.04038576,0,ceq,C2019
0.006,0.088862382,665.230772,-5.58821951,0.12116892,4.04978329,0,ceq,C2019
0.006,0.112533558,621.3157467,-5.71546411,0.11996998,4.05842049,0,ceq,C2019
0.006,0.142510267,584.6285295,-5.82922212,0.11886677,4.06644485,0,ceq,C2019
0.006,0.180472177,552.5995159,-5.93493634,0.11779879,4.07428393,0,ceq,C2019
0.006,0.228546386,520.4022564,-6.04688987,0.11676108,4.08196942,0,ceq,C2019
0.006,0.289426612,488.2475297,-6.16517592,0.11576223,4.08943178,0,ceq,C2019
0.006,0.366524124,457.2766099,-6.28617802,0.11480879,4.09661527,0,ceq,C2019
0.006,0.464158883,429.7413267,-6.40095889,0.11390274,4.10349726,0,ceq,C2019
0.006,0.587801607,403.1202207,-6.5187127,0.11303368,4.11014986,0,ceq,C2019
0.006,0.744380301,380.876106,-6.62378561,0.11219278,4.1166357,0,ceq,C2019
0.006,0.942668455,358.2745858,-6.7364559,0.11137111,4.12302046,0,ceq,C2019
0.006,1.19377664,341.2690889,-6.82721976,0.11056628,4.12932012,0,ceq,C2019
0.006,1.51177507,326.3672564,-6.91137414,0.10973168,4.13590149,0,ceq,C2019
0.006,1.91448198,310.1688398,-7.0065274,0.1088849,4.14263021,0,ceq,C2019
0.006,2.42446202,293.826973,-7.10726628,0.10804747,4.14933626,0,ceq,C2019
0.006,3.07029063,278.3333341,-7.2080688,0.10721799,4.15603018,0,ceq,C2019
0.006,3.88815518,262.7130783,-7.31497069,0.10640655,4.16262875,0,ceq,C2019
0.006,4.92388263,248.1089631,-7.42076018,0.1056237,4.16904275,0,ceq,C2019
0.006,6.23550734,238.4188075,-7.49653436,0.10482938,4.17559948,0,ceq,C2019
0.006,7.89652287,228.0526848,-7.58057325,0.10401005,4.1824149,0,ceq,C2019
0.006,10,215.2391471,-7.68789976,0.10318664,4.18931857,0,ceq,C2019
0.007,0.001,2168.831073,-3.00008188,0.22435514,3.58164239,0,ceq,C2019
0.007,0.00126638,2117.261469,-3.09472158,0.21111055,3.63449396,0,ceq,C2019
0.007,0.001603719,2060.286918,-3.19303591,0.19909404,3.68539726,0,ceq,C2019
0.007,0.002030918,1995.012485,-3.29691853,0.18839535,3.7333731,0,ceq,C2019
0.007,0.002571914,1916.302083,-3.41133117,0.17898908,3.77786135,0,ceq,C2019
0.007,0.003257021,1845.309831,-3.51858338,0.17060745,3.81951803,0,ceq,C2019
0.007,0.004124626,1759.566145,-3.64076131,0.16301539,3.85905684,0,ceq,C2019
0.007,0.005223345,1661.666211,-3.77607294,0.1564216,3.89492064,0,ceq,C2019
0.007,0.006614741,1572.979858,-3.90363124,0.15071789,3.92718446,0,ceq,C2019
0.007,0.008376776,1486.406802,-4.03183509,0.14562326,3.95705167,0,ceq,C2019
0.007,0.010608184,1369.362903,-4.20108659,0.14120421,3.9838181,0,ceq,C2019
0.007,0.013433993,1280.084584,-4.34137392,0.13748526,4.00700052,0,ceq,C2019
0.007,0.017012543,1189.624472,-4.4890561,0.13429976,4.02736183,0,ceq,C2019
0.007,0.021544347,1105.024463,-4.63537054,0.131524,4.04550292,0,ceq,C2019
0.007,0.027283334,1030.4702,-4.77296685,0.12908801,4.06174096,0,ceq,C2019
0.007,0.034551073,961.717657,-4.90748037,0.1269422,4.07630093,0,ceq,C2019
0.007,0.043754794,898.0660681,-5.03954809,0.1250379,4.08942929,0,ceq,C2019
0.007,0.055410203,836.7726055,-5.17421174,0.12334502,4.10126939,0,ceq,C2019
0.007,0.070170383,779.7938539,-5.30748593,0.12182566,4.11203514,0,ceq,C2019
0.007,0.088862382,727.4659609,-5.43813699,0.12043441,4.12201148,0,ceq,C2019
0.007,0.112533558,679.0233197,-5.56698798,0.1191716,4.13116685,0,ceq,C2019
0.007,0.142510267,636.1436494,-5.68876885,0.11801639,4.13962796,0,ceq,C2019
0.007,0.180472177,596.9326785,-5.80717328,0.11694889,4.14752032,0,ceq,C2019
0.007,0.228546386,563.8024745,-5.91402814,0.11592228,4.15517858,0,ceq,C2019
0.007,0.289426612,531.0835427,-6.02538083,0.11492189,4.16270678,0,ceq,C2019
0.007,0.366524124,498.5155539,-6.14269796,0.11395478,4.17004732,0,ceq,C2019
0.007,0.464158883,467.2269407,-6.26234821,0.11303287,4.17710291,0,ceq,C2019
0.007,0.587801607,438.2841207,-6.38015351,0.11216204,4.18382057,0,ceq,C2019
0.007,0.744380301,411.4867369,-6.49626173,0.11132454,4.19033045,0,ceq,C2019
0.007,0.942668455,387.515361,-6.60679148,0.1105221,4.19661413,0,ceq,C2019
0.007,1.19377664,364.7656386,-6.71810337,0.10973622,4.20281232,0,ceq,C2019
0.007,1.51177507,344.9398906,-6.82120226,0.10897636,4.20884772,0,ceq,C2019
0.007,1.91448198,330.2696219,-6.90293049,0.10819723,4.21508001,0,ceq,C2019
0.007,2.42446202,314.1144632,-6.99646131,0.10740159,4.22149087,0,ceq,C2019
0.007,3.07029063,297.046225,-7.09992436,0.10661324,4.22789001,0,ceq,C2019
0.007,3.88815518,282.0255589,-7.19645996,0.10583333,4.23426732,0,ceq,C2019
0.007,4.92388263,266.7545642,-7.29951388,0.1050629,4.24061354,0,ceq,C2019
0.007,6.23550734,250.8379007,-7.41257779,0.10431506,4.24681823,0,ceq,C2019
0.007,7.89652287,241.1931853,-7.48692662,0.10357146,4.25303206,0,ceq,C2019
0.007,10,230.969588,-7.56867681,0.10279637,4.25955667,0,ceq,C2019
0.008,0.001,2253.125024,-2.89332447,0.23506934,3.59911489,0,ceq,C2019
0.008,0.00126638,2210.8387,-2.98213075,0.22042003,3.65500463,0,ceq,C2019
0.008,0.001603719,2160.482478,-3.07512862,0.20737233,3.70800401,0,ceq,C2019
0.008,0.002030918,2100.059616,-3.17561134,0.1955073,3.75918025,0,ceq,C2019
0.008,0.002571914,2035.295265,-3.27814999,0.1849681,3.80731217,0,ceq,C2019
0.008,0.003257021,1959.681662,-3.38894774,0.17562237,3.85234648,0,ceq,C2019
0.008,0.004124626,1880.833192,-3.5022244,0.16734722,3.89426863,0,ceq,C2019
0.008,0.005223345,1797.952362,-3.6203056,0.15985258,3.93406632,0,ceq,C2019
0.008,0.006614741,1697.164658,-3.75686116,0.15330419,3.97039752,0,ceq,C2019
0.008,0.008376776,1600.771065,-3.8906013,0.14772742,4.00258287,0,ceq,C2019
0.008,0.010608184,1517.58106,-4.01294457,0.14277412,4.03220644,0,ceq,C2019
0.008,0.013433993,1391.511789,-4.19057948,0.13840812,4.05918146,0,ceq,C2019
0.008,0.017012543,1301.854762,-4.32901661,0.13483298,4.08191283,0,ceq,C2019
0.008,0.021544347,1209.803039,-4.47655261,0.13173812,4.1020813,0,ceq,C2019
0.008,0.027283334,1122.99737,-4.62383925,0.12904709,4.12000803,0,ceq,C2019
0.008,0.034551073,1045.129433,-4.7646102,0.12670465,4.1359199,0,ceq,C2019
0.008,0.043754794,974.4748664,-4.90043945,0.12464606,4.15014781,0,ceq,C2019
0.008,0.055410203,911.1071036,-5.03007,0.12281743,4.16298487,0,ceq,C2019
0.008,0.070170383,848.8403777,-5.1647097,0.12117885,4.17465075,0,ceq,C2019
0.008,0.088862382,788.8702939,-5.30258089,0.11971178,4.18523092,0,ceq,C2019
0.008,0.112533558,735.2313022,-5.43464098,0.11837736,4.1949671,0,ceq,C2019
0.008,0.142510267,686.5700479,-5.56247452,0.11717515,4.20383351,0,ceq,C2019
0.008,0.180472177,645.1012628,-5.67897134,0.11606493,4.21210245,0,ceq,C2019
0.008,0.228546386,605.9064753,-5.79563248,0.11502629,4.21991013,0,ceq,C2019
0.008,0.289426612,570.5240713,-5.90772451,0.11403024,4.22746431,0,ceq,C2019
0.008,0.366524124,536.3004396,-6.02256885,0.11306578,4.23484195,0,ceq,C2019
0.008,0.464158883,504.1786373,-6.1370745,0.11213312,4.2420366,0,ceq,C2019
0.008,0.587801607,472.6249893,-6.25622656,0.11124508,4.24894271,0,ceq,C2019
0.008,0.744380301,442.7535679,-6.37623721,0.1104065,4.25551498,0,ceq,C2019
0.008,0.942668455,415.7022982,-6.49209859,0.1096011,4.26187449,0,ceq,C2019
0.008,1.19377664,390.5313292,-6.60673493,0.10883133,4.26799644,0,ceq,C2019
0.008,1.51177507,367.563721,-6.71804044,0.10808057,4.27400901,0,ceq,C2019
0.008,1.91448198,346.5102286,-6.82633199,0.10735756,4.27983893,0,ceq,C2019
0.008,2.42446202,331.907887,-6.90709184,0.1066219,4.28581137,0,ceq,C2019
0.008,3.07029063,315.5604294,-7.00097435,0.10586941,4.29196325,0,ceq,C2019
0.008,3.88815518,298.201819,-7.10540079,0.1051243,4.29809799,0,ceq,C2019
0.008,4.92388263,283.593622,-7.1987704,0.10438627,4.30421745,0,ceq,C2019
0.008,6.23550734,268.5343833,-7.2996953,0.10365205,4.31034842,0,ceq,C2019
0.008,7.89652287,252.6996585,-7.41128607,0.1029369,4.31636203,0,ceq,C2019
0.008,10,242.5463544,-7.48850741,0.10223104,4.3223387,0,ceq,C2019
0.009,0.001,2318.143887,-2.80648087,0.24541532,3.61285595,0,ceq,C2019
0.009,0.00126638,2282.640399,-2.88995764,0.22991469,3.66952592,0,ceq,C2019
0.009,0.001603719,2239.562815,-2.97890871,0.21559544,3.72537989,0,ceq,C2019
0.009,0.002030918,2195.941412,-3.06600836,0.2028554,3.77828562,0,ceq,C2019
0.009,0.002571914,2132.765531,-3.16840681,0.19113454,3.82997853,0,ceq,C2019
0.009,0.003257021,2063.501661,-3.27383571,0.18083945,3.87807155,0,ceq,C2019
0.009,0.004124626,1989.745038,-3.38213253,0.17169932,3.92312089,0,ceq,C2019
0.009,0.005223345,1907.279786,-3.49786017,0.163556,3.96532495,0,ceq,C2019
0.009,0.006614741,1818.598984,-3.6202049,0.15626267,4.00494819,0,ceq,C2019
0.009,0.008376776,1718.604618,-3.75459746,0.14989454,4.04108688,0,ceq,C2019
0.009,0.010608184,1620.575735,-3.88834305,0.14451746,4.07281785,0,ceq,C2019
0.009,0.013433993,1529.628803,-4.01790936,0.13973066,4.10207337,0,ceq,C2019
0.009,0.017012543,1403.299862,-4.19414144,0.13553454,4.12855692,0,ceq,C2019
0.009,0.021544347,1312.318044,-4.33271515,0.1321292,4.15066011,0,ceq,C2019
0.009,0.027283334,1219.613739,-4.47975233,0.12915587,4.17042863,0,ceq,C2019
0.009,0.034551073,1131.24448,-4.62794596,0.12657544,4.1879582,0,ceq,C2019
0.009,0.043754794,1051.705608,-4.77011938,0.12433551,4.20346699,0,ceq,C2019
0.009,0.055410203,980.3530564,-4.90595949,0.122372,4.2172929,0,ceq,C2019
0.009,0.070170383,917.5252328,-5.03353752,0.12062251,4.22980061,0,ceq,C2019
0.009,0.088862382,854.4264578,-5.16877365,0.11904364,4.24124479,0,ceq,C2019
0.009,0.112533558,792.214447,-5.31046399,0.11762864,4.25163067,0,ceq,C2019
0.009,0.142510267,738.1424893,-5.44273942,0.11635714,4.26107108,0,ceq,C2019
0.009,0.180472177,689.965056,-5.56858472,0.11521067,4.26967162,0,ceq,C2019
0.009,0.228546386,649.958384,-5.6804428,0.11414145,4.27776998,0,ceq,C2019
0.009,0.289426612,610.9741957,-5.79562011,0.11312695,4.28552473,0,ceq,C2019
0.009,0.366524124,573.0018067,-5.91462298,0.11215453,4.29302333,0,ceq,C2019
0.009,0.464158883,537.4663907,-6.03304307,0.11122641,4.30024106,0,ceq,C2019
0.009,0.587801607,506.0199381,-6.1448102,0.11033054,4.3072653,0,ceq,C2019
0.009,0.744380301,474.4989388,-6.26327993,0.10947548,4.31402301,0,ceq,C2019
0.009,0.942668455,444.0944734,-6.38475551,0.10866749,4.32045751,0,ceq,C2019
0.009,1.19377664,416.5741153,-6.50211039,0.1078919,4.32667913,0,ceq,C2019
0.009,1.51177507,390.8216869,-6.61892342,0.10715338,4.33264504,0,ceq,C2019
0.009,1.91448198,367.6368534,-6.73099176,0.10643617,4.33847825,0,ceq,C2019
0.009,2.42446202,346.5376772,-6.83930058,0.10574709,4.3441199,0,ceq,C2019
0.009,3.07029063,331.7256156,-6.92095825,0.10504641,4.34989429,0,ceq,C2019
0.009,3.88815518,315.0043432,-7.01675771,0.10433198,4.35582181,0,ceq,C2019
0.009,4.92388263,297.8553719,-7.11987028,0.10362679,4.36171263,0,ceq,C2019
0.009,6.23550734,283.5514298,-7.211262,0.10292509,4.36761427,0,ceq,C2019
0.009,7.89652287,268.5127664,-7.31186884,0.10222462,4.37354571,0,ceq,C2019
0.009,10,252.9481652,-7.42141167,0.10154377,4.37935018,0,ceq,C2019
0.01,0.001,2373.799371,-2.73116221,0.25524582,3.62449777,0,ceq,C2019
0.01,0.00126638,2342.617306,-2.81151807,0.23893149,3.6818687,0,ceq,C2019
0.01,0.001603719,2305.051126,-2.89624198,0.22384583,3.73851728,0,ceq,C2019
0.01,0.002030918,2260.759835,-2.98545302,0.20998425,3.79404101,0,ceq,C2019
0.01,0.002571914,2218.115275,-3.07104019,0.19766745,3.84654627,0,ceq,C2019
0.01,0.003257021,2156.493528,-3.17189849,0.18619985,3.89845782,0,ceq,C2019
0.01,0.004124626,2081.975575,-3.28079579,0.1762291,3.94626095,0,ceq,C2019
0.01,0.005223345,2008.047936,-3.38823656,0.16740553,3.99087636,0,ceq,C2019
0.01,0.006614741,1923.080816,-3.50539352,0.15949105,4.03294339,0,ceq,C2019
0.01,0.008376776,1832.018287,-3.62870459,0.15248068,4.07198498,0,ceq,C2019
0.01,0.010608184,1728.581802,-3.76511548,0.14637914,4.10745599,0,ceq,C2019
0.01,0.013433993,1631.052529,-3.89683619,0.14127912,4.13825947,0,ceq,C2019
0.01,0.017012543,1533.646809,-4.03246448,0.13669154,4.16693207,0,ceq,C2019
0.01,0.021544347,1409.946824,-4.20409006,0.13273616,4.19243639,0,ceq,C2019
0.01,0.027283334,1316.883902,-4.3440439,0.12951107,4.21380088,0,ceq,C2019
0.01,0.034551073,1223.480523,-4.49106338,0.12667893,4.23300618,0,ceq,C2019
0.01,0.043754794,1134.721192,-4.63893635,0.12422036,4.25002939,0,ceq,C2019
0.01,0.055410203,1054.52238,-4.78129423,0.12208633,4.26508017,0,ceq,C2019
0.01,0.070170383,983.4503483,-4.91590954,0.12021916,4.27846709,0,ceq,C2019
0.01,0.088862382,921.189798,-5.04173367,0.11854029,4.29068269,0,ceq,C2019
0.01,0.112533558,857.022788,-5.17845193,0.11701388,4.30193996,0,ceq,C2019
0.01,0.142510267,793.2886169,-5.32283165,0.11565061,4.31211863,0,ceq,C2019
0.01,0.180472177,739.2941844,-5.45451863,0.11443241,4.32131653,0,ceq,C2019
0.01,0.228546386,691.8664427,-5.57806138,0.11333388,4.32969502,0,ceq,C2019
0.01,0.289426612,652.7275713,-5.68718964,0.11229544,4.33769007,0,ceq,C2019
0.01,0.366524124,612.9990542,-5.80407003,0.11129812,4.34543874,0,ceq,C2019
0.01,0.464158883,572.6249933,-5.92986455,0.11034689,4.35289408,0,ceq,C2019
0.01,0.587801607,536.582474,-6.04985358,0.10945507,4.35994255,0,ceq,C2019
0.01,0.744380301,505.87182,-6.15908126,0.1085944,4.36679948,0,ceq,C2019
0.01,0.942668455,474.2094209,-6.27799406,0.10776793,4.37343524,0,ceq,C2019
0.01,1.19377664,443.3050379,-6.40138781,0.10698573,4.37976262,0,ceq,C2019
0.01,1.51177507,415.0775734,-6.52177407,0.10623848,4.38585059,0,ceq,C2019
0.01,1.91448198,389.2202595,-6.63930881,0.10553057,4.39165766,0,ceq,C2019
0.01,2.42446202,365.8501411,-6.75254453,0.1048448,4.39732041,0,ceq,C2019
0.01,3.07029063,345.4206214,-6.8578458,0.10418521,4.40280213,0,ceq,C2019
0.01,3.88815518,330.1202535,-6.94218646,0.10351301,4.40842439,0,ceq,C2019
0.01,4.92388263,313.0429193,-7.04016219,0.10283191,4.41415846,0,ceq,C2019
0.01,6.23550734,296.4900907,-7.1402344,0.10216101,4.41984388,0,ceq,C2019
0.01,7.89652287,282.3621211,-7.23080108,0.10148924,4.42557427,0,ceq,C2019
0.01,10,267.1490005,-7.33280979,0.10081609,4.43135452,0,ceq,C2019
0.011,0.001,2425.596302,-2.66082176,0.26507946,3.63305626,0,ceq,C2019
0.011,0.00126638,2393.848584,-2.74314454,0.24755152,3.69247787,0,ceq,C2019
0.011,0.001603719,2361.788553,-2.82363855,0.23180621,3.74955869,0,ceq,C2019
0.011,0.002030918,2321.905184,-2.90983084,0.21718094,3.80616582,0,ceq,C2019
0.011,0.002571914,2276.355686,-2.99902914,0.20391038,3.86093067,0,ceq,C2019
0.011,0.003257021,2233.383566,-3.08422175,0.19203411,3.91305035,0,ceq,C2019
0.011,0.004124626,2173.758507,-3.18274592,0.18098205,3.96453661,0,ceq,C2019
0.011,0.005223345,2093.075827,-3.29550562,0.17143394,4.01161336,0,ceq,C2019
0.011,0.006614741,2018.722279,-3.40167495,0.16309137,4.05494685,0,ceq,C2019
0.011,0.008376776,1932.427163,-3.51851951,0.15558052,4.09589792,0,ceq,C2019
0.011,0.010608184,1842.407734,-3.63871642,0.14903516,4.13323127,0,ceq,C2019
0.011,0.013433993,1741.206642,-3.77068484,0.14334444,4.16704628,0,ceq,C2019
0.011,0.017012543,1645.277562,-3.89844812,0.13858877,4.19635253,0,ceq,C2019
0.011,0.021544347,1545.415204,-4.03463366,0.13428353,4.22376144,0,ceq,C2019
0.011,0.027283334,1429.134866,-4.1948073,0.13058089,4.24804863,0,ceq,C2019
0.011,0.034551073,1333.882601,-4.33508651,0.12754339,4.26849145,0,ceq,C2019
0.011,0.043754794,1242.512516,-4.47695102,0.12484309,4.28707871,0,ceq,C2019
0.011,0.055410203,1154.06865,-4.621854,0.12247442,4.30371693,0,ceq,C2019
0.011,0.070170383,1072.614574,-4.76378115,0.12040542,4.31851511,0,ceq,C2019
0.011,0.088862382,999.9111669,-4.89897172,0.11858265,4.33176506,0,ceq,C2019
0.011,0.112533558,937.5119261,-5.02309719,0.11693015,4.34395413,0,ceq,C2019
0.011,0.142510267,872.5610552,-5.15923694,0.1154092,4.35532652,0,ceq,C2019
0.011,0.180472177,805.9014847,-5.30755041,0.11405061,4.3656121,0,ceq,C2019
0.011,0.228546386,750.1041895,-5.44141527,0.11284429,4.37484778,0,ceq,C2019
0.011,0.289426612,700.58388,-5.56845299,0.11175587,4.38326631,0,ceq,C2019
0.011,0.366524124,661.0934,-5.6773459,0.11072173,4.39134139,0,ceq,C2019
0.011,0.464158883,619.8583777,-5.79714543,0.1097166,4.39926241,0,ceq,C2019
0.011,0.587801607,576.8704152,-5.92958507,0.10876552,4.40682459,0,ceq,C2019
0.011,0.744380301,538.7243961,-6.05544972,0.10788643,4.41387332,0,ceq,C2019
0.011,0.942668455,507.998442,-6.16435726,0.10703527,4.42075321,0,ceq,C2019
0.011,1.19377664,475.3231696,-6.28658121,0.10620959,4.42747949,0,ceq,C2019
0.011,1.51177507,442.8512412,-6.41588488,0.10542974,4.4338807,0,ceq,C2019
0.011,1.91448198,413.3531692,-6.54174434,0.10469113,4.43998716,0,ceq,C2019
0.011,2.42446202,387.103531,-6.66150962,0.10399639,4.44577038,0,ceq,C2019
0.011,3.07029063,363.2679814,-6.7775154,0.10332652,4.45138329,0,ceq,C2019
0.011,3.88815518,343.4831412,-6.88022558,0.10268321,4.45680806,0,ceq,C2019
0.011,4.92388263,327.3978084,-6.96911806,0.10202769,4.46237077,0,ceq,C2019
0.011,6.23550734,310.0675507,-7.06920256,0.10136934,4.46799368,0,ceq,C2019
0.011,7.89652287,294.196174,-7.16606303,0.10071955,4.47357936,0,ceq,C2019
0.011,10,279.7813527,-7.25902529,0.10006323,4.4792579,0,ceq,C2019
0.012,0.001,2472.263436,-2.60175079,0.27312089,3.64488668,0,ceq,C2019
0.012,0.00126638,2437.936906,-2.686357,0.25479947,3.70520125,0,ceq,C2019
0.012,0.001603719,2407.751245,-2.7655189,0.23847412,3.76271571,0,ceq,C2019
0.012,0.002030918,2375.110751,-2.84522154,0.22358282,3.81872112,0,ceq,C2019
0.012,0.002571914,2331.825353,-2.93301584,0.20966547,3.87454415,0,ceq,C2019
0.012,0.003257021,2286.890091,-3.01958104,0.19730926,3.92730205,0,ceq,C2019
0.012,0.004124626,2243.370697,-3.1038303,0.18608534,3.97817339,0,ceq,C2019
0.012,0.005223345,2184.616729,-3.19899891,0.17586534,4.02723543,0,ceq,C2019
0.012,0.006614741,2103.583038,-3.30857995,0.16719077,4.0711729,0,ceq,C2019
0.012,0.008376776,2034.400339,-3.40602247,0.15978612,4.11051834,0,ceq,C2019
0.012,0.010608184,1957.635511,-3.5092467,0.15322787,4.14692166,0,ceq,C2019
0.012,0.013433993,1877.585792,-3.61406229,0.14763503,4.17921836,0,ceq,C2019
0.012,0.017012543,1798.930768,-3.71762642,0.14275439,4.20841662,0,ceq,C2019
0.012,0.021544347,1711.46168,-3.82972064,0.13862417,4.23391928,0,ceq,C2019
0.012,0.027283334,1630.254235,-3.93758672,0.13493417,4.25735285,0,ceq,C2019
0.012,0.034551073,1540.908566,-4.05799872,0.13148782,4.27982544,0,ceq,C2019
0.012,0.043754794,1442.492574,-4.1927992,0.12846813,4.30000476,0,ceq,C2019
0.012,0.055410203,1355.398653,-4.3186283,0.12588875,4.3176226,0,ceq,C2019
0.012,0.070170383,1271.855967,-4.44607026,0.12345943,4.33454777,0,ceq,C2019
0.012,0.088862382,1186.616868,-4.5824636,0.12122004,4.35044704,0,ceq,C2019
0.012,0.112533558,1103.875714,-4.72273658,0.11918895,4.36512408,0,ceq,C2019
0.012,0.142510267,1029.02745,-4.85827606,0.11733881,4.37871225,0,ceq,C2019
0.012,0.180472177,960.3759585,-4.99104612,0.11561595,4.39156013,0,ceq,C2019
0.012,0.228546386,890.6718779,-5.13433891,0.11397616,4.40396756,0,ceq,C2019
0.012,0.289426612,816.6695558,-5.29632614,0.11251138,4.41520298,0,ceq,C2019
0.012,0.366524124,754.9609388,-5.44274691,0.11122935,4.42515711,0,ceq,C2019
0.012,0.464158883,700.5480342,-5.58187525,0.11005576,4.43437006,0,ceq,C2019
0.012,0.587801607,655.651859,-5.70599444,0.10891677,4.44340615,0,ceq,C2019
0.012,0.744380301,607.1643107,-5.84829749,0.10781468,4.45223988,0,ceq,C2019
0.012,0.942668455,557.4043023,-6.00495614,0.10681265,4.46035024,0,ceq,C2019
0.012,1.19377664,521.8403453,-6.12701495,0.10588746,4.46790645,0,ceq,C2019
0.012,1.51177507,486.8349267,-6.25504119,0.10498718,4.47532298,0,ceq,C2019
0.012,1.91448198,449.6615712,-6.40000814,0.10414837,4.48229054,0,ceq,C2019
0.012,2.42446202,417.7752556,-6.53426577,0.10337518,4.48876291,0,ceq,C2019
0.012,3.07029063,389.0976954,-6.6637956,0.10266112,4.49478352,0,ceq,C2019
0.012,3.88815518,364.1215645,-6.78482587,0.1019807,4.50055947,0,ceq,C2019
0.012,4.92388263,343.2314266,-6.89301451,0.10133227,4.5060999,0,ceq,C2019
0.012,6.23550734,326.3538642,-6.98622976,0.10067635,4.51174055,0,ceq,C2019
0.012,7.89652287,308.6602651,-7.08875088,0.10002106,4.51741259,0,ceq,C2019
0.012,10,292.8535486,-7.18568078,0.09937447,4.52304581,0,ceq,C2019
0.013,0.001,2518.903022,-2.53251045,0.28493347,3.64287355,0,ceq,C2019
0.013,0.00126638,2487.257673,-2.61803841,0.26482872,3.70643,0,ceq,C2019
0.013,0.001603719,2452.170729,-2.70342552,0.24694927,3.76714485,0,ceq,C2019
0.013,0.002030918,2421.754803,-2.7828011,0.23108128,3.82483067,0,ceq,C2019
0.013,0.002571914,2387.93147,-2.86337758,0.21662278,3.88095195,0,ceq,C2019
0.013,0.003257021,2342.220168,-2.95191486,0.20333495,3.93593578,0,ceq,C2019
0.013,0.004124626,2298.990651,-3.03432791,0.19195314,3.98596903,0,ceq,C2019
0.013,0.005223345,2255.821409,-3.11414683,0.18186046,4.03288302,0,ceq,C2019
0.013,0.006614741,2206.835804,-3.19427112,0.17328262,4.07484886,0,ceq,C2019
0.013,0.008376776,2146.071131,-3.27778601,0.16643609,4.10986453,0,ceq,C2019
0.013,0.010608184,2091.364637,-3.35093633,0.16109864,4.1381746,0,ceq,C2019
0.013,0.013433993,2048.813742,-3.41038829,0.15675619,4.16190933,0,ceq,C2019
0.013,0.017012543,2006.726497,-3.46773689,0.15296072,4.18319818,0,ceq,C2019
0.013,0.021544347,1959.838756,-3.52851966,0.14952768,4.20291507,0,ceq,C2019
0.013,0.027283334,1908.925798,-3.59367878,0.14622013,4.22234388,0,ceq,C2019
0.013,0.034551073,1852.626463,-3.66712894,0.14265326,4.24379451,0,ceq,C2019
0.013,0.043754794,1779.318581,-3.76205158,0.13864347,4.26855931,0,ceq,C2019
0.013,0.055410203,1682.510629,-3.88634104,0.13438191,4.29567682,0,ceq,C2019
0.013,0.070170383,1562.362528,-4.04502768,0.12982333,4.32565301,0,ceq,C2019
0.013,0.088862382,1420.993742,-4.23825125,0.1256387,4.35411121,0,ceq,C2019
0.013,0.112533558,1294.181378,-4.42595979,0.12202962,4.37942736,0,ceq,C2019
0.013,0.142510267,1170.71298,-4.62287966,0.11887434,4.40218157,0,ceq,C2019
0.013,0.180472177,1060.307069,-4.81427704,0.11625847,4.42150875,0,ceq,C2019
0.013,0.228546386,968.4533715,-4.98839856,0.11404707,4.43818989,0,ceq,C2019
0.013,0.289426612,882.159345,-5.16538868,0.11211243,4.45305033,0,ceq,C2019
0.013,0.366524124,798.3873815,-5.35118287,0.11051441,4.46552015,0,ceq,C2019
0.013,0.464158883,734.513127,-5.50665152,0.10916994,4.47615143,0,ceq,C2019
0.013,0.587801607,680.937625,-5.64784157,0.10796707,4.48577506,0,ceq,C2019
0.013,0.744380301,631.7955499,-5.78719107,0.10682888,4.49498045,0,ceq,C2019
0.013,0.942668455,581.1528557,-5.94078565,0.10579613,4.50341816,0,ceq,C2019
0.013,1.19377664,538.2071222,-6.08163718,0.10488463,4.51093397,0,ceq,C2019
0.013,1.51177507,505.3972605,-6.1981806,0.10400862,4.51821896,0,ceq,C2019
0.013,1.91448198,468.9537393,-6.33519243,0.1031756,4.52520358,0,ceq,C2019
0.013,2.42446202,434.7722467,-6.47306739,0.10241511,4.53162951,0,ceq,C2019
0.013,3.07029063,403.4457956,-6.60897335,0.10171251,4.53760888,0,ceq,C2019
0.013,3.88815518,378.9568816,-6.72338424,0.10105381,4.54325216,0,ceq,C2019
0.013,4.92388263,354.6997072,-6.84375429,0.10042,4.54871717,0,ceq,C2019
0.013,6.23550734,337.1333535,-6.93733075,0.09980377,4.55406368,0,ceq,C2019
0.013,7.89652287,320.1166757,-7.03278496,0.09917838,4.55952355,0,ceq,C2019
0.013,10,302.8082891,-7.13481707,0.09855624,4.56498933,0,ceq,C2019
0.014,0.001,2555.247644,-2.47846814,0.29465816,3.64590621,0,ceq,C2019
0.014,0.00126638,2528.977406,-2.56070985,0.2736421,3.71017768,0,ceq,C2019
0.014,0.001603719,2495.667032,-2.64626671,0.25463132,3.77272082,0,ceq,C2019
0.014,0.002030918,2462.080952,-2.72904553,0.23784934,3.83194018,0,ceq,C2019
0.014,0.002571914,2432.213331,-2.80625048,0.22299467,3.88795581,0,ceq,C2019
0.014,0.003257021,2397.103746,-2.88516368,0.20963519,3.94161531,0,ceq,C2019
0.014,0.004124626,2354.03116,-2.96576278,0.19811319,3.99071637,0,ceq,C2019
0.014,0.005223345,2318.35935,-3.03280703,0.18908839,4.03121318,0,ceq,C2019
0.014,0.006614741,2287.488219,-3.08902502,0.18205377,4.06414493,0,ceq,C2019
0.014,0.008376776,2259.802573,-3.13574489,0.17677115,4.08972047,0,ceq,C2019
0.014,0.010608184,2236.631937,-3.17315453,0.17284752,4.1092166,0,ceq,C2019
0.014,0.013433993,2216.520877,-3.20470806,0.16971773,4.12508851,0,ceq,C2019
0.014,0.017012543,2195.337677,-3.23620229,0.16684479,4.13991864,0,ceq,C2019
0.014,0.021544347,2166.275092,-3.27489106,0.16389047,4.15544052,0,ceq,C2019
0.014,0.027283334,2127.313777,-3.32624703,0.16019427,4.17525333,0,ceq,C2019
0.014,0.034551073,2074.66226,-3.39752245,0.15515702,4.20300263,0,ceq,C2019
0.014,0.043754794,1979.953811,-3.52336547,0.14737887,4.24767308,0,ceq,C2019
0.014,0.055410203,1823.697011,-3.723352,0.13798779,4.30486187,0,ceq,C2019
0.014,0.070170383,1620.560251,-3.98354728,0.12951928,4.35987459,0,ceq,C2019
0.014,0.088862382,1411.349222,-4.26621875,0.12332428,4.40244527,0,ceq,C2019
0.014,0.112533558,1253.953733,-4.50204263,0.11908181,4.43285212,0,ceq,C2019
0.014,0.142510267,1119.918199,-4.72184502,0.11591467,4.45626605,0,ceq,C2019
0.014,0.180472177,1015.497989,-4.91014319,0.11350122,4.47454126,0,ceq,C2019
0.014,0.228546386,931.6832584,-5.0748719,0.11154813,4.48961822,0,ceq,C2019
0.014,0.289426612,848.8574679,-5.24946479,0.10991248,4.50244866,0,ceq,C2019
0.014,0.366524124,779.2399027,-5.40872777,0.10857229,4.51310431,0,ceq,C2019
0.014,0.464158883,723.7507174,-5.54642693,0.10741139,4.52244194,0,ceq,C2019
0.014,0.587801607,675.7570385,-5.67425845,0.1063464,4.53109688,0,ceq,C2019
0.014,0.744380301,630.02804,-5.80424988,0.10533986,4.53935699,0,ceq,C2019
0.014,0.942668455,583.9145113,-5.94386291,0.10442224,4.54695627,0,ceq,C2019
0.014,1.19377664,542.6742293,-6.07797462,0.10359898,4.55383134,0,ceq,C2019
0.014,1.51177507,511.8488899,-6.18623018,0.10280634,4.56050245,0,ceq,C2019
0.014,1.91448198,478.0813721,-6.31127307,0.10204281,4.56697747,0,ceq,C2019
0.014,2.42446202,444.2900077,-6.44466094,0.10133661,4.57300952,0,ceq,C2019
0.014,3.07029063,414.5143685,-6.57081745,0.10067846,4.57866913,0,ceq,C2019
0.014,3.88815518,388.8751412,-6.6870573,0.10006207,4.58400327,0,ceq,C2019
0.014,4.92388263,366.2142741,-6.79659047,0.09946163,4.58923109,0,ceq,C2019
0.014,6.23550734,345.2974684,-6.90382491,0.09888318,4.5942974,0,ceq,C2019
0.014,7.89652287,329.3149795,-6.99129282,0.0983012,4.59942459,0,ceq,C2019
0.014,10,312.6886494,-7.08650072,0.09771096,4.60465574,0,ceq,C2019
0.015,0.001,2588.33974,-2.42857206,0.3041562,3.64831508,0,ceq,C2019
0.015,0.00126638,2564.958476,-2.50908196,0.28230887,3.71305919,0,ceq,C2019
0.015,0.001603719,2535.879439,-2.59227117,0.26244363,3.77643523,0,ceq,C2019
0.015,0.002030918,2502.220311,-2.67607798,0.24475687,3.83703819,0,ceq,C2019
0.015,0.002571914,2471.339166,-2.75376124,0.22944586,3.89314768,0,ceq,C2019
0.015,0.003257021,2443.239586,-2.82432066,0.21643512,3.94385238,0,ceq,C2019
0.015,0.004124626,2412.984739,-2.88971698,0.20580213,3.98760709,0,ceq,C2019
0.015,0.005223345,2383.605165,-2.9444493,0.19803236,4.02103478,0,ceq,C2019
0.015,0.006614741,2362.554724,-2.98269069,0.19289504,4.0438635,0,ceq,C2019
0.015,0.008376776,2348.459678,-3.00891409,0.18940581,4.0597197,0,ceq,C2019
0.015,0.010608184,2337.429233,-3.02974997,0.18666927,4.07236022,0,ceq,C2019
0.015,0.013433993,2325.974164,-3.05098985,0.18396227,4.08505113,0,ceq,C2019
0.015,0.017012543,2309.638977,-3.08003572,0.18043732,4.10185313,0,ceq,C2019
0.015,0.021544347,2282.441102,-3.12564082,0.17530844,4.12690009,0,ceq,C2019
0.015,0.027283334,2232.966382,-3.20374813,0.16741053,4.16694009,0,ceq,C2019
0.015,0.034551073,2116.849347,-3.36228699,0.15520596,4.23269024,0,ceq,C2019
0.015,0.043754794,1936.548185,-3.59669848,0.14158585,4.31246652,0,ceq,C2019
0.015,0.055410203,1730.678629,-3.85818519,0.13119017,4.37870389,0,ceq,C2019
0.015,0.070170383,1523.684622,-4.12620945,0.12431826,4.4254363,0,ceq,C2019
0.015,0.088862382,1353.869757,-4.36321109,0.11985892,4.45716549,0,ceq,C2019
0.015,0.112533558,1219.995686,-4.56854299,0.116534,4.48160088,0,ceq,C2019
0.015,0.142510267,1106.863388,-4.75687132,0.11397658,4.50087481,0,ceq,C2019
0.015,0.180472177,1017.379986,-4.91888259,0.11194809,4.51647216,0,ceq,C2019
0.015,0.228546386,940.8669728,-5.06807883,0.11023865,4.52983816,0,ceq,C2019
0.015,0.289426612,865.3524434,-5.22520572,0.10875595,4.54159978,0,ceq,C2019
0.015,0.366524124,798.5347197,-5.37485397,0.10750185,4.55167401,0,ceq,C2019
0.015,0.464158883,745.4549241,-5.50334293,0.1063947,4.56066581,0,ceq,C2019
0.015,0.587801607,695.0392873,-5.63334283,0.10537481,4.56903206,0,ceq,C2019
0.015,0.744380301,651.236945,-5.75444452,0.10440584,4.57705604,0,ceq,C2019
0.015,0.942668455,606.8924702,-5.88450351,0.10350565,4.58457748,0,ceq,C2019
0.015,1.19377664,562.9232041,-6.02203377,0.10268513,4.59149045,0,ceq,C2019
0.015,1.51177507,528.9762729,-6.13658114,0.10192155,4.59797348,0,ceq,C2019
0.015,1.91448198,496.9857519,-6.25133125,0.10117566,4.60435337,0,ceq,C2019
0.015,2.42446202,462.5803745,-6.38200237,0.10047183,4.61041687,0,ceq,C2019
0.015,3.07029063,431.353036,-6.50906712,0.09982081,4.61606335,0,ceq,C2019
0.015,3.88815518,402.092278,-6.6364313,0.09921067,4.62138869,0,ceq,C2019
0.015,4.92388263,380.0336009,-6.73956362,0.09862686,4.62651505,0,ceq,C2019
0.015,6.23550734,357.2411926,-6.85206058,0.09805513,4.63156489,0,ceq,C2019
0.015,7.89652287,339.3716062,-6.94615043,0.09749922,4.63650318,0,ceq,C2019
0.015,10,323.2296637,-7.03586167,0.0969329,4.64156307,0,ceq,C2019
0.016,0.001,2616.976762,-2.38326271,0.31347204,3.65013872,0,ceq,C2019
0.016,0.00126638,2597.487477,-2.4614245,0.29080097,3.71534356,0,ceq,C2019
0.016,0.001603719,2572.192947,-2.54215114,0.27023554,3.77905106,0,ceq,C2019
0.016,0.002030918,2540.587001,-2.62470657,0.25188666,3.84012472,0,ceq,C2019
0.016,0.002571914,2509.27593,-2.70173449,0.23630034,3.89560644,0,ceq,C2019
0.016,0.003257021,2484.375075,-2.76585523,0.22390398,3.94241166,0,ceq,C2019
0.016,0.004124626,2464.646863,-2.81529407,0.21491729,3.97799338,0,ceq,C2019
0.016,0.005223345,2449.276769,-2.85057298,0.20895903,4.00241238,0,ceq,C2019
0.016,0.006614741,2437.428662,-2.87500846,0.20514203,4.01842601,0,ceq,C2019
0.016,0.008376776,2427.901354,-2.89365524,0.20236339,4.03027121,0,ceq,C2019
0.016,0.010608184,2417.824897,-2.91267044,0.19963845,4.04204619,0,ceq,C2019
0.016,0.013433993,2403.196296,-2.93950508,0.19592729,4.0583456,0,ceq,C2019
0.016,0.017012543,2380.428467,-2.9806836,0.19044603,4.08299152,0,ceq,C2019
0.016,0.021544347,2342.382061,-3.05155731,0.18127171,4.12587532,0,ceq,C2019
0.016,0.027283334,2253.220956,-3.19633727,0.16582826,4.20321753,0,ceq,C2019
0.016,0.034551073,2076.674168,-3.43613964,0.14811857,4.30131569,0,ceq,C2019
0.016,0.043754794,1875.735696,-3.68938175,0.13564374,4.37773639,0,ceq,C2019
0.016,0.055410203,1693.594498,-3.91908744,0.12771992,4.43001715,0,ceq,C2019
0.016,0.070170383,1517.048809,-4.14832975,0.12225295,4.46801618,0,ceq,C2019
0.016,0.088862382,1365.245922,-4.35903938,0.11843552,4.49557072,0,ceq,C2019
0.016,0.112533558,1243.603457,-4.54340814,0.11544181,4.51780852,0,ceq,C2019
0.016,0.142510267,1136.458661,-4.7181554,0.11304273,4.53604951,0,ceq,C2019
0.016,0.180472177,1047.805701,-4.87429598,0.11110342,4.55107995,0,ceq,C2019
0.016,0.228546386,970.9064884,-5.01974423,0.10944696,4.56412697,0,ceq,C2019
0.016,0.289426612,898.8845101,-5.16533824,0.10798516,4.5758065,0,ceq,C2019
0.016,0.366524124,830.797184,-5.3124193,0.10671741,4.58606408,0,ceq,C2019
0.016,0.464158883,774.855014,-5.44261526,0.10560525,4.59516339,0,ceq,C2019
0.016,0.587801607,723.7380029,-5.56963367,0.10457884,4.60364662,0,ceq,C2019
0.016,0.744380301,676.4035868,-5.69517032,0.10361941,4.61165225,0,ceq,C2019
0.016,0.942668455,632.1148848,-5.82041529,0.10271293,4.61928403,0,ceq,C2019
0.016,1.19377664,588.6838975,-5.95117638,0.1018778,4.62637512,0,ceq,C2019
0.016,1.51177507,547.2400413,-6.08454686,0.10111201,4.63292876,0,ceq,C2019
0.016,1.91448198,515.9165182,-6.19326093,0.10037764,4.63926032,0,ceq,C2019
0.016,2.42446202,482.3714457,-6.31618767,0.09967151,4.64539219,0,ceq,C2019
0.016,3.07029063,448.3378022,-6.44903308,0.09901572,4.65112593,0,ceq,C2019
0.016,3.88815518,419.0223834,-6.57188777,0.0984041,4.65650784,0,ceq,C2019
0.016,4.92388263,392.8624943,-6.68895483,0.0978292,4.66159716,0,ceq,C2019
0.016,6.23550734,371.0422119,-6.7932175,0.09726587,4.66661326,0,ceq,C2019
0.016,7.89652287,348.7998259,-6.90551425,0.0967187,4.67151329,0,ceq,C2019
0.016,10,333.1826052,-6.99001022,0.09617508,4.67640912,0,ceq,C2019
0.017,0.001,2643.489594,-2.34072037,0.32263395,3.65144364,0,ceq,C2019
0.017,0.00126638,2624.504555,-2.41898516,0.29911824,3.71718007,0,ceq,C2019
0.017,0.001603719,2604.126356,-2.49620764,0.27797063,3.7808678,0,ceq,C2019
0.017,0.002030918,2577.558735,-2.57451063,0.25926723,3.84137017,0,ceq,C2019
0.017,0.002571914,2547.505473,-2.64837145,0.24378899,3.89483724,0,ceq,C2019
0.017,0.003257021,2524.123035,-2.70585237,0.23242523,3.93629899,0,ceq,C2019
0.017,0.004124626,2509.692975,-2.74365075,0.22508697,3.96416245,0,ceq,C2019
0.017,0.005223345,2500.975243,-2.76705865,0.22063852,3.98150098,0,ceq,C2019
0.017,0.006614741,2494.681485,-2.78305982,0.21769985,3.99314828,0,ceq,C2019
0.017,0.008376776,2488.564873,-2.79816469,0.2149989,4.00399252,0,ceq,C2019
0.017,0.010608184,2479.694181,-2.81903233,0.21140695,4.0186261,0,ceq,C2019
0.017,0.013433993,2464.6403,-2.85220813,0.20597352,4.04124218,0,ceq,C2019
0.017,0.017012543,2432.953886,-2.91394428,0.19687007,4.0805045,0,ceq,C2019
0.017,0.021544347,2366.752401,-3.03616222,0.18073443,4.15478223,0,ceq,C2019
0.017,0.027283334,2230.048111,-3.25215192,0.15875239,4.26742334,0,ceq,C2019
0.017,0.034551073,2056.119259,-3.48140231,0.14342648,4.35560583,0,ceq,C2019
0.017,0.043754794,1879.144817,-3.70044245,0.13343954,4.41829548,0,ceq,C2019
0.017,0.055410203,1717.747398,-3.90337227,0.12642413,4.46520441,0,ceq,C2019
0.017,0.070170383,1548.590627,-4.11899009,0.12135665,4.50073692,0,ceq,C2019
0.017,0.088862382,1401.872224,-4.31852427,0.11769204,4.52736967,0,ceq,C2019
0.017,0.112533558,1281.918933,-4.49566319,0.11478361,4.54910345,0,ceq,C2019
0.017,0.142510267,1177.363531,-4.66174257,0.11239579,4.56736362,0,ceq,C2019
0.017,0.180472177,1083.80079,-4.82075295,0.11044886,4.58254083,0,ceq,C2019
0.017,0.228546386,1005.074901,-4.96488262,0.10879284,4.59566305,0,ceq,C2019
0.017,0.289426612,933.4882234,-5.10502748,0.10732465,4.6074645,0,ceq,C2019
0.017,0.366524124,864.8416497,-5.24827559,0.10602739,4.61802719,0,ceq,C2019
0.017,0.464158883,805.1615273,-5.38186866,0.10489235,4.62737591,0,ceq,C2019
0.017,0.587801607,753.7681125,-5.50509535,0.10385324,4.63602347,0,ceq,C2019
0.017,0.744380301,701.2998032,-5.6385754,0.10288267,4.64417893,0,ceq,C2019
0.017,0.942668455,657.0682743,-5.7594372,0.10197137,4.65190669,0,ceq,C2019
0.017,1.19377664,613.5981316,-5.88559614,0.10112289,4.65916421,0,ceq,C2019
0.017,1.51177507,571.0040324,-6.01735969,0.10033831,4.66592956,0,ceq,C2019
0.017,1.91448198,534.224787,-6.13934637,0.09960927,4.67226364,0,ceq,C2019
0.017,2.42446202,501.3385663,-6.25589199,0.09890479,4.67842855,0,ceq,C2019
0.017,3.07029063,466.9481191,-6.38519959,0.09824137,4.68427435,0,ceq,C2019
0.017,3.88815518,435.2271857,-6.51285655,0.09762813,4.68971317,0,ceq,C2019
0.017,4.92388263,406.1575924,-6.63806819,0.09705166,4.69485725,0,ceq,C2019
0.017,6.23550734,383.5811472,-6.74236754,0.09650147,4.69979528,0,ceq,C2019
0.017,7.89652287,361.4355093,-6.85056183,0.0959583,4.70469802,0,ceq,C2019
0.017,10,342.4847393,-6.94890553,0.09543211,4.70947408,0,ceq,C2019
0.018,0.001,2669.605278,-2.29942038,0.33175181,3.65206125,0,ceq,C2019
0.018,0.00126638,2649.780647,-2.37900628,0.30725534,3.71868839,0,ceq,C2019
0.018,0.001603719,2630.645747,-2.45498878,0.28562997,3.78208038,0,ceq,C2019
0.018,0.002030918,2610.085215,-2.52749586,0.26691353,3.84094778,0,ceq,C2019
0.018,0.002571914,2586.942115,-2.5927738,0.25203747,3.89075833,0,ceq,C2019
0.018,0.003257021,2566.437446,-2.64187934,0.24200576,3.92603664,0,ceq,C2019
0.018,0.004124626,2553.858213,-2.67176731,0.2361268,3.94739691,0,ceq,C2019
0.018,0.005223345,2546.638725,-2.6893602,0.23270584,3.9600733,0,ceq,C2019
0.018,0.006614741,2541.078205,-2.70331394,0.23000487,3.97021447,0,ceq,C2019
0.018,0.008376776,2534.373892,-2.72043043,0.22670727,3.98275624,0,ceq,C2019
0.018,0.010608184,2524.603696,-2.74607616,0.22182258,4.0016768,0,ceq,C2019
0.018,0.013433993,2507.598022,-2.78916779,0.21395629,4.03303701,0,ceq,C2019
0.018,0.017012543,2465.766549,-2.88111639,0.19905334,4.09574829,0,ceq,C2019
0.018,0.021544347,2364.002736,-3.0684443,0.17454216,4.20988614,0,ceq,C2019
0.018,0.027283334,2224.027893,-3.28011527,0.15455523,4.31552132,0,ceq,C2019
0.018,0.034551073,2070.311243,-3.48023387,0.14165449,4.39122719,0,ceq,C2019
0.018,0.043754794,1906.050198,-3.68123097,0.13260165,4.44859002,0,ceq,C2019
0.018,0.055410203,1767.188009,-3.85777077,0.12588449,4.49374367,0,ceq,C2019
0.018,0.070170383,1593.12604,-4.07312462,0.1208829,4.52895763,0,ceq,C2019
0.018,0.088862382,1453.009225,-4.25981331,0.11721468,4.55572341,0,ceq,C2019
0.018,0.112533558,1326.528814,-4.43991922,0.11429989,4.57759571,0,ceq,C2019
0.018,0.142510267,1221.499055,-4.6017332,0.11188514,4.5961421,0,ceq,C2019
0.018,0.180472177,1124.216343,-4.76158256,0.1098863,4.61180005,0,ceq,C2019
0.018,0.228546386,1042.937885,-4.9053393,0.10820649,4.62518059,0,ceq,C2019
0.018,0.289426612,968.2748085,-5.04637879,0.10672356,4.63716659,0,ceq,C2019
0.018,0.366524124,898.9376274,-5.18629326,0.10539895,4.64801458,0,ceq,C2019
0.018,0.464158883,836.9597126,-5.32005601,0.10423122,4.65769146,0,ceq,C2019
0.018,0.587801607,783.0706018,-5.44451909,0.10317528,4.66653582,0,ceq,C2019
0.018,0.744380301,731.0485696,-5.57231001,0.10218412,4.67492016,0,ceq,C2019
0.018,0.942668455,681.2431124,-5.70271098,0.10126418,4.68277507,0,ceq,C2019
0.018,1.19377664,637.4487355,-5.82555088,0.10040447,4.69018069,0,ceq,C2019
0.018,1.51177507,594.9690274,-5.95231905,0.09960471,4.69712697,0,ceq,C2019
0.018,1.91448198,552.4498609,-6.08760783,0.09886367,4.70361329,0,ceq,C2019
0.018,2.42446202,519.1712841,-6.20171578,0.09816355,4.70978626,0,ceq,C2019
0.018,3.07029063,485.0761749,-6.32562816,0.09749627,4.71571074,0,ceq,C2019
0.018,3.88815518,450.8005522,-6.45845385,0.09687695,4.72124581,0,ceq,C2019
0.018,4.92388263,421.5840207,-6.58006607,0.09629895,4.72644363,0,ceq,C2019
0.018,6.23550734,394.8353001,-6.69887843,0.09575473,4.73136624,0,ceq,C2019
0.018,7.89652287,373.60105,-6.79974804,0.09522125,4.73621897,0,ceq,C2019
0.018,10,351.6433933,-6.90970983,0.09470247,4.74096412,0,ceq,C2019
0.019,0.001,2694.333072,-2.25952269,0.34099846,3.65166309,0,ceq,C2019
0.019,0.00126638,2674.814741,-2.33968474,0.31550298,3.71916208,0,ceq,C2019
0.019,0.001603719,2655.635774,-2.41539205,0.29334936,3.78240006,0,ceq,C2019
0.019,0.002030918,2637.688004,-2.48369592,0.27486503,3.838929,0,ceq,C2019
0.019,0.002571914,2621.173957,-2.53930233,0.26108662,3.88360074,0,ceq,C2019
0.019,0.003257021,2608.41712,-2.57683745,0.2524906,3.91267761,0,ceq,C2019
0.019,0.004124626,2600.302276,-2.59883551,0.24772303,3.929236,0,ceq,C2019
0.019,0.005223345,2594.16748,-2.61365285,0.24468431,3.93995614,0,ceq,C2019
0.019,0.006614741,2587.739977,-2.62881704,0.24164567,3.95081121,0,ceq,C2019
0.019,0.008376776,2578.31688,-2.65077417,0.23733364,3.96645017,0,ceq,C2019
0.019,0.010608184,2563.713194,-2.68560223,0.23061035,3.99141074,0,ceq,C2019
0.019,0.013433993,2537.632172,-2.74984515,0.21859878,4.03787334,0,ceq,C2019
0.019,0.017012543,2475.379361,-2.89089966,0.19529592,4.13578181,0,ceq,C2019
0.019,0.021544347,2363.139701,-3.09419104,0.16957231,4.25845969,0,ceq,C2019
0.019,0.027283334,2237.413418,-3.28026551,0.15268374,4.34958297,0,ceq,C2019
0.019,0.034551073,2098.102019,-3.46112944,0.14099867,4.41873967,0,ceq,C2019
0.019,0.043754794,1948.822378,-3.64470069,0.13229115,4.47410735,0,ceq,C2019
0.019,0.055410203,1816.709229,-3.81069637,0.12575126,4.51814356,0,ceq,C2019
0.019,0.070170383,1643.839399,-4.02041485,0.12064318,4.55416321,0,ceq,C2019
0.019,0.088862382,1505.041558,-4.20101996,0.11690404,4.58150945,0,ceq,C2019
0.019,0.112533558,1375.449197,-4.37984336,0.11392445,4.60393432,0,ceq,C2019
0.019,0.142510267,1264.840336,-4.54445149,0.11146628,4.62288129,0,ceq,C2019
0.019,0.180472177,1169.08053,-4.69747555,0.10939685,4.63915873,0,ceq,C2019
0.019,0.228546386,1080.031735,-4.84891641,0.10767169,4.65296537,0,ceq,C2019
0.019,0.289426612,1002.770095,-4.990137,0.10616168,4.66523261,0,ceq,C2019
0.019,0.366524124,932.2222667,-5.12795569,0.10481085,4.67635552,0,ceq,C2019
0.019,0.464158883,868.1845424,-5.26160138,0.10361269,4.6863423,0,ceq,C2019
0.019,0.587801607,812.0409357,-5.38683088,0.10253286,4.69544188,0,ceq,C2019
0.019,0.744380301,759.9022907,-5.51069037,0.10152586,4.70401453,0,ceq,C2019
0.019,0.942668455,705.4587743,-5.6479133,0.10058638,4.71208958,0,ceq,C2019
0.019,1.19377664,660.4577649,-5.76990735,0.09971851,4.71961637,0,ceq,C2019
0.019,1.51177507,617.6480118,-5.89343436,0.09890738,4.72671047,0,ceq,C2019
0.019,1.91448198,575.2772691,-6.023564,0.09814969,4.73338999,0,ceq,C2019
0.019,2.42446202,536.5063831,-6.15099746,0.0974473,4.7396282,0,ceq,C2019
0.019,3.07029063,502.4754084,-6.2708364,0.09677873,4.74560802,0,ceq,C2019
0.019,3.88815518,468.0426125,-6.39978509,0.09615223,4.75124908,0,ceq,C2019
0.019,4.92388263,436.3521406,-6.52682465,0.09557217,4.75650491,0,ceq,C2019
0.019,6.23550734,407.2387422,-6.6517786,0.09502577,4.761485,0,ceq,C2019
0.019,7.89652287,384.7113886,-6.75540334,0.09450568,4.76625196,0,ceq,C2019
0.019,10,363.5226499,-6.85854273,0.09399409,4.77096674,0,ceq,C2019
0.02,0.001,2714.231257,-2.22387369,0.35010832,3.65103966,0,ceq,C2019
0.02,0.00126638,2699.531305,-2.3009594,0.32387238,3.71869647,0,ceq,C2019
0.02,0.001603719,2679.914733,-2.37667999,0.30118635,3.78177607,0,ceq,C2019
0.02,0.002030918,2663.681552,-2.44090527,0.2831416,3.83543962,0,ceq,C2019
0.02,0.002571914,2650.865585,-2.48832683,0.27070095,3.8744658,0,ceq,C2019
0.02,0.003257021,2642.394483,-2.51730459,0.26350205,3.89787635,0,ceq,C2019
0.02,0.004124626,2637.275623,-2.5337416,0.25956075,3.91096689,0,ceq,C2019
0.02,0.005223345,2633.13202,-2.54653037,0.25657251,3.92102543,0,ceq,C2019
0.02,0.006614741,2627.592362,-2.56302747,0.25281067,3.93385479,0,ceq,C2019
0.02,0.008376776,2618.396447,-2.58874271,0.2471661,3.95346671,0,ceq,C2019
0.02,0.010608184,2600.764961,-2.63414644,0.2377684,3.98713683,0,ceq,C2019
0.02,0.013433993,2558.898313,-2.73177971,0.21949409,4.05659908,0,ceq,C2019
0.02,0.017012543,2474.193746,-2.91881803,0.18929649,4.18516139,0,ceq,C2019
0.02,0.021544347,2374.880626,-3.0976543,0.16723001,4.2928158,0,ceq,C2019
0.02,0.027283334,2261.592349,-3.26553006,0.15199735,4.37577421,0,ceq,C2019
0.02,0.034551073,2134.235845,-3.43189277,0.14092984,4.44143895,0,ceq,C2019
0.02,0.043754794,1997.707916,-3.60140115,0.13233322,4.49610816,0,ceq,C2019
0.02,0.055410203,1855.990109,-3.77287328,0.12584353,4.53978401,0,ceq,C2019
0.02,0.070170383,1698.29334,-3.96422554,0.12058389,4.5768666,0,ceq,C2019
0.02,0.088862382,1557.848324,-4.14247129,0.11671878,4.60516356,0,ceq,C2019
0.02,0.112533558,1427.914159,-4.31699478,0.11363862,4.62839235,0,ceq,C2019
0.02,0.142510267,1307.922184,-4.48903735,0.11110737,4.64795879,0,ceq,C2019
0.02,0.180472177,1213.945339,-4.63539655,0.10897823,4.66476522,0,ceq,C2019
0.02,0.228546386,1119.348679,-4.79079989,0.10717897,4.67922562,0,ceq,C2019
0.02,0.289426612,1039.799161,-4.93144113,0.1056374,4.69180915,0,ceq,C2019
0.02,0.366524124,965.4002508,-5.07178303,0.10425964,4.70321186,0,ceq,C2019
0.02,0.464158883,898.8672027,-5.20615409,0.10303102,4.7135085,0,ceq,C2019
0.02,0.587801607,841.2423679,-5.330603,0.10192715,4.72286468,0,ceq,C2019
0.02,0.744380301,787.5709946,-5.45390381,0.10090399,4.7316278,0,ceq,C2019
0.02,0.942668455,733.4277873,-5.58595945,0.09994053,4.73996111,0,ceq,C2019
0.02,1.19377664,682.5975199,-5.71840278,0.09906037,4.7476444,0,ceq,C2019
0.02,1.51177507,639.4427601,-5.83909065,0.09823999,4.75486766,0,ceq,C2019
0.02,1.91448198,597.1799542,-5.96469973,0.09746995,4.76170276,0,ceq,C2019
0.02,2.42446202,554.2236294,-6.10078083,0.09675399,4.76810649,0,ceq,C2019
0.02,3.07029063,519.2817554,-6.21993592,0.09608576,4.77412613,0,ceq,C2019
0.02,3.88815518,484.5882992,-6.34575805,0.09545508,4.77984617,0,ceq,C2019
0.02,4.92388263,450.5644534,-6.47756903,0.09486947,4.78519128,0,ceq,C2019
0.02,6.23550734,421.4000292,-6.59885561,0.09432166,4.79022139,0,ceq,C2019
0.02,7.89652287,394.8717883,-6.71652677,0.09380834,4.79496135,0,ceq,C2019
0.02,10,374.6923214,-6.81232442,0.09330808,4.79960576,0,ceq,C2019
0.021,0.001,2731.142066,-2.19219913,0.3586144,3.65138089,0,ceq,C2019
0.021,0.00126638,2719.155638,-2.26863408,0.33131112,3.72016416,0,ceq,C2019
0.021,0.001603719,2702.018056,-2.34580349,0.30700983,3.78633132,0,ceq,C2019
0.021,0.002030918,2685.605313,-2.41064757,0.28841923,3.84058685,0,ceq,C2019
0.021,0.002571914,2674.823413,-2.45228098,0.27713263,3.87525905,0,ceq,C2019
0.021,0.003257021,2669.189392,-2.47321311,0.27168504,3.8925021,0,ceq,C2019
0.021,0.004124626,2666.104696,-2.48417827,0.26888971,3.90148582,0,ceq,C2019
0.021,0.005223345,2663.043737,-2.4950257,0.26616567,3.91033004,0,ceq,C2019
0.021,0.006614741,2658.780801,-2.50963875,0.26257171,3.9221379,0,ceq,C2019
0.021,0.008376776,2651.247974,-2.53408552,0.25673341,3.94166943,0,ceq,C2019
0.021,0.010608184,2635.453411,-2.58042592,0.24631519,3.97765148,0,ceq,C2019
0.021,0.013433993,2587.291167,-2.69611576,0.22370254,4.06129181,0,ceq,C2019
0.021,0.017012543,2501.995726,-2.89284677,0.19073156,4.19978976,0,ceq,C2019
0.021,0.021544347,2407.873159,-3.06524807,0.16886583,4.30555216,0,ceq,C2019
0.021,0.027283334,2304.558028,-3.22451771,0.15346146,4.38863489,0,ceq,C2019
0.021,0.034551073,2184.688905,-3.38394603,0.14212645,4.45528528,0,ceq,C2019
0.021,0.043754794,2051.205668,-3.54989639,0.13318466,4.51172679,0,ceq,C2019
0.021,0.055410203,1901.868865,-3.72671282,0.12639025,4.55720745,0,ceq,C2019
0.021,0.070170383,1774.941425,-3.88521007,0.12090994,4.59571059,0,ceq,C2019
0.021,0.088862382,1614.990907,-4.07959436,0.1167578,4.62606179,0,ceq,C2019
0.021,0.112533558,1484.69885,-4.25013935,0.11352274,4.6504682,0,ceq,C2019
0.021,0.142510267,1361.201152,-4.42159503,0.11086094,4.67107667,0,ceq,C2019
0.021,0.180472177,1256.260316,-4.57847259,0.10865105,4.68856625,0,ceq,C2019
0.021,0.228546386,1164.746349,-4.72512046,0.1067587,4.70382731,0,ceq,C2019
0.021,0.289426612,1076.324479,-4.87537351,0.10516304,4.71690764,0,ceq,C2019
0.021,0.366524124,998.7480456,-5.01704984,0.10374903,4.72866546,0,ceq,C2019
0.021,0.464158883,929.7414718,-5.15205407,0.10248653,4.73929999,0,ceq,C2019
0.021,0.587801607,869.683522,-5.27771126,0.10135884,4.74891068,0,ceq,C2019
0.021,0.744380301,815.12305,-5.39924324,0.1003158,4.75789519,0,ceq,C2019
0.021,0.942668455,760.7794543,-5.52766278,0.09933207,4.76645463,0,ceq,C2019
0.021,1.19377664,704.9281447,-5.66803709,0.09842843,4.77439248,0,ceq,C2019
0.021,1.51177507,660.5348928,-5.78836519,0.09760084,4.78172642,0,ceq,C2019
0.021,1.91448198,618.1531605,-5.91052132,0.09682141,4.78869076,0,ceq,C2019
0.021,2.42446202,575.2520306,-6.04207375,0.09609017,4.79527557,0,ceq,C2019
0.021,3.07029063,535.7081706,-6.17189146,0.09541624,4.80138889,0,ceq,C2019
0.021,3.88815518,500.4776705,-6.29584089,0.09478232,4.80717885,0,ceq,C2019
0.021,4.92388263,466.2184132,-6.42447492,0.09419083,4.81261627,0,ceq,C2019
0.021,6.23550734,434.9500357,-6.55015119,0.09364188,4.81769325,0,ceq,C2019
0.021,7.89652287,406.109033,-6.67411221,0.0931271,4.82248132,0,ceq,C2019
0.021,10,385.0783169,-6.77104195,0.09264113,4.82702579,0,ceq,C2019
0.022,0.001,2746.918306,-2.16207762,0.36701905,3.65146259,0,ceq,C2019
0.022,0.00126638,2737.442562,-2.23631785,0.33929447,3.7196863,0,ceq,C2019
0.022,0.001603719,2723.036178,-2.30953981,0.31516938,3.78375048,0,ceq,C2019
0.022,0.002030918,2709.370165,-2.36767924,0.29774878,3.83313928,0,ceq,C2019
0.022,0.002571914,2701.62426,-2.40119141,0.2881215,3.86168603,0,ceq,C2019
0.022,0.003257021,2697.709665,-2.41742769,0.28360794,3.87540079,0,ceq,C2019
0.022,0.004124626,2695.088917,-2.4276757,0.2808301,3.88395007,0,ceq,C2019
0.022,0.005223345,2692.062935,-2.43938638,0.27769316,3.89370685,0,ceq,C2019
0.022,0.006614741,2687.323689,-2.45722054,0.27300097,3.90850922,0,ceq,C2019
0.022,0.008376776,2678.918044,-2.48772556,0.26524233,3.93355199,0,ceq,C2019
0.022,0.010608184,2658.918193,-2.55241754,0.24991706,3.98524563,0,ceq,C2019
0.022,0.013433993,2589.769205,-2.72122414,0.21691787,4.10824654,0,ceq,C2019
0.022,0.017012543,2509.765254,-2.90250127,0.18745991,4.23502251,0,ceq,C2019
0.022,0.021544347,2424.906973,-3.05778773,0.16793172,4.33057258,0,ceq,C2019
0.022,0.027283334,2330.522915,-3.2050473,0.15345975,4.4088483,0,ceq,C2019
0.022,0.034551073,2219.424407,-3.3547861,0.14241514,4.47372566,0,ceq,C2019
0.022,0.043754794,2090.961258,-3.51440557,0.13351593,4.52977245,0,ceq,C2019
0.022,0.055410203,1952.985134,-3.67903739,0.12662029,4.57583052,0,ceq,C2019
0.022,0.070170383,1828.620557,-3.83190107,0.12112299,4.61438514,0,ceq,C2019
0.022,0.088862382,1667.480271,-4.02426461,0.11672547,4.64650602,0,ceq,C2019
0.022,0.112533558,1536.362072,-4.19188422,0.11336885,4.67184975,0,ceq,C2019
0.022,0.142510267,1411.453347,-4.36060956,0.11060917,4.69325533,0,ceq,C2019
0.022,0.180472177,1294.82972,-4.52862324,0.10831631,4.71144967,0,ceq,C2019
0.022,0.228546386,1208.374697,-4.66446525,0.10636369,4.72725029,0,ceq,C2019
0.022,0.289426612,1112.986271,-4.82106482,0.10469443,4.74098975,0,ceq,C2019
0.022,0.366524124,1033.660578,-4.96157058,0.10325108,4.75304809,0,ceq,C2019
0.022,0.464158883,960.241045,-5.1004848,0.10196011,4.7639767,0,ceq,C2019
0.022,0.587801607,896.8093481,-5.22909387,0.1008061,4.77386343,0,ceq,C2019
0.022,0.744380301,841.882805,-5.34804905,0.0997481,4.78302787,0,ceq,C2019
0.022,0.942668455,786.8554293,-5.47423033,0.09874896,4.79177209,0,ceq,C2019
0.022,1.19377664,730.8231564,-5.61076213,0.09782011,4.79998074,0,ceq,C2019
0.022,1.51177507,680.7687155,-5.74148232,0.09698178,4.80745671,0,ceq,C2019
0.022,1.91448198,638.2450568,-5.86059881,0.09619524,4.8145298,0,ceq,C2019
0.022,2.42446202,595.3858969,-5.9880906,0.09545312,4.82125663,0,ceq,C2019
0.022,3.07029063,552.0399547,-6.12565169,0.09476664,4.82752595,0,ceq,C2019
0.022,3.88815518,516.2435843,-6.24795239,0.09413045,4.83337664,0,ceq,C2019
0.022,4.92388263,481.2548214,-6.37538898,0.09353523,4.83888649,0,ceq,C2019
0.022,6.23550734,447.9358355,-6.5051929,0.09298283,4.84403139,0,ceq,C2019
0.022,7.89652287,419.4040542,-6.62434087,0.09246788,4.84885506,0,ceq,C2019
0.022,10,394.6762794,-6.73440618,0.09199045,4.85335145,0,ceq,C2019
0.023,0.001,2761.876116,-2.1335666,0.37518135,3.65166151,0,ceq,C2019
0.023,0.00126638,2754.061181,-2.20575665,0.34721361,3.71895115,0,ceq,C2019
0.023,0.001603719,2743.098657,-2.27371833,0.32365417,3.77998162,0,ceq,C2019
0.023,0.002030918,2731.722301,-2.32512803,0.30759734,3.8241786,0,ceq,C2019
0.023,0.002571914,2725.135496,-2.35299143,0.29933304,3.8478333,0,ceq,C2019
0.023,0.003257021,2721.96036,-2.36630071,0.29546953,3.85911733,0,ceq,C2019
0.023,0.004124626,2719.553185,-2.37654787,0.29252153,3.86782685,0,ceq,C2019
0.023,0.005223345,2716.49364,-2.3897227,0.28876305,3.87905933,0,ceq,C2019
0.023,0.006614741,2711.665723,-2.41072123,0.28287226,3.89696145,0,ceq,C2019
0.023,0.008376776,2702.933066,-2.44831431,0.27265019,3.92893056,0,ceq,C2019
0.023,0.010608184,2676.632237,-2.53887759,0.25050456,4.00251122,0,ceq,C2019
0.023,0.013433993,2597.153062,-2.73416851,0.21249547,4.14544537,0,ceq,C2019
0.023,0.017012543,2524.869387,-2.89757879,0.18627824,4.25981955,0,ceq,C2019
0.023,0.021544347,2445.964622,-3.0424625,0.16799628,4.34954386,0,ceq,C2019
0.023,0.027283334,2359.402579,-3.18051421,0.15401574,4.4250139,0,ceq,C2019
0.023,0.034551073,2256.740606,-3.32201459,0.14303969,4.4892308,0,ceq,C2019
0.023,0.043754794,2133.775785,-3.47550215,0.13408442,4.54538704,0,ceq,C2019
0.023,0.055410203,2005.459598,-3.6301891,0.12703101,4.59232355,0,ceq,C2019
0.023,0.070170383,1872.794761,-3.78814609,0.12144346,4.6313952,0,ceq,C2019
0.023,0.088862382,1726.416737,-3.96335002,0.11680406,4.66522671,0,ceq,C2019
0.023,0.112533558,1587.813961,-4.13527992,0.11328967,4.69176225,0,ceq,C2019
0.023,0.142510267,1461.541306,-4.30154678,0.11041811,4.71406191,0,ceq,C2019
0.023,0.180472177,1341.889425,-4.468971,0.10802088,4.733127,0,ceq,C2019
0.023,0.228546386,1245.287508,-4.61501699,0.10601792,4.74938407,0,ceq,C2019
0.023,0.289426612,1155.736558,-4.7591131,0.10427098,4.76381569,0,ceq,C2019
0.023,0.366524124,1067.571716,-4.90941291,0.1027825,4.77630386,0,ceq,C2019
0.023,0.464158883,990.509506,-5.05085931,0.10145959,4.78755621,0,ceq,C2019
0.023,0.587801607,924.2052815,-5.18136971,0.1002793,4.79771956,0,ceq,C2019
0.023,0.744380301,867.5237387,-5.30065146,0.09920783,4.80705048,0,ceq,C2019
0.023,0.942668455,812.5827499,-5.42322887,0.0981932,4.81597943,0,ceq,C2019
0.023,1.19377664,756.1245148,-5.55677112,0.09724301,4.8244254,0,ceq,C2019
0.023,1.51177507,700.4848799,-5.69724536,0.09638473,4.83212567,0,ceq,C2019
0.023,1.91448198,657.6049446,-5.81412705,0.09559362,4.83928423,0,ceq,C2019
0.023,2.42446202,614.8258767,-5.93784223,0.09484294,4.84613207,0,ceq,C2019
0.023,3.07029063,571.3044409,-6.07181672,0.09414267,4.85256906,0,ceq,C2019
0.023,3.88815518,531.7751374,-6.20231027,0.09350067,4.85851267,0,ceq,C2019
0.023,4.92388263,495.8476907,-6.32941339,0.09290156,4.86409602,0,ceq,C2019
0.023,6.23550734,462.0782384,-6.45716486,0.09234471,4.86931803,0,ceq,C2019
0.023,7.89652287,432.3145751,-6.57766245,0.09183028,4.87417029,0,ceq,C2019
0.023,10,405.2724027,-6.69442814,0.0913524,4.87870213,0,ceq,C2019
0.024,0.001,2776.326861,-2.10617034,0.3831811,3.6518187,0,ceq,C2019
0.024,0.00126638,2769.509956,-2.17661583,0.35507553,3.71798553,0,ceq,C2019
0.024,0.001603719,2761.271595,-2.23913601,0.33237627,3.77536793,0,ceq,C2019
0.024,0.002030918,2753.341752,-2.28315154,0.31778374,3.81436316,0,ceq,C2019
0.024,0.002571914,2748.364492,-2.30602726,0.31064334,3.83410215,0,ceq,C2019
0.024,0.003257021,2745.63466,-2.31786321,0.3070473,3.84421591,0,ceq,C2019
0.024,0.004124626,2743.048551,-2.32883267,0.30376964,3.85353744,0,ceq,C2019
0.024,0.005223345,2739.273254,-2.344371,0.29920026,3.8667019,0,ceq,C2019
0.024,0.006614741,2733.199645,-2.36983174,0.29185777,3.88828368,0,ceq,C2019
0.024,0.008376776,2721.800264,-2.41852236,0.27825786,3.9297311,0,ceq,C2019
0.024,0.010608184,2686.455613,-2.54463944,0.24702612,4.03313987,0,ceq,C2019
0.024,0.013433993,2607.494537,-2.73777231,0.20993884,4.17444205,0,ceq,C2019
0.024,0.017012543,2542.459791,-2.88722995,0.18591354,4.28000581,0,ceq,C2019
0.024,0.021544347,2467.612902,-3.02486742,0.16843749,4.36575022,0,ceq,C2019
0.024,0.027283334,2388.673799,-3.1546932,0.15479696,4.43910114,0,ceq,C2019
0.024,0.034551073,2294.766904,-3.28831221,0.14381181,4.50303806,0,ceq,C2019
0.024,0.043754794,2177.19655,-3.43599683,0.13478291,4.55935635,0,ceq,C2019
0.024,0.055410203,2052.447814,-3.58644714,0.12754585,4.60729439,0,ceq,C2019
0.024,0.070170383,1917.528279,-3.74464528,0.12179408,4.64737478,0,ceq,C2019
0.024,0.088862382,1791.980096,-3.89720855,0.1169939,4.68230009,0,ceq,C2019
0.024,0.112533558,1638.92018,-4.08041718,0.11326674,4.71042159,0,ceq,C2019
0.024,0.142510267,1510.021921,-4.24597783,0.11027377,4.73368129,0,ceq,C2019
0.024,0.180472177,1390.849785,-4.40871975,0.10777483,4.75359126,0,ceq,C2019
0.024,0.228546386,1280.465743,-4.56924842,0.1056965,4.77050457,0,ceq,C2019
0.024,0.289426612,1199.047678,-4.69835678,0.1038922,4.78545997,0,ceq,C2019
0.024,0.366524124,1100.197701,-4.86090583,0.10233906,4.79854264,0,ceq,C2019
0.024,0.464158883,1022.18532,-5.00025943,0.10098377,4.81012266,0,ceq,C2019
0.024,0.587801607,951.740273,-5.13472971,0.09977743,4.82056117,0,ceq,C2019
0.024,0.744380301,892.0469168,-5.25678694,0.09868933,4.83008548,0,ceq,C2019
0.024,0.942668455,837.7739401,-5.37488018,0.09766271,4.83916808,0,ceq,C2019
0.024,1.19377664,780.7873604,-5.50593577,0.09669381,4.8478282,0,ceq,C2019
0.024,1.51177507,724.0570558,-5.64492221,0.09581075,4.85579699,0,ceq,C2019
0.024,1.91448198,676.2790453,-5.77079051,0.09501301,4.86305936,0,ceq,C2019
0.024,2.42446202,633.6025153,-5.89095107,0.09425621,4.87000556,0,ceq,C2019
0.024,3.07029063,589.9511727,-6.02155906,0.09354464,4.87658764,0,ceq,C2019
0.024,3.88815518,547.0485514,-6.15878847,0.09289174,4.88267126,0,ceq,C2019
0.024,4.92388263,510.5649767,-6.2843578,0.09228823,4.88833284,0,ceq,C2019
0.024,6.23550734,476.189906,-6.41071424,0.09172826,4.89361915,0,ceq,C2019
0.024,7.89652287,444.8304185,-6.5339746,0.09121242,4.89851747,0,ceq,C2019
0.024,10,418.3046413,-6.64535896,0.09073351,4.90309003,0,ceq,C2019
0.025,0.001,2790.507681,-2.07950928,0.39112213,3.65173251,0,ceq,C2019
0.025,0.00126638,2784.059189,-2.14845295,0.36295381,3.71665271,0,ceq,C2019
0.025,0.001603719,2777.728106,-2.20602077,0.34121232,3.77030593,0,ceq,C2019
0.025,0.002030918,2772.493436,-2.2432662,0.32812787,3.80426871,0,ceq,C2019
0.025,0.002571914,2769.401257,-2.26181566,0.32191895,3.82086198,0,ceq,C2019
0.025,0.003257021,2767.42352,-2.27251018,0.31843369,3.83031688,0,ceq,C2019
0.025,0.004124626,2765.060842,-2.28433448,0.31466384,3.84066121,0,ceq,C2019
0.025,0.005223345,2761.213838,-2.30214443,0.30913768,3.85605105,0,ceq,C2019
0.025,0.006614741,2753.995406,-2.33282426,0.29997771,3.88217634,0,ceq,C2019
0.025,0.008376776,2738.535832,-2.39693715,0.28179062,3.93650155,0,ceq,C2019
0.025,0.010608184,2693.524131,-2.55709792,0.24222868,4.06790489,0,ceq,C2019
0.025,0.013433993,2619.762942,-2.73490898,0.20865922,4.19748084,0,ceq,C2019
0.025,0.017012543,2561.500357,-2.8732122,0.18613551,4.29669811,0,ceq,C2019
0.025,0.021544347,2489.657991,-3.0056584,0.16916741,4.37972308,0,ceq,C2019
0.025,0.027283334,2417.473675,-3.1284188,0.15577328,4.45137033,0,ceq,C2019
0.025,0.034551073,2328.608282,-3.2573899,0.14472341,4.51527825,0,ceq,C2019
0.025,0.043754794,2219.856565,-3.39702174,0.13560191,4.57182456,0,ceq,C2019
0.025,0.055410203,2097.931964,-3.5442042,0.1281558,4.62087911,0,ceq,C2019
0.025,0.070170383,1967.750162,-3.69683367,0.12219951,4.66221695,0,ceq,C2019
0.025,0.088862382,1843.229238,-3.84608198,0.11728242,4.69788912,0,ceq,C2019
0.025,0.112533558,1689.559103,-4.02729524,0.11330198,4.72788016,0,ceq,C2019
0.025,0.142510267,1560.666398,-4.18942437,0.11017818,4.75216372,0,ceq,C2019
0.025,0.180472177,1438.1107,-4.35224299,0.10757861,4.77290302,0,ceq,C2019
0.025,0.228546386,1319.704285,-4.51928811,0.10539799,4.79069009,0,ceq,C2019
0.025,0.289426612,1233.044428,-4.65262993,0.10355423,4.80601886,0,ceq,C2019
0.025,0.366524124,1141.432717,-4.80049918,0.10192441,4.81979809,0,ceq,C2019
0.025,0.464158883,1054.098579,-4.95074258,0.10053337,4.83173421,0,ceq,C2019
0.025,0.587801607,979.2580404,-5.0894117,0.09929657,4.84248609,0,ceq,C2019
0.025,0.744380301,916.8107126,-5.21363493,0.09818818,4.85223607,0,ceq,C2019
0.025,0.942668455,861.8001916,-5.33031407,0.09715349,4.86143769,0,ceq,C2019
0.025,1.19377664,804.8435201,-5.45793357,0.09616822,4.87029117,0,ceq,C2019
0.025,1.51177507,747.4292923,-5.5947246,0.09526274,4.87850817,0,ceq,C2019
0.025,1.91448198,694.1811964,-5.73054059,0.09445028,4.8859478,0,ceq,C2019
0.025,2.42446202,651.6944624,-5.8472814,0.09368971,4.89297049,0,ceq,C2019
0.025,3.07029063,608.0613335,-5.97438389,0.09296919,4.89967613,0,ceq,C2019
0.025,3.88815518,564.2809822,-6.11043258,0.09230303,4.90592229,0,ceq,C2019
0.025,4.92388263,525.2671323,-6.24065627,0.09169453,4.91166735,0,ceq,C2019
0.025,6.23550734,489.8098486,-6.36739161,0.09113191,4.91701333,0,ceq,C2019
0.025,7.89652287,457.8829315,-6.48946523,0.09061281,4.92197505,0,ceq,C2019
0.025,10,431.0271453,-6.59905023,0.09013467,4.92657046,0,ceq,C2019
0.026,0.001,2803.859333,-2.05348608,0.39918558,3.65103903,0,ceq,C2019
0.026,0.00126638,2798.137278,-2.12065815,0.37098633,3.71467305,0,ceq,C2019
0.026,0.001603719,2792.956474,-2.17384919,0.35023755,3.76466458,0,ceq,C2019
0.026,0.002030918,2789.411212,-2.20566112,0.33850724,3.79425228,0,ceq,C2019
0.026,0.002571914,2787.412751,-2.22125206,0.33295857,3.80860767,0,ceq,C2019
0.026,0.003257021,2786.010681,-2.23135643,0.32944129,3.81783166,0,ceq,C2019
0.026,0.004124626,2784.160997,-2.24375403,0.32520647,3.82906942,0,ceq,C2019
0.026,0.005223345,2780.85777,-2.26338943,0.31869681,3.84663271,0,ceq,C2019
0.026,0.006614741,2773.533331,-2.29936067,0.30737492,3.87805108,0,ceq,C2019
0.026,0.008376776,2753.231849,-2.38366379,0.2830783,3.94957456,0,ceq,C2019
0.026,0.010608184,2703.0002,-2.56151573,0.23931538,4.0954479,0,ceq,C2019
0.026,0.013433993,2633.860057,-2.726906,0.20834191,4.21583523,0,ceq,C2019
0.026,0.017012543,2581.300147,-2.85662759,0.18682757,4.31050703,0,ceq,C2019
0.026,0.021544347,2511.878109,-2.98515174,0.17015656,4.3916906,0,ceq,C2019
0.026,0.027283334,2445.738476,-3.10187424,0.156919,4.46203853,0,ceq,C2019
0.026,0.034551073,2361.415704,-3.22691069,0.14575631,4.52613298,0,ceq,C2019
0.026,0.043754794,2260.732744,-3.35946174,0.13652101,4.58298993,0,ceq,C2019
0.026,0.055410203,2142.038475,-3.50331636,0.12886042,4.63314957,0,ceq,C2019
0.026,0.070170383,2016.774971,-3.65061433,0.12268648,4.6757956,0,ceq,C2019
0.026,0.088862382,1889.0049,-3.80091851,0.11762805,4.71236739,0,ceq,C2019
0.026,0.112533558,1747.706439,-3.96771396,0.11340689,4.7441095,0,ceq,C2019
0.026,0.142510267,1609.421193,-4.13637872,0.11012821,4.7695908,0,ceq,C2019
0.026,0.180472177,1482.594742,-4.30059338,0.10742261,4.79119686,0,ceq,C2019
0.026,0.228546386,1366.570935,-4.46082179,0.10513927,4.80985814,0,ceq,C2019
0.026,0.289426612,1265.169123,-4.61058482,0.10323972,4.82569455,0,ceq,C2019
0.026,0.366524124,1183.694667,-4.74054089,0.10155211,4.84001021,0,ceq,C2019
0.026,0.464158883,1085.02371,-4.90420823,0.10010534,4.85247348,0,ceq,C2019
0.026,0.587801607,1007.280417,-5.04443851,0.09883708,4.86354818,0,ceq,C2019
0.026,0.744380301,941.785077,-5.17120209,0.09770663,4.87353976,0,ceq,C2019
0.026,0.942668455,884.5637421,-5.2894294,0.09666305,4.88286685,0,ceq,C2019
0.026,1.19377664,828.8084788,-5.4115251,0.09566574,4.89187481,0,ceq,C2019
0.026,1.51177507,770.3317518,-5.547071,0.0947398,4.90032268,0,ceq,C2019
0.026,1.91448198,714.5414075,-5.68537009,0.09390654,4.90799589,0,ceq,C2019
0.026,2.42446202,669.197039,-5.80634673,0.09314265,4.91509038,0,ceq,C2019
0.026,3.07029063,625.7478373,-5.92977501,0.09241504,4.92190224,0,ceq,C2019
0.026,3.88815518,581.5450123,-6.06341362,0.09173749,4.92829386,0,ceq,C2019
0.026,4.92388263,539.7704592,-6.19877379,0.09112061,4.93415434,0,ceq,C2019
0.026,6.23550734,503.303634,-6.32572024,0.09055429,4.93956947,0,ceq,C2019
0.026,7.89652287,471.4222237,-6.44441586,0.09003331,4.94458116,0,ceq,C2019
0.026,10,443.4137842,-6.55543849,0.08955358,4.94922163,0,ceq,C2019
0.027,0.001,2815.610527,-2.02871526,0.40730488,3.64994129,0,ceq,C2019
0.027,0.00126638,2810.393521,-2.09402346,0.37920826,3.71202362,0,ceq,C2019
0.027,0.001603719,2806.443218,-2.142885,0.35947621,3.75844008,0,ceq,C2019
0.027,0.002030918,2804.120746,-2.17029225,0.34887922,3.78442825,0,ceq,C2019
0.027,0.002571914,2802.943745,-2.18348943,0.34391195,3.79688388,0,ceq,C2019
0.027,0.003257021,2802.017013,-2.19337883,0.34024631,3.80619121,0,ceq,C2019
0.027,0.004124626,2800.649641,-2.20665779,0.33540816,3.81863147,0,ceq,C2019
0.027,0.005223345,2797.917505,-2.22818955,0.32783484,3.83846847,0,ceq,C2019
0.027,0.006614741,2791.122031,-2.2698625,0.31400006,3.87591881,0,ceq,C2019
0.027,0.008376776,2765.923627,-2.37846579,0.28216892,3.96875983,0,ceq,C2019
0.027,0.010608184,2713.967407,-2.55936549,0.2379736,4.11672311,0,ceq,C2019
0.027,0.013433993,2649.397463,-2.71510707,0.2087279,4.23061847,0,ceq,C2019
0.027,0.017012543,2600.933879,-2.83862066,0.18787236,4.32205327,0,ceq,C2019
0.027,0.021544347,2534.678491,-2.9633107,0.17136489,4.40193667,0,ceq,C2019
0.027,0.027283334,2473.106678,-3.07552899,0.15819087,4.4714174,0,ceq,C2019
0.027,0.034551073,2393.196979,-3.19689502,0.14689882,4.53574266,0,ceq,C2019
0.027,0.043754794,2299.581661,-3.32346991,0.13752832,4.59299562,0,ceq,C2019
0.027,0.055410203,2184.911799,-3.46353388,0.12965593,4.64419501,0,ceq,C2019
0.027,0.070170383,2063.689302,-3.60671143,0.12324923,4.68821062,0,ceq,C2019
0.027,0.088862382,1936.897818,-3.75457368,0.11801226,4.72592533,0,ceq,C2019
0.027,0.112533558,1806.764449,-3.9084334,0.11360586,4.75897702,0,ceq,C2019
0.027,0.142510267,1658.40361,-4.08431593,0.11012605,4.7859983,0,ceq,C2019
0.027,0.180472177,1528.849722,-4.2482156,0.10729944,4.80858377,0,ceq,C2019
0.027,0.228546386,1412.456618,-4.40519937,0.10492679,4.82800583,0,ceq,C2019
0.027,0.289426612,1295.872613,-4.57141585,0.10294169,4.84459579,0,ceq,C2019
0.027,0.366524124,1219.020472,-4.6922692,0.10122105,4.85923688,0,ceq,C2019
0.027,0.464158883,1120.355778,-4.85208756,0.09969824,4.87240347,0,ceq,C2019
0.027,0.587801607,1036.62542,-4.99842482,0.09839755,4.88380975,0,ceq,C2019
0.027,0.744380301,966.6665626,-5.13004999,0.09724385,4.89405413,0,ceq,C2019
0.027,0.942668455,906.8593784,-5.25047406,0.0961871,4.90354443,0,ceq,C2019
0.027,1.19377664,851.7200262,-5.36855197,0.09518248,4.91266406,0,ceq,C2019
0.027,1.51177507,792.72569,-5.50193073,0.09423796,4.92132629,0,ceq,C2019
0.027,1.91448198,735.9367332,-5.63894024,0.09338438,4.92922952,0,ceq,C2019
0.027,2.42446202,685.9552573,-5.7683354,0.09261196,4.9364439,0,ceq,C2019
0.027,3.07029063,642.8100498,-5.88807124,0.09187988,4.94333713,0,ceq,C2019
0.027,3.88815518,598.2780793,-6.01931606,0.0911927,4.94985788,0,ceq,C2019
0.027,4.92388263,554.7467059,-6.15655211,0.09056468,4.95586024,0,ceq,C2019
0.027,6.23550734,517.4864304,-6.28282924,0.08999451,4.96134594,0,ceq,C2019
0.027,7.89652287,484.6156858,-6.40187204,0.08947171,4.96640649,0,ceq,C2019
0.027,10,456.0738503,-6.51205159,0.08898827,4.97111249,0,ceq,C2019
0.028,0.001,2826.988922,-2.00462453,0.41540147,3.64863871,0,ceq,C2019
0.028,0.00126638,2822.24833,-2.06781902,0.38755069,3.70891615,0,ceq,C2019
0.028,0.001603719,2818.65582,-2.1129908,0.36884606,3.75188234,0,ceq,C2019
0.028,0.002030918,2816.766192,-2.13699923,0.3592754,3.77471738,0,ceq,C2019
0.028,0.002571914,2815.789578,-2.1488272,0.35465589,3.78595857,0,ceq,C2019
0.028,0.003257021,2814.975532,-2.15895315,0.35075395,3.79556751,0,ceq,C2019
0.028,0.004124626,2813.77725,-2.17323193,0.34533259,3.80909715,0,ceq,C2019
0.028,0.005223345,2811.569359,-2.19691672,0.33656485,3.83143529,0,ceq,C2019
0.028,0.006614741,2805.960166,-2.2448347,0.31977241,3.87589072,0,ceq,C2019
0.028,0.008376776,2777.375986,-2.37815085,0.27995176,3.99140589,0,ceq,C2019
0.028,0.010608184,2726.31529,-2.55252837,0.23768848,4.13355863,0,ceq,C2019
0.028,0.013433993,2665.942865,-2.70063782,0.20960356,4.24277725,0,ceq,C2019
0.028,0.017012543,2618.576298,-2.82093664,0.18915917,4.33192006,0,ceq,C2019
0.028,0.021544347,2558.420704,-2.94015534,0.17274343,4.41077146,0,ceq,C2019
0.028,0.027283334,2498.685583,-3.0502848,0.1595345,4.47986511,0,ceq,C2019
0.028,0.034551073,2422.976174,-3.16812226,0.14813705,4.54424593,0,ceq,C2019
0.028,0.043754794,2334.062614,-3.29085727,0.13860341,4.60202526,0,ceq,C2019
0.028,0.055410203,2228.037346,-3.4237422,0.13053113,4.65414548,0,ceq,C2019
0.028,0.070170383,2109.625394,-3.56402754,0.12388128,4.6995621,0,ceq,C2019
0.028,0.088862382,1983.929195,-3.70976103,0.11844138,4.73856621,0,ceq,C2019
0.028,0.112533558,1855.784423,-3.85986182,0.11387854,4.77268948,0,ceq,C2019
0.028,0.142510267,1707.233041,-4.03352746,0.1101733,4.80142039,0,ceq,C2019
0.028,0.180472177,1576.480784,-4.19558466,0.10721631,4.82505095,0,ceq,C2019
0.028,0.228546386,1454.065512,-4.35621218,0.10475176,4.84525027,0,ceq,C2019
0.028,0.289426612,1337.648784,-4.51864945,0.10266541,4.86272438,0,ceq,C2019
0.028,0.366524124,1248.45166,-4.6534927,0.1009114,4.87769188,0,ceq,C2019
0.028,0.464158883,1161.483786,-4.79270749,0.09932432,4.89146113,0,ceq,C2019
0.028,0.587801607,1065.675695,-4.95410954,0.09798066,4.90329198,0,ceq,C2019
0.028,0.744380301,991.5046854,-5.08994814,0.0967989,4.91383189,0,ceq,C2019
0.028,0.942668455,930.0487017,-5.21076863,0.09572747,4.92349924,0,ceq,C2019
0.028,1.19377664,873.4636619,-5.32902641,0.09471678,4.93271848,0,ceq,C2019
0.028,1.51177507,815.0421857,-5.45814287,0.09375683,4.94156652,0,ceq,C2019
0.028,1.91448198,757.003341,-5.59457702,0.0928841,4.94968955,0,ceq,C2019
0.028,2.42446202,702.6916398,-5.7312954,0.09209711,4.95708029,0,ceq,C2019
0.028,3.07029063,659.3615567,-5.84883692,0.0913623,4.96403826,0,ceq,C2019
0.028,3.88815518,614.8423666,-5.97688498,0.09066685,4.97067525,0,ceq,C2019
0.028,4.92388263,570.8411791,-6.11200972,0.09002869,4.97681045,0,ceq,C2019
0.028,6.23550734,531.5918154,-6.24135404,0.08945276,4.98238478,0,ceq,C2019
0.028,7.89652287,497.466614,-6.36173299,0.08892679,4.98750698,0,ceq,C2019
0.028,10,469.4097893,-6.46734988,0.08844037,4.99227116,0,ceq,C2019
0.029,0.001,2837.870215,-1.98123019,0.42346836,3.64717219,0,ceq,C2019
0.029,0.00126638,2833.889216,-2.04195152,0.39599066,3.70544297,0,ceq,C2019
0.029,0.001603719,2830.664253,-2.08347989,0.37836636,3.74498858,0,ceq,C2019
0.029,0.002030918,2828.967182,-2.10476144,0.36964765,3.76523654,0,ceq,C2019
0.029,0.002571914,2828.122675,-2.11571673,0.36523748,3.77566241,0,ceq,C2019
0.029,0.003257021,2827.254894,-2.12638112,0.36099491,3.78581046,0,ceq,C2019
0.029,0.004124626,2826.049945,-2.141916,0.35490201,3.8005959,0,ceq,C2019
0.029,0.005223345,2823.882694,-2.16834778,0.34479085,3.82570139,0,ceq,C2019
0.029,0.006614741,2818.399539,-2.22450871,0.32446143,3.87848642,0,ceq,C2019
0.029,0.008376776,2788.018268,-2.3777179,0.27795161,4.01287636,0,ceq,C2019
0.029,0.010608184,2739.423936,-2.54286086,0.23805302,4.1474675,0,ceq,C2019
0.029,0.013433993,2683.215226,-2.68453497,0.21078485,4.25313401,0,ceq,C2019
0.029,0.017012543,2635.768806,-2.80306419,0.19058181,4.34065199,0,ceq,C2019
0.029,0.021544347,2582.526984,-2.91636792,0.17424112,4.41851112,0,ceq,C2019
0.029,0.027283334,2521.971739,-3.02671839,0.16090809,4.48765661,0,ceq,C2019
0.029,0.034551073,2451.937565,-3.13977933,0.14945449,4.55179581,0,ceq,C2019
0.029,0.043754794,2368.048989,-3.25872845,0.13972906,4.61024069,0,ceq,C2019
0.029,0.055410203,2269.91571,-3.38513334,0.13147409,4.66313309,0,ceq,C2019
0.029,0.070170383,2152.887961,-3.52392287,0.12457042,4.70998275,0,ceq,C2019
0.029,0.088862382,2028.562098,-3.66763133,0.11891143,4.75036517,0,ceq,C2019
0.029,0.112533558,1901.829548,-3.8148824,0.11419235,4.78553958,0,ceq,C2019
0.029,0.142510267,1761.142027,-3.97874307,0.11027406,4.81586635,0,ceq,C2019
0.029,0.180472177,1623.421075,-4.14498278,0.10717206,4.84064983,0,ceq,C2019
0.029,0.228546386,1493.615105,-4.31080233,0.10460266,4.86172725,0,ceq,C2019
0.029,0.289426612,1382.042445,-4.46395216,0.10242625,4.87998983,0,ceq,C2019
0.029,0.366524124,1276.528175,-4.61738685,0.10061679,4.89547177,0,ceq,C2019
0.029,0.464158883,1201.759557,-4.73638731,0.09899217,4.90961092,0,ceq,C2019
0.029,0.587801607,1094.074258,-4.91196089,0.09758121,4.9220801,0,ceq,C2019
0.029,0.744380301,1017.334294,-5.04914713,0.09637073,4.93292235,0,ceq,C2019
0.029,0.942668455,952.8003075,-5.1728228,0.09528381,4.94277422,0,ceq,C2019
0.029,1.19377664,893.9750958,-5.29285242,0.09426581,4.95210393,0,ceq,C2019
0.029,1.51177507,836.8512252,-5.41653674,0.0932951,4.96109464,0,ceq,C2019
0.029,1.91448198,777.6995374,-5.55223369,0.09240345,4.9694359,0,ceq,C2019
0.029,2.42446202,722.4792541,-5.68776605,0.09159942,4.9770268,0,ceq,C2019
0.029,3.07029063,675.2880915,-5.81214629,0.09086056,4.98406143,0,ceq,C2019
0.029,3.88815518,631.0130536,-5.93667579,0.09015891,4.99079491,0,ceq,C2019
0.029,4.92388263,586.5581197,-6.06983442,0.0895116,4.99705363,0,ceq,C2019
0.029,6.23550734,545.5593905,-6.20139807,0.08892789,5.00273625,0,ceq,C2019
0.029,7.89652287,511.0982341,-6.31993862,0.08839737,5.00793357,0,ceq,C2019
0.029,10,482.429522,-6.42504745,0.08790894,5.01274617,0,ceq,C2019
0.03,0.001,2848.316862,-1.95860019,0.43146991,3.64563694,0,ceq,C2019
0.03,0.00126638,2845.183955,-2.01659912,0.40449274,3.70171412,0,ceq,C2019
0.03,0.001603719,2842.431395,-2.05463085,0.38790827,3.73807834,0,ceq,C2019
0.03,0.002030918,2840.93993,-2.07360202,0.37991942,3.7561532,0,ceq,C2019
0.03,0.002571914,2840.112381,-2.08408038,0.37558402,3.76612179,0,ceq,C2019
0.03,0.003257021,2839.225145,-2.09537912,0.37096395,3.77687264,0,ceq,C2019
0.03,0.004124626,2837.884195,-2.11239438,0.36410914,3.79307283,0,ceq,C2019
0.03,0.005223345,2835.588635,-2.14219149,0.3524125,3.8214332,0,ceq,C2019
0.03,0.006614741,2829.838572,-2.20908972,0.32761337,3.88481253,0,ceq,C2019
0.03,0.008376776,2798.646518,-2.37514321,0.27666526,4.03162858,0,ceq,C2019
0.03,0.010608184,2752.705005,-2.53205089,0.23871708,4.15977131,0,ceq,C2019
0.03,0.013433993,2700.707113,-2.66784385,0.21210484,4.262436,0,ceq,C2019
0.03,0.017012543,2652.460821,-2.78540691,0.19205149,4.34870259,0,ceq,C2019
0.03,0.021544347,2605.465022,-2.89328524,0.17579406,4.42552952,0,ceq,C2019
0.03,0.027283334,2544.186526,-3.00407923,0.16228921,4.4949586,0,ceq,C2019
0.03,0.034551073,2480.417079,-3.11183656,0.15081922,4.5586242,0,ceq,C2019
0.03,0.043754794,2401.007411,-3.2275564,0.14088521,4.61780543,0,ceq,C2019
0.03,0.055410203,2308.418661,-3.34942733,0.13246038,4.671365,0,ceq,C2019
0.03,0.070170383,2193.862202,-3.48607819,0.12530711,4.7195855,0,ceq,C2019
0.03,0.088862382,2072.981542,-3.62630977,0.11942241,4.76136411,0,ceq,C2019
0.03,0.112533558,1949.786929,-3.76898711,0.11453912,4.79762918,0,ceq,C2019
0.03,0.142510267,1813.184858,-3.92688076,0.1104325,4.82934262,0,ceq,C2019
0.03,0.180472177,1669.314997,-4.09663901,0.10715954,4.85547411,0,ceq,C2019
0.03,0.228546386,1537.870777,-4.26112945,0.10447697,4.8774947,0,ceq,C2019
0.03,0.289426612,1422.984693,-4.41495042,0.102225,4.89642134,0,ceq,C2019
0.03,0.366524124,1305.148906,-4.58136753,0.10033068,4.91266837,0,ceq,C2019
0.03,0.464158883,1230.025661,-4.69868366,0.0986878,4.92700896,0,ceq,C2019
0.03,0.587801607,1131.151785,-4.85742705,0.09720245,4.94018133,0,ceq,C2019
0.03,0.744380301,1043.569238,-5.00861204,0.09596073,4.95134877,0,ceq,C2019
0.03,0.942668455,975.3007254,-5.1361835,0.0948553,4.9614125,0,ceq,C2019
0.03,1.19377664,915.2898623,-5.25596143,0.09382737,4.97087659,0,ceq,C2019
0.03,1.51177507,857.8183942,-5.37771697,0.09284984,4.9799733,0,ceq,C2019
0.03,1.91448198,797.9514113,-5.51193063,0.09194081,4.9885189,0,ceq,C2019
0.03,2.42446202,741.8810763,-5.64629498,0.09112044,4.99630388,0,ceq,C2019
0.03,3.07029063,690.6845637,-5.77765862,0.09037294,5.00345868,0,ceq,C2019
0.03,3.88815518,646.7734946,-5.89858022,0.08966705,5.01026975,0,ceq,C2019
0.03,4.92388263,601.7697363,-6.03022509,0.08901174,5.01664092,0,ceq,C2019
0.03,6.23550734,560.1346817,-6.16058288,0.08842027,5.02243178,0,ceq,C2019
0.03,7.89652287,524.9249921,-6.2786161,0.087886,5.02769609,0,ceq,C2019
0.03,10,495.1315352,-6.38499795,0.08739351,5.03257714,0,ceq,C2019
0.031,0.001,2858.273157,-1.93660584,0.43945178,3.64395615,0,ceq,C2019
0.031,0.00126638,2855.98819,-1.99178229,0.41306869,3.69773228,0,ceq,C2019
0.031,0.001603719,2853.868103,-2.02637283,0.39752958,3.73103773,0,ceq,C2019
0.031,0.002030918,2852.671212,-2.0432434,0.39020923,3.74718164,0,ceq,C2019
0.031,0.002571914,2851.921045,-2.05336525,0.3858928,3.75684326,0,ceq,C2019
0.031,0.003257021,2850.973102,-2.0653981,0.38082931,3.76831543,0,ceq,C2019
0.031,0.004124626,2849.535166,-2.08404771,0.37312411,3.78606982,0,ceq,C2019
0.031,0.005223345,2846.895854,-2.11767046,0.3596155,3.81809923,0,ceq,C2019
0.031,0.006614741,2840.580377,-2.19757568,0.32947838,3.89412221,0,ceq,C2019
0.031,0.008376776,2809.0136,-2.36989671,0.27629802,4.04702067,0,ceq,C2019
0.031,0.010608184,2766.171823,-2.51969569,0.23978028,4.17015089,0,ceq,C2019
0.031,0.013433993,2717.108517,-2.65109906,0.21362818,4.27046032,0,ceq,C2019
0.031,0.017012543,2669.119614,-2.76741556,0.19363176,4.35582436,0,ceq,C2019
0.031,0.021544347,2625.988777,-2.87172307,0.17741059,4.43181922,0,ceq,C2019
0.031,0.027283334,2566.330389,-2.98140063,0.16371838,4.50158291,0,ceq,C2019
0.031,0.034551073,2507.43558,-3.08497921,0.15222297,4.5648174,0,ceq,C2019
0.031,0.043754794,2430.633875,-3.19888488,0.14208431,4.62468447,0,ceq,C2019
0.031,0.055410203,2342.106322,-3.31758793,0.13348174,4.67893405,0,ceq,C2019
0.031,0.070170383,2235.325667,-3.44806483,0.12609811,4.72835898,0,ceq,C2019
0.031,0.088862382,2117.159377,-3.58556277,0.11998817,4.77150063,0,ceq,C2019
0.031,0.112533558,1994.45427,-3.72674871,0.11492259,4.80896673,0,ceq,C2019
0.031,0.142510267,1860.094621,-3.88089831,0.11064058,4.8419477,0,ceq,C2019
0.031,0.180472177,1715.030432,-4.04949696,0.10718288,4.86952543,0,ceq,C2019
0.031,0.228546386,1581.951763,-4.21280758,0.10438396,4.89250847,0,ceq,C2019
0.031,0.289426612,1460.018628,-4.37179631,0.10205281,4.91212653,0,ceq,C2019
0.031,0.366524124,1346.05208,-4.53004986,0.1000652,4.92920998,0,ceq,C2019
0.031,0.464158883,1256.101932,-4.6648175,0.09839586,4.94382272,0,ceq,C2019
0.031,0.587801607,1171.792606,-4.79919861,0.09685816,4.9575038,0,ceq,C2019
0.031,0.744380301,1069.651998,-4.96929062,0.09556861,4.96914582,0,ceq,C2019
0.031,0.942668455,997.705523,-5.10054385,0.09444039,4.97946039,0,ceq,C2019
0.031,1.19377664,936.8746997,-5.21942487,0.09340244,4.98905952,0,ceq,C2019
0.031,1.51177507,877.7735677,-5.34178479,0.09241823,4.99826068,0,ceq,C2019
0.031,1.91448198,818.443784,-5.47210945,0.09149423,5.00698854,0,ceq,C2019
0.031,2.42446202,761.1831151,-5.60609525,0.0906577,5.01496653,0,ceq,C2019
0.031,3.07029063,707.2378036,-5.74110852,0.08989604,5.02229484,0,ceq,C2019
0.031,3.88815518,662.0607102,-5.86267159,0.08918709,5.02917193,0,ceq,C2019
0.031,4.92388263,617.0619533,-5.9914046,0.08852552,5.03563895,0,ceq,C2019
0.031,6.23550734,574.8886053,-6.12026619,0.08792745,5.04152701,0,ceq,C2019
0.031,7.89652287,538.5202249,-6.23913633,0.08738809,5.04687139,0,ceq,C2019
0.031,10,508.2783315,-6.3445183,0.08688972,5.05183917,0,ceq,C2019
0.032,0.001,2867.81569,-1.91520759,0.44741932,3.64213547,0,ceq,C2019
0.032,0.00126638,2866.261124,-1.96752553,0.42172068,3.69351627,0,ceq,C2019
0.032,0.001603719,2864.77959,-1.99894771,0.40716129,3.72403187,0,ceq,C2019
0.032,0.002030918,2863.891923,-2.01413349,0.40035453,3.73867517,0,ceq,C2019
0.032,0.002571914,2863.225181,-2.02414797,0.39594131,3.74830306,0,ceq,C2019
0.032,0.003257021,2862.403743,-2.03688198,0.39041344,3.7605148,0,ceq,C2019
0.032,0.004124626,2860.894123,-2.05719872,0.38178544,3.77992597,0,ceq,C2019
0.032,0.005223345,2857.989682,-2.09529903,0.36615056,3.81624531,0,ceq,C2019
0.032,0.006614741,2850.732538,-2.19097224,0.32963365,3.90750122,0,ceq,C2019
0.032,0.008376776,2819.458799,-2.36342257,0.27630166,4.06079969,0,ceq,C2019
0.032,0.010608184,2779.502555,-2.50705246,0.2409725,4.17963211,0,ceq,C2019
0.032,0.013433993,2733.411516,-2.63434499,0.21520109,4.27787542,0,ceq,C2019
0.032,0.017012543,2685.741336,-2.74945552,0.19524237,4.36241781,0,ceq,C2019
0.032,0.021544347,2645.001893,-2.85132162,0.17902372,4.43774549,0,ceq,C2019
0.032,0.027283334,2588.740888,-2.95856383,0.16518659,4.50761693,0,ceq,C2019
0.032,0.034551073,2531.754025,-3.06032225,0.15361184,4.57071593,0,ceq,C2019
0.032,0.043754794,2458.648598,-3.1715059,0.14331186,4.63100208,0,ceq,C2019
0.032,0.055410203,2374.798489,-3.28676705,0.13452145,4.68598137,0,ceq,C2019
0.032,0.070170383,2276.043685,-3.41090337,0.12694586,4.73632858,0,ceq,C2019
0.032,0.088862382,2158.811899,-3.54729447,0.12059912,4.78087764,0,ceq,C2019
0.032,0.112533558,2035.962222,-3.68784732,0.115335,4.81964212,0,ceq,C2019
0.032,0.142510267,1905.978334,-3.83656473,0.11089414,4.8537482,0,ceq,C2019
0.032,0.180472177,1763.380548,-4.00067565,0.10725063,4.88276542,0,ceq,C2019
0.032,0.228546386,1625.952462,-4.16566134,0.10432414,4.90679526,0,ceq,C2019
0.032,0.289426612,1495.086257,-4.33183243,0.10189944,4.92722108,0,ceq,C2019
0.032,0.366524124,1387.999341,-4.47870513,0.0998361,4.94498902,0,ceq,C2019
0.032,0.464158883,1280.838549,-4.63340446,0.09811444,4.96009882,0,ceq,C2019
0.032,0.587801607,1208.336191,-4.74856514,0.09655294,4.97403347,0,ceq,C2019
0.032,0.744380301,1095.375135,-4.93138551,0.09519443,4.98634148,0,ceq,C2019
0.032,0.942668455,1021.136553,-5.06385342,0.0940434,4.99690776,0,ceq,C2019
0.032,1.19377664,958.2221595,-5.18410236,0.09299328,5.00666119,0,ceq,C2019
0.032,1.51177507,897.2860354,-5.30755871,0.09199901,5.01599799,0,ceq,C2019
0.032,1.91448198,838.5432587,-5.43407107,0.09106214,5.02488859,0,ceq,C2019
0.032,2.42446202,779.9633533,-5.56804046,0.09021029,5.03305209,0,ceq,C2019
0.032,3.07029063,725.5122289,-5.70127153,0.08943469,5.04055222,0,ceq,C2019
0.032,3.88815518,677.0080478,-5.82843298,0.08872074,5.04751389,0,ceq,C2019
0.032,4.92388263,632.1691569,-5.95402467,0.08805393,5.05406672,0,ceq,C2019
0.032,6.23550734,589.3965074,-6.08169578,0.08744912,5.06005328,0,ceq,C2019
0.032,7.89652287,552.0251339,-6.20093984,0.08690369,5.06548775,0,ceq,C2019
0.032,10,521.8543661,-6.30362263,0.08639999,5.0705368,0,ceq,C2019
0.033,0.001,2877.026963,-1.89434984,0.45537294,3.64019671,0,ceq,C2019
0.033,0.00126638,2876.089127,-1.94381901,0.43043371,3.68911815,0,ceq,C2019
0.033,0.001603719,2875.098241,-1.97238027,0.41679694,3.71707955,0,ceq,C2019
0.033,0.002030918,2874.521725,-1.98611339,0.41043466,3.73044079,0,ceq,C2019
0.033,0.002571914,2874.027681,-1.99612888,0.40586542,3.74016429,0,ceq,C2019
0.033,0.003257021,2873.27739,-2.00967403,0.39979651,3.75325044,0,ceq,C2019
0.033,0.004124626,2871.881087,-2.0316773,0.39016939,3.77442236,0,ceq,C2019
0.033,0.005223345,2868.769077,-2.07480608,0.37207279,3.81567272,0,ceq,C2019
0.033,0.006614741,2860.48815,-2.18755822,0.32867246,3.92340154,0,ceq,C2019
0.033,0.008376776,2830.318259,-2.35535559,0.27674837,4.07276029,0,ceq,C2019
0.033,0.010608184,2792.696299,-2.49386729,0.24234813,4.18805041,0,ceq,C2019
0.033,0.013433993,2749.510549,-2.61741971,0.21687157,4.2845246,0,ceq,C2019
0.033,0.017012543,2702.300073,-2.73135468,0.19691614,4.36836812,0,ceq,C2019
0.033,0.021544347,2662.82706,-2.83180578,0.18065059,4.44325019,0,ceq,C2019
0.033,0.027283334,2610.767812,-2.93583599,0.16671318,4.51299003,0,ceq,C2019
0.033,0.034551073,2553.86316,-3.03747449,0.15498373,4.57635792,0,ceq,C2019
0.033,0.043754794,2485.806678,-3.14478454,0.14457572,4.63673915,0,ceq,C2019
0.033,0.055410203,2406.55317,-3.25679782,0.13559134,4.69246617,0,ceq,C2019
0.033,0.070170383,2313.504009,-3.37643847,0.12783759,4.74361225,0,ceq,C2019
0.033,0.088862382,2198.028295,-3.51137366,0.12124737,4.78958473,0,ceq,C2019
0.033,0.112533558,2076.865369,-3.64995404,0.1157802,4.82966012,0,ceq,C2019
0.033,0.142510267,1953.064228,-3.7918671,0.11118904,4.86480566,0,ceq,C2019
0.033,0.180472177,1810.650829,-3.95382629,0.10736176,4.89522979,0,ceq,C2019
0.033,0.228546386,1669.534649,-4.1199611,0.10429209,4.92042564,0,ceq,C2019
0.033,0.289426612,1535.886288,-4.28623962,0.10176432,4.94173756,0,ceq,C2019
0.033,0.366524124,1424.38728,-4.43546485,0.09964022,4.96005923,0,ceq,C2019
0.033,0.464158883,1307.565724,-4.59996948,0.09784014,4.97589443,0,ceq,C2019
0.033,0.587801607,1233.489843,-4.71535279,0.09626923,4.98995372,0,ceq,C2019
0.033,0.744380301,1131.201724,-4.87876087,0.09483889,5.00295563,0,ceq,C2019
0.033,0.942668455,1044.806239,-5.02762136,0.09365979,5.01382208,0,ceq,C2019
0.033,1.19377664,979.268158,-5.15008828,0.09259489,5.02375422,0,ceq,C2019
0.033,1.51177507,918.2738352,-5.27127048,0.09158984,5.03323362,0,ceq,C2019
0.033,1.91448198,858.043908,-5.39812842,0.0906426,5.04226348,0,ceq,C2019
0.033,2.42446202,798.1258113,-5.53222656,0.0897761,5.05060666,0,ceq,C2019
0.033,3.07029063,743.2884083,-5.66354821,0.08898868,5.0582587,0,ceq,C2019
0.033,3.88815518,691.6704438,-5.79567885,0.08826625,5.06533882,0,ceq,C2019
0.033,4.92388263,647.0740149,-5.91805575,0.08759537,5.07196582,0,ceq,C2019
0.033,6.23550734,603.8146723,-6.04436636,0.08698374,5.07805206,0,ceq,C2019
0.033,7.89652287,566.4217361,-6.16096367,0.08643156,5.08358347,0,ceq,C2019
0.033,10,535.2406298,-6.26443604,0.08592238,5.0887156,0,ceq,C2019
0.034,0.001,2885.891506,-1.87401858,0.46330114,3.63816907,0,ceq,C2019
0.034,0.00126638,2885.517147,-1.92068064,0.43918549,3.68459936,0,ceq,C2019
0.034,0.001603719,2884.897129,-1.94667939,0.42641319,3.71023197,0,ceq,C2019
0.034,0.002030918,2884.52746,-1.95918063,0.4204272,3.72251223,0,ceq,C2019
0.034,0.002571914,2884.120343,-1.96940038,0.41561701,3.73250709,0,ceq,C2019
0.034,0.003257021,2883.540836,-1.98367381,0.40900643,3.74643344,0,ceq,C2019
0.034,0.004124626,2882.383444,-2.00748857,0.39827143,3.76953517,0,ceq,C2019
0.034,0.005223345,2879.274139,-2.05624701,0.37734185,3.81642341,0,ceq,C2019
0.034,0.006614741,2870.09084,-2.18499728,0.32744404,3.93961941,0,ceq,C2019
0.034,0.008376776,2841.407863,-2.34601931,0.27755603,4.08319412,0,ceq,C2019
0.034,0.010608184,2805.205694,-2.48064125,0.24387942,4.19554432,0,ceq,C2019
0.034,0.013433993,2765.307623,-2.60048776,0.21862399,4.29050003,0,ceq,C2019
0.034,0.017012543,2718.0598,-2.71369025,0.19864042,4.37375911,0,ceq,C2019
0.034,0.021544347,2679.681715,-2.8129648,0.18229689,4.44833677,0,ceq,C2019
0.034,0.027283334,2631.927139,-2.91367892,0.16828143,4.51782176,0,ceq,C2019
0.034,0.034551073,2574.660535,-3.01579334,0.15634699,4.58171644,0,ceq,C2019
0.034,0.043754794,2512.271914,-3.11862549,0.14587427,4.64193738,0,ceq,C2019
0.034,0.055410203,2435.639491,-3.22897661,0.13668147,4.69847585,0,ceq,C2019
0.034,0.070170383,2346.710469,-3.34547729,0.12875574,4.75036188,0,ceq,C2019
0.034,0.088862382,2237.504766,-3.47555066,0.12193363,4.7976475,0,ceq,C2019
0.034,0.112533558,2117.508382,-3.61266787,0.11626351,4.83900701,0,ceq,C2019
0.034,0.142510267,1995.926814,-3.75158959,0.11151799,4.87520482,0,ceq,C2019
0.034,0.180472177,1855.182946,-3.91036761,0.10751456,4.90695953,0,ceq,C2019
0.034,0.228546386,1712.629632,-4.07570485,0.1042917,4.93339397,0,ceq,C2019
0.034,0.289426612,1576.979279,-4.24126768,0.10165541,4.95563225,0,ceq,C2019
0.034,0.366524124,1457.328432,-4.39730519,0.09946395,4.9745623,0,ceq,C2019
0.034,0.464158883,1345.331267,-4.55278363,0.09758302,4.99114475,0,ceq,C2019
0.034,0.587801607,1257.028069,-4.68500805,0.09599386,5.00540682,0,ceq,C2019
0.034,0.744380301,1169.788912,-4.82342919,0.09451741,5.0188699,0,ceq,C2019
0.034,0.942668455,1068.59745,-4.99189692,0.09329347,5.030191,0,ceq,C2019
0.034,1.19377664,1000.160198,-5.11700656,0.09221125,5.04032551,0,ceq,C2019
0.034,1.51177507,939.1599759,-5.23595641,0.09119602,5.04994144,0,ceq,C2019
0.034,1.91448198,877.0485672,-5.3639682,0.09023779,5.05911625,0,ceq,C2019
0.034,2.42446202,816.7144812,-5.49630215,0.08935671,5.06763886,0,ceq,C2019
0.034,3.07029063,760.6706777,-5.62760266,0.08855794,5.07543816,0,ceq,C2019
0.034,3.88815518,707.2354289,-5.76135743,0.08782455,5.08266126,0,ceq,C2019
0.034,4.92388263,661.7746692,-5.88345555,0.0871507,5.08935135,0,ceq,C2019
0.034,6.23550734,618.6625232,-6.00668613,0.08653236,5.09553601,0,ceq,C2019
0.034,7.89652287,580.7142483,-6.12228638,0.08597347,5.10116427,0,ceq,C2019
0.034,10,548.3922236,-6.22698046,0.08545659,5.10640202,0,ceq,C2019
0.035,0.001,2894.416127,-1.85420489,0.47119185,3.63608781,0,ceq,C2019
0.035,0.00126638,2894.473456,-1.89811138,0.44795625,3.68001136,0,ceq,C2019
0.035,0.001603719,2894.184548,-1.92172369,0.43602624,3.70345761,0,ceq,C2019
0.035,0.002030918,2893.975467,-1.93342386,0.43025666,3.71502795,0,ceq,C2019
0.035,0.002571914,2893.729354,-1.94389103,0.42517382,3.72534965,0,ceq,C2019
0.035,0.003257021,2893.310493,-1.95903639,0.4179427,3.74024937,0,ceq,C2019
0.035,0.004124626,2892.383339,-1.98487488,0.40595663,3.76552335,0,ceq,C2019
0.035,0.005223345,2889.409847,-2.04030305,0.38163533,3.81918523,0,ceq,C2019
0.035,0.006614741,2879.573585,-2.18207574,0.32638588,3.95502107,0,ceq,C2019
0.035,0.008376776,2852.445548,-2.33636962,0.27848279,4.09288762,0,ceq,C2019
0.035,0.010608184,2816.711195,-2.4680003,0.24543217,4.20262139,0,ceq,C2019
0.035,0.013433993,2780.523088,-2.58399187,0.22038526,4.29611827,0,ceq,C2019
0.035,0.017012543,2734.042819,-2.69596923,0.20037001,4.37881846,0,ceq,C2019
0.035,0.021544347,2695.929911,-2.7946954,0.18393669,4.45314811,0,ceq,C2019
0.035,0.027283334,2652.14001,-2.89229676,0.16985516,4.52232525,0,ceq,C2019
0.035,0.034551073,2594.940523,-2.99463947,0.15770659,4.5867839,0,ceq,C2019
0.035,0.043754794,2537.423252,-3.09360297,0.14718042,4.64678403,0,ceq,C2019
0.035,0.055410203,2463.211704,-3.20245861,0.13778372,4.7040883,0,ceq,C2019
0.035,0.070170383,2378.322396,-3.31598479,0.12968597,4.75669769,0,ceq,C2019
0.035,0.088862382,2276.141978,-3.44065284,0.1226597,4.80507907,0,ceq,C2019
0.035,0.112533558,2156.983044,-3.57672003,0.11678214,4.84773105,0,ceq,C2019
0.035,0.142510267,2035.637784,-3.71463997,0.11186873,4.88506643,0,ceq,C2019
0.035,0.180472177,1899.464065,-3.86787376,0.10770254,4.91803105,0,ceq,C2019
0.035,0.228546386,1756.567825,-4.03142899,0.10432248,4.94572686,0,ceq,C2019
0.035,0.289426612,1618.295257,-4.19708202,0.10157276,4.96892813,0,ceq,C2019
0.035,0.366524124,1488.86687,-4.36152975,0.09930034,4.98858104,0,ceq,C2019
0.035,0.464158883,1384.185195,-4.50538192,0.09735619,5.00575561,0,ceq,C2019
0.035,0.587801607,1279.301506,-4.65693361,0.09572432,5.02043825,0,ceq,C2019
0.035,0.744380301,1205.020556,-4.77453361,0.09422833,5.03411972,0,ceq,C2019
0.035,0.942668455,1092.561408,-4.95666302,0.09294279,5.0460511,0,ceq,C2019
0.035,1.19377664,1021.744355,-5.08342361,0.09184082,5.05641089,0,ceq,C2019
0.035,1.51177507,959.5027253,-5.20233589,0.09081577,5.06615987,0,ceq,C2019
0.035,1.91448198,895.5347313,-5.33152079,0.08984532,5.07549144,0,ceq,C2019
0.035,2.42446202,835.1712668,-5.46145265,0.08895106,5.08418007,0,ceq,C2019
0.035,3.07029063,777.6149991,-5.59345285,0.08814072,5.0921291,0,ceq,C2019
0.035,3.88815518,724.1259226,-5.72459516,0.08739707,5.09948853,0,ceq,C2019
0.035,4.92388263,676.3142249,-5.85002094,0.08671838,5.10625992,0,ceq,C2019
0.035,6.23550734,633.4175133,-5.97014791,0.08609386,5.11253789,0,ceq,C2019
0.035,7.89652287,594.7837883,-6.08519869,0.08552774,5.11826832,0,ceq,C2019
0.035,10,562.3260394,-6.18805143,0.08500176,5.12362646,0,ceq,C2019
0.036,0.001,2902.150965,-1.83503552,0.47913573,3.63380068,0,ceq,C2019
0.036,0.00126638,2902.418276,-1.87628506,0.45684252,3.6751853,0,ceq,C2019
0.036,0.001603719,2902.418276,-1.89780331,0.44566536,3.69669967,0,ceq,C2019
0.036,0.002030918,2902.351446,-1.90876948,0.44009514,3.70762387,0,ceq,C2019
0.036,0.002571914,2902.217791,-1.91954245,0.43469662,3.71834444,0,ceq,C2019
0.036,0.003257021,2902.020243,-1.9355025,0.42683756,3.73419156,0,ceq,C2019
0.036,0.004124626,2901.54848,-1.96333273,0.41352727,3.76170845,0,ceq,C2019
0.036,0.005223345,2899.245947,-2.02582301,0.38542342,3.82284076,0,ceq,C2019
0.036,0.006614741,2889.182045,-2.17655561,0.32628135,3.9675346,0,ceq,C2019
0.036,0.008376776,2863.712069,-2.32527926,0.27985269,4.1008604,0,ceq,C2019
0.036,0.010608184,2828.313585,-2.45465358,0.24720121,4.2086176,0,ceq,C2019
0.036,0.013433993,2795.358474,-2.56727692,0.22228241,4.30090695,0,ceq,C2019
0.036,0.017012543,2750.415507,-2.67777069,0.2021835,4.38322686,0,ceq,C2019
0.036,0.021544347,2711.048357,-2.77702703,0.18562911,4.45742713,0,ceq,C2019
0.036,0.027283334,2671.137223,-2.87174797,0.17145846,4.52640057,0,ceq,C2019
0.036,0.034551073,2614.564145,-2.97388622,0.15910844,4.59133209,0,ceq,C2019
0.036,0.043754794,2560.802337,-3.06995971,0.1484909,4.65131934,0,ceq,C2019
0.036,0.055410203,2489.416331,-3.17697663,0.13891364,4.70922901,0,ceq,C2019
0.036,0.070170383,2408.481653,-3.2877276,0.13064135,4.76255699,0,ceq,C2019
0.036,0.088862382,2312.909299,-3.40734632,0.12343414,4.811847,0,ceq,C2019
0.036,0.112533558,2194.959574,-3.54229096,0.11733421,4.85586851,0,ceq,C2019
0.036,0.142510267,2073.954081,-3.67933319,0.11224465,4.89438683,0,ceq,C2019
0.036,0.180472177,1944.89078,-3.82498938,0.10793048,4.92842951,0,ceq,C2019
0.036,0.228546386,1799.400171,-3.9890559,0.10438747,4.95742039,0,ceq,C2019
0.036,0.289426612,1659.936364,-4.15339839,0.10151801,4.98163057,0,ceq,C2019
0.036,0.366524124,1524.759347,-4.32144646,0.09915289,5.0021062,0,ceq,C2019
0.036,0.464158883,1417.640201,-4.4656251,0.09715823,5.01975788,0,ceq,C2019
0.036,0.587801607,1302.236554,-4.62843474,0.09546288,5.0350479,0,ceq,C2019
0.036,0.744380301,1228.289184,-4.74375347,0.09396046,5.04882682,0,ceq,C2019
0.036,0.942668455,1123.369752,-4.91147583,0.09261089,5.06139296,0,ceq,C2019
0.036,1.19377664,1043.367038,-5.05040155,0.09148594,5.07200824,0,ceq,C2019
0.036,1.51177507,979.4218363,-5.17016502,0.09044943,5.08190519,0,ceq,C2019
0.036,1.91448198,915.494621,-5.29690061,0.08946575,5.09140313,0,ceq,C2019
0.036,2.42446202,853.2738018,-5.42801885,0.08855927,5.10024869,0,ceq,C2019
0.036,3.07029063,794.1203518,-5.56094297,0.08773715,5.10834973,0,ceq,C2019
0.036,3.88815518,740.705579,-5.68939017,0.0869847,5.11583104,0,ceq,C2019
0.036,4.92388263,690.6813042,-5.81773686,0.08629857,5.12270956,0,ceq,C2019
0.036,6.23550734,648.117772,-5.93459449,0.08566866,5.12907282,0,ceq,C2019
0.036,7.89652287,609.1679508,-6.04812759,0.0850936,5.13492291,0,ceq,C2019
0.036,10,576.2941572,-6.14995713,0.08455928,5.14039414,0,ceq,C2019
0.037,0.001,2908.573212,-1.81670795,0.48720374,3.63119731,0,ceq,C2019
0.037,0.00126638,2908.975074,-1.85551228,0.46579479,3.67022721,0,ceq,C2019
0.037,0.001603719,2909.109041,-1.87525339,0.45528469,3.69005011,0,ceq,C2019
0.037,0.002030918,2909.109041,-1.88574077,0.44980757,3.70056317,0,ceq,C2019
0.037,0.002571914,2909.176026,-1.89686429,0.44407649,3.71170081,0,ceq,C2019
0.037,0.003257021,2909.109041,-1.91371847,0.43555728,3.72852576,0,ceq,C2019
0.037,0.004124626,2908.857085,-1.94377412,0.42081203,3.75844001,0,ceq,C2019
0.037,0.005223345,2907.171904,-2.01436306,0.38842372,3.82800454,0,ceq,C2019
0.037,0.006614741,2898.84715,-2.16972511,0.32667157,3.97839443,0,ceq,C2019
0.037,0.008376776,2874.832668,-2.31366056,0.281434,4.10786447,0,ceq,C2019
0.037,0.010608184,2839.822584,-2.44103951,0.24907194,4.21396916,0,ceq,C2019
0.037,0.013433993,2808.843451,-2.55131005,0.22424091,4.30518637,0,ceq,C2019
0.037,0.017012543,2766.905478,-2.65944669,0.20403954,4.38718739,0,ceq,C2019
0.037,0.021544347,2725.73487,-2.75965328,0.18733881,4.461363,0,ceq,C2019
0.037,0.027283334,2688.730613,-2.85224294,0.17306399,4.53020511,0,ceq,C2019
0.037,0.034551073,2634.409632,-2.95294983,0.16054245,4.5954385,0,ceq,C2019
0.037,0.043754794,2582.170412,-3.04799091,0.14978381,4.65568778,0,ceq,C2019
0.037,0.055410203,2514.587464,-3.15231357,0.14006821,4.71393809,0,ceq,C2019
0.037,0.070170383,2436.492105,-3.26118842,0.1316136,4.76801637,0,ceq,C2019
0.037,0.088862382,2346.205974,-3.376879,0.12423872,4.81810232,0,ceq,C2019
0.037,0.112533558,2233.00033,-3.50813757,0.11791715,4.86346237,0,ceq,C2019
0.037,0.142510267,2111.618168,-3.64495107,0.11264877,4.90316425,0,ceq,C2019
0.037,0.180472177,1987.365323,-3.78536074,0.10819269,4.93822111,0,ceq,C2019
0.037,0.228546386,1840.741942,-3.94877088,0.10448392,4.96851791,0,ceq,C2019
0.037,0.289426612,1700.332145,-4.11188271,0.10149128,4.99375912,0,ceq,C2019
0.037,0.366524124,1563.206286,-4.27928008,0.09902805,5.0151,0,ceq,C2019
0.037,0.464158883,1447.273641,-4.43133659,0.09697606,5.03328697,0,ceq,C2019
0.037,0.587801607,1336.10591,-4.58611135,0.09521454,5.04920985,0,ceq,C2019
0.037,0.744380301,1250.694574,-4.71479956,0.09369935,5.06314322,0,ceq,C2019
0.037,0.942668455,1157.279977,-4.8626914,0.09230199,5.07619396,0,ceq,C2019
0.037,1.19377664,1064.847975,-5.01825525,0.09114359,5.08716373,0,ceq,C2019
0.037,1.51177507,998.8395224,-5.13947072,0.09009485,5.09721606,0,ceq,C2019
0.037,1.91448198,935.5524204,-5.26281845,0.08910036,5.1068571,0,ceq,C2019
0.037,2.42446202,871.1091128,-5.39580983,0.08818058,5.1158701,0,ceq,C2019
0.037,3.07029063,811.0270702,-5.52821582,0.08734586,5.12413134,0,ceq,C2019
0.037,3.88815518,756.9327604,-5.65573178,0.08658535,5.1317271,0,ceq,C2019
0.037,4.92388263,705.569673,-5.78481906,0.08588956,5.13873523,0,ceq,C2019
0.037,6.23550734,662.6915843,-5.90016853,0.08525503,5.14517596,0,ceq,C2019
0.037,7.89652287,623.8348222,-6.01109071,0.0846712,5.15114457,0,ceq,C2019
0.037,10,590.072635,-6.11333485,0.08412762,5.15673872,0,ceq,C2019
0.038,0.001,2914.842922,-1.79866054,0.49528739,3.62848627,0,ceq,C2019
0.038,0.00126638,2915.33004,-1.83514237,0.47476947,3.66523308,0,ceq,C2019
0.038,0.001603719,2915.546686,-1.85323626,0.46490966,3.68346114,0,ceq,C2019
0.038,0.002030918,2915.622042,-1.86336455,0.45948766,3.6936504,0,ceq,C2019
0.038,0.002571914,2915.748091,-1.87487072,0.45340804,3.70521982,0,ceq,C2019
0.038,0.003257021,2915.88237,-1.89257601,0.44422551,3.72299119,0,ceq,C2019
0.038,0.004124626,2915.885964,-1.92491204,0.42797589,3.75535932,0,ceq,C2019
0.038,0.005223345,2914.741201,-2.00422779,0.3909376,3.8339831,0,ceq,C2019
0.038,0.006614741,2907.256216,-2.16187128,0.32773013,3.98716595,0,ceq,C2019
0.038,0.008376776,2885.853531,-2.30112531,0.28334743,4.11356186,0,ceq,C2019
0.038,0.010608184,2851.449308,-2.42681891,0.25111932,4.21844013,0,ceq,C2019
0.038,0.013433993,2821.501836,-2.53556259,0.22629667,4.30884378,0,ceq,C2019
0.038,0.017012543,2783.387713,-2.64092978,0.20597624,4.39056619,0,ceq,C2019
0.038,0.021544347,2740.620637,-2.74213735,0.18908717,4.46487372,0,ceq,C2019
0.038,0.027283334,2704.905321,-2.83371726,0.17468506,4.53368723,0,ceq,C2019
0.038,0.034551073,2654.590571,-2.93173926,0.162017,4.59907766,0,ceq,C2019
0.038,0.043754794,2601.894456,-3.02733391,0.15107103,4.65983684,0,ceq,C2019
0.038,0.055410203,2539.211907,-3.12804775,0.14125479,4.71819344,0,ceq,C2019
0.038,0.070170383,2463.664319,-3.2354098,0.1326026,4.77309414,0,ceq,C2019
0.038,0.088862382,2377.481823,-3.34809414,0.12506812,4.82390601,0,ceq,C2019
0.038,0.112533558,2269.840767,-3.47514494,0.11853877,4.87047795,0,ceq,C2019
0.038,0.142510267,2147.857043,-3.61203787,0.11308169,4.9114138,0,ceq,C2019
0.038,0.180472177,2027.140039,-3.74858082,0.10848372,4.9474702,0,ceq,C2019
0.038,0.228546386,1882.466299,-3.90878251,0.10461141,4.97904056,0,ceq,C2019
0.038,0.289426612,1740.881341,-4.07092642,0.10148972,5.00535423,0,ceq,C2019
0.038,0.366524124,1601.025646,-4.23863594,0.09892637,5.02757419,0,ceq,C2019
0.038,0.464158883,1476.41946,-4.39820235,0.09680758,5.04637932,0,ceq,C2019
0.038,0.587801607,1370.554651,-4.54393544,0.0949887,5.06285441,0,ceq,C2019
0.038,0.744380301,1272.286355,-4.68742692,0.09344364,5.07709867,0,ceq,C2019
0.038,0.942668455,1191.108093,-4.81532577,0.09201933,5.09044004,0,ceq,C2019
0.038,1.19377664,1086.313658,-4.98673203,0.09081424,5.10189008,0,ceq,C2019
0.038,1.51177507,1018.770117,-5.10845881,0.08975151,5.1121144,0,ceq,C2019
0.038,1.91448198,955.1461143,-5.23026393,0.08874706,5.12188988,0,ceq,C2019
0.038,2.42446202,888.561423,-5.36498127,0.08781304,5.13107979,0,ceq,C2019
0.038,3.07029063,828.0652851,-5.49588206,0.08696643,5.13949456,0,ceq,C2019
0.038,3.88815518,772.7803369,-5.62363196,0.08619799,5.14720352,0,ceq,C2019
0.038,4.92388263,721.7836988,-5.74934499,0.08549305,5.15433623,0,ceq,C2019
0.038,6.23550734,677.164342,-5.86673346,0.0848524,5.16086955,0,ceq,C2019
0.038,7.89652287,638.4749358,-5.97502467,0.0842601,5.16695394,0,ceq,C2019
0.038,10,603.7968037,-6.0777724,0.08370537,5.17269118,0,ceq,C2019
0.039,0.001,2921.081023,-1.78086786,0.50338251,3.6256853,0,ceq,C2019
0.039,0.00126638,2921.56321,-1.81515816,0.48374855,3.66024043,0,ceq,C2019
0.039,0.001603719,2921.796739,-1.83191901,0.4744222,3.67714938,0,ceq,C2019
0.039,0.002030918,2921.931296,-1.84185848,0.46897589,3.68717846,0,ceq,C2019
0.039,0.002571914,2922.100746,-1.8538059,0.46251758,3.6992229,0,ceq,C2019
0.039,0.003257021,2922.350944,-1.87249011,0.45259966,3.71805077,0,ceq,C2019
0.039,0.004124626,2922.671469,-1.90744451,0.43464498,3.75320985,0,ceq,C2019
0.039,0.005223345,2922.133142,-1.99677703,0.39230788,3.84222486,0,ceq,C2019
0.039,0.006614741,2915.492891,-2.15416405,0.3287879,3.99564991,0,ceq,C2019
0.039,0.008376776,2896.446116,-2.28896321,0.28523983,4.11906122,0,ceq,C2019
0.039,0.010608184,2863.087667,-2.41277578,0.25314693,4.22273422,0,ceq,C2019
0.039,0.013433993,2833.78132,-2.52029089,0.22831926,4.31239615,0,ceq,C2019
0.039,0.017012543,2799.398723,-2.62288724,0.20790219,4.39376143,0,ceq,C2019
0.039,0.021544347,2755.660293,-2.724664,0.19083018,4.46818727,0,ceq,C2019
0.039,0.027283334,2719.554654,-2.81642397,0.17628912,4.53703044,0,ceq,C2019
0.039,0.034551073,2674.372087,-2.91091846,0.16350125,4.60243791,0,ceq,C2019
0.039,0.043754794,2619.742087,-3.008178,0.1523444,4.6638279,0,ceq,C2019
0.039,0.055410203,2563.09785,-3.10447707,0.14244993,4.7221554,0,ceq,C2019
0.039,0.070170383,2489.58868,-3.21070069,0.13360436,4.77783966,0,ceq,C2019
0.039,0.088862382,2406.523297,-3.32116945,0.12591201,4.82934625,0,ceq,C2019
0.039,0.112533558,2305.368742,-3.44335455,0.11919645,4.87695391,0,ceq,C2019
0.039,0.142510267,2183.881101,-3.57959641,0.11354375,4.9191533,0,ceq,C2019
0.039,0.180472177,2064.571832,-3.7142917,0.10879718,4.95624416,0,ceq,C2019
0.039,0.228546386,1925.193744,-3.86848075,0.10477324,4.98897904,0,ceq,C2019
0.039,0.289426612,1780.221464,-4.03190314,0.10151398,5.01642798,0,ceq,C2019
0.039,0.366524124,1640.050912,-4.19748866,0.09884731,5.03954966,0,ceq,C2019
0.039,0.464158883,1506.204483,-4.36491632,0.09665162,5.05906106,0,ceq,C2019
0.039,0.587801607,1403.695055,-4.50429168,0.09478511,5.07599896,0,ceq,C2019
0.039,0.744380301,1293.23276,-4.66136819,0.09319429,5.0907007,0,ceq,C2019
0.039,0.942668455,1216.331216,-4.78136452,0.0917577,5.10419427,0,ceq,C2019
0.039,1.19377664,1110.45579,-4.95158747,0.09049774,5.11620358,0,ceq,C2019
0.039,1.51177507,1038.445216,-5.07843167,0.08942021,5.12660758,0,ceq,C2019
0.039,1.91448198,974.2564509,-5.19917906,0.08840642,5.13651124,0,ceq,C2019
0.039,2.42446202,906.538403,-5.33371821,0.0874565,5.14589467,0,ceq,C2019
0.039,3.07029063,844.9212404,-5.46455249,0.08659844,5.15445873,0,ceq,C2019
0.039,3.88815518,788.2210012,-5.59305705,0.08582183,5.16228331,0,ceq,C2019
0.039,4.92388263,737.7176725,-5.71534155,0.08510893,5.16952853,0,ceq,C2019
0.039,6.23550734,691.4692874,-5.83444839,0.08446019,5.17617469,0,ceq,C2019
0.039,7.89652287,653.0338051,-5.93999628,0.08385989,5.18237024,0,ceq,C2019
0.039,10,618.1055937,-6.04137775,0.08329354,5.18825615,0,ceq,C2019
0.04,0.001,2927.318652,-1.76323103,0.51152861,3.62273633,0,ceq,C2019
0.04,0.00126638,2927.678833,-1.79555953,0.49271456,3.65528413,0,ceq,C2019
0.04,0.001603719,2927.925351,-1.81113059,0.4838789,3.67100159,0,ceq,C2019
0.04,0.002030918,2928.127612,-1.82101229,0.47835046,3.68098186,0,ceq,C2019
0.04,0.002571914,2928.329887,-1.83342876,0.47149258,3.69352497,0,ceq,C2019
0.04,0.003257021,2928.651348,-1.85318711,0.46078017,3.71348702,0,ceq,C2019
0.04,0.004124626,2929.274021,-1.89103471,0.44094408,3.75170734,0,ceq,C2019
0.04,0.005223345,2929.476375,-1.99099979,0.39296308,3.85177075,0,ceq,C2019
0.04,0.006614741,2923.405959,-2.14617201,0.33002864,4.00337107,0,ceq,C2019
0.04,0.008376776,2905.815726,-2.27737647,0.28721403,4.12406498,0,ceq,C2019
0.04,0.010608184,2874.775584,-2.39858266,0.25523081,4.2266107,0,ceq,C2019
0.04,0.013433993,2845.759396,-2.5052794,0.23035274,4.31568962,0,ceq,C2019
0.04,0.017012543,2813.39515,-2.60613375,0.20984636,4.39667295,0,ceq,C2019
0.04,0.021544347,2770.941678,-2.70710814,0.19258138,4.47124786,0,ceq,C2019
0.04,0.027283334,2733.686273,-2.79959423,0.17788469,4.54019833,0,ceq,C2019
0.04,0.034551073,2693.155005,-2.89089218,0.16499165,4.60555239,0,ceq,C2019
0.04,0.043754794,2637.502416,-2.98917421,0.15362168,4.66757137,0,ceq,C2019
0.04,0.055410203,2585.568236,-3.08204713,0.1436455,4.72589023,0,ceq,C2019
0.04,0.070170383,2514.055862,-3.18715633,0.13461861,4.78226557,0,ceq,C2019
0.04,0.088862382,2432.854789,-3.29637668,0.12676725,4.83446165,0,ceq,C2019
0.04,0.112533558,2338.237428,-3.41379207,0.11988318,4.88295776,0,ceq,C2019
0.04,0.142510267,2220.346138,-3.54713479,0.11403173,4.9264244,0,ceq,C2019
0.04,0.180472177,2100.498203,-3.68164378,0.10913377,4.9645561,0,ceq,C2019
0.04,0.228546386,1967.207557,-3.8293484,0.10496857,4.99835678,0,ceq,C2019
0.04,0.289426612,1818.953823,-3.99411957,0.10156124,5.02701898,0,ceq,C2019
0.04,0.366524124,1678.278454,-4.15798333,0.09878961,5.05105179,0,ceq,C2019
0.04,0.464158883,1541.622217,-4.32579621,0.09650905,5.07133825,0,ceq,C2019
0.04,0.587801607,1431.305255,-4.47216745,0.09459783,5.08871198,0,ceq,C2019
0.04,0.744380301,1321.002187,-4.62673152,0.09295152,5.1039615,0,ceq,C2019
0.04,0.942668455,1238.167643,-4.75285608,0.09150532,5.11758205,0,ceq,C2019
0.04,1.19377664,1139.588455,-4.90947495,0.09019801,5.1300805,0,ceq,C2019
0.04,1.51177507,1057.916415,-5.04928961,0.08909939,5.1407249,0,ceq,C2019
0.04,1.91448198,992.8287837,-5.16964877,0.08807624,5.15075677,0,ceq,C2019
0.04,2.42446202,925.7967713,-5.30063559,0.08711203,5.16031801,0,ceq,C2019
0.04,3.07029063,861.5355496,-5.43432294,0.08624188,5.16903782,0,ceq,C2019
0.04,3.88815518,803.6195878,-5.56315211,0.08545602,5.17698894,0,ceq,C2019
0.04,4.92388263,753.3812489,-5.68264434,0.08473668,5.18433132,0,ceq,C2019
0.04,6.23550734,706.3147898,-5.80150647,0.08407756,5.191114,0,ceq,C2019
0.04,7.89652287,667.5166401,-5.90592681,0.08347051,5.19740805,0,ceq,C2019
0.04,10,632.3952279,-6.00585194,0.08289265,5.20344219,0,ceq,C2019
0.041,0.001,2933.526394,-1.7457624,0.51971458,3.61966932,0,ceq,C2019
0.041,0.00126638,2933.796594,-1.77625704,0.50168811,3.65033093,0,ceq,C2019
0.041,0.001603719,2934.003113,-1.79084631,0.49325944,3.66504745,0,ceq,C2019
0.041,0.002030918,2934.170247,-1.80074179,0.48762145,3.67503307,0,ceq,C2019
0.041,0.002571914,2934.418429,-1.81365583,0.48034844,3.68808567,0,ceq,C2019
0.041,0.003257021,2934.837093,-1.83455588,0.4687939,3.70923466,0,ceq,C2019
0.041,0.004124626,2935.688692,-1.87562349,0.44687921,3.75081788,0,ceq,C2019
0.041,0.005223345,2936.635199,-1.98614625,0.39323514,3.86189346,0,ceq,C2019
0.041,0.006614741,2930.97072,-2.13794125,0.33145908,4.01033933,0,ceq,C2019
0.041,0.008376776,2914.393276,-2.26609661,0.28925241,4.12864562,0,ceq,C2019
0.041,0.010608184,2886.547065,-2.38422981,0.25736822,4.23008976,0,ceq,C2019
0.041,0.013433993,2857.470319,-2.49046791,0.23240142,4.31872063,0,ceq,C2019
0.041,0.017012543,2826.740233,-2.58985623,0.21179759,4.39935824,0,ceq,C2019
0.041,0.021544347,2786.569451,-2.68941238,0.19434801,4.47403985,0,ceq,C2019
0.041,0.027283334,2747.512718,-2.78305459,0.1794791,4.54317033,0,ceq,C2019
0.041,0.034551073,2709.882368,-2.87232236,0.16647794,4.60848696,0,ceq,C2019
0.041,0.043754794,2655.64193,-2.96998669,0.15491385,4.67101944,0,ceq,C2019
0.041,0.055410203,2605.844301,-3.06132214,0.14483106,4.72947521,0,ceq,C2019
0.041,0.070170383,2537.474745,-3.16439722,0.13564903,4.78636591,0,ceq,C2019
0.041,0.088862382,2458.784135,-3.27204415,0.12763208,4.83927918,0,ceq,C2019
0.041,0.112533558,2370.02126,-3.3851732,0.1205976,4.88852217,0,ceq,C2019
0.041,0.142510267,2256.390376,-3.5152253,0.11454521,4.93324459,0,ceq,C2019
0.041,0.180472177,2132.978026,-3.65212601,0.10949148,4.97243848,0,ceq,C2019
0.041,0.228546386,2007.188405,-3.79253394,0.1051916,5.00723701,0,ceq,C2019
0.041,0.289426612,1857.730555,-3.95686823,0.10163299,5.03712952,0,ceq,C2019
0.041,0.366524124,1716.027067,-4.11964763,0.09875378,5.06209084,0,ceq,C2019
0.041,0.464158883,1576.404036,-4.28815654,0.09638702,5.08316147,0,ceq,C2019
0.041,0.587801607,1458.257202,-4.44137656,0.09442284,5.10104443,0,ceq,C2019
0.041,0.744380301,1351.909299,-4.58866209,0.09272479,5.11680646,0,ceq,C2019
0.041,0.942668455,1259.412537,-4.72563321,0.09125982,5.13063932,0,ceq,C2019
0.041,1.19377664,1168.822725,-4.86818308,0.08991758,5.14350908,0,ceq,C2019
0.041,1.51177507,1077.235506,-5.02089917,0.08878856,5.15448419,0,ceq,C2019
0.041,1.91448198,1011.440627,-5.14053455,0.08775585,5.16464604,0,ceq,C2019
0.041,2.42446202,944.7308829,-5.26878746,0.08677935,5.17436532,0,ceq,C2019
0.041,3.07029063,877.9531367,-5.40501606,0.08589548,5.18325749,0,ceq,C2019
0.041,3.88815518,819.7299541,-5.53229663,0.08510029,5.19133601,0,ceq,C2019
0.041,4.92388263,768.6671283,-5.65144908,0.08437521,5.19876839,0,ceq,C2019
0.041,6.23550734,722.0623301,-5.76704797,0.0837058,5.20568698,0,ceq,C2019
0.041,7.89652287,681.8486429,-5.87297881,0.08309014,5.21209908,0,ceq,C2019
0.041,10,646.6011663,-5.97139659,0.08250104,5.21827922,0,ceq,C2019
0.042,0.001,2939.679984,-1.72845421,0.52795323,3.61647269,0,ceq,C2019
0.042,0.00126638,2939.894807,-1.75721567,0.51067624,3.64537253,0,ceq,C2019
0.042,0.001603719,2940.085769,-1.77090716,0.50263739,3.65915476,0,ceq,C2019
0.042,0.002030918,2940.221168,-1.78095826,0.49680467,3.66929235,0,ceq,C2019
0.042,0.002571914,2940.4334,-1.79445326,0.48906832,3.68292469,0,ceq,C2019
0.042,0.003257021,2940.908407,-1.81660129,0.47660764,3.70534176,0,ceq,C2019
0.042,0.004124626,2942.014455,-1.86128393,0.45237365,3.75066928,0,ceq,C2019
0.042,0.005223345,2943.811517,-1.98163131,0.39336407,3.87207449,0,ceq,C2019
0.042,0.006614741,2938.431397,-2.1294789,0.33299968,4.01677649,0,ceq,C2019
0.042,0.008376776,2922.756357,-2.25494233,0.29132119,4.13292196,0,ceq,C2019
0.042,0.010608184,2898.323502,-2.36984379,0.25954032,4.23325415,0,ceq,C2019
0.042,0.013433993,2868.919268,-2.47586607,0.23445701,4.32153848,0,ceq,C2019
0.042,0.017012543,2839.5643,-2.5740447,0.21374353,4.40187993,0,ceq,C2019
0.042,0.021544347,2802.112369,-2.67182879,0.19612627,4.4765941,0,ceq,C2019
0.042,0.027283334,2761.237781,-2.76669784,0.18107459,4.54594893,0,ceq,C2019
0.042,0.034551073,2725.03037,-2.85500242,0.16795143,4.61129844,0,ceq,C2019
0.042,0.043754794,2674.291895,-2.95050837,0.15622581,4.67415993,0,ceq,C2019
0.042,0.055410203,2623.755566,-3.04246,0.14599657,4.73297929,0,ceq,C2019
0.042,0.070170383,2560.461596,-3.14205392,0.13669679,4.79014838,0,ceq,C2019
0.042,0.088862382,2484.236036,-3.24823333,0.12850672,4.84381215,0,ceq,C2019
0.042,0.112533558,2399.990758,-3.35809319,0.12133012,4.89372816,0,ceq,C2019
0.042,0.142510267,2290.829324,-3.48480099,0.11508933,4.93959508,0,ceq,C2019
0.042,0.180472177,2165.731629,-3.62270681,0.10986592,4.97993908,0,ceq,C2019
0.042,0.228546386,2045.797675,-3.75740633,0.10543889,5.01566223,0,ceq,C2019
0.042,0.289426612,1896.757584,-3.91990228,0.10173087,5.04675881,0,ceq,C2019
0.042,0.366524124,1753.703641,-4.0820645,0.09873858,5.07268974,0,ceq,C2019
0.042,0.464158883,1611.239326,-4.25112146,0.09628223,5.09457175,0,ceq,C2019
0.042,0.587801607,1484.685643,-4.41170911,0.09425664,5.11303974,0,ceq,C2019
0.042,0.744380301,1382.649539,-4.55158833,0.0925174,5.12921712,0,ceq,C2019
0.042,0.942668455,1279.957599,-4.69979155,0.09102098,5.14338104,0,ceq,C2019
0.042,1.19377664,1197.5591,-4.82851851,0.08965597,5.15650533,0,ceq,C2019
0.042,1.51177507,1096.43638,-4.99315254,0.088488,5.16789488,0,ceq,C2019
0.042,1.91448198,1029.971018,-5.11205475,0.08744569,5.1781867,0,ceq,C2019
0.042,2.42446202,963.2655091,-5.23826768,0.08645829,5.18805028,0,ceq,C2019
0.042,3.07029063,894.089258,-5.3767955,0.0855594,5.19712813,0,ceq,C2019
0.042,3.88815518,835.6719477,-5.50237419,0.0847555,5.20532776,0,ceq,C2019
0.042,4.92388263,783.6265011,-5.62159979,0.08402411,5.21285568,0,ceq,C2019
0.042,6.23550734,737.622617,-5.73375663,0.08334556,5.21989855,0,ceq,C2019
0.042,7.89652287,696.0032426,-5.8411957,0.08271895,5.22645344,0,ceq,C2019
0.042,10,660.7267196,-5.93787579,0.0821193,5.23277309,0,ceq,C2019
0.043,0.001,2945.777902,-1.71128033,0.53626391,3.61312644,0,ceq,C2019
0.043,0.00126638,2946.049231,-1.73843069,0.51968037,3.6404104,0,ceq,C2019
0.043,0.001603719,2946.175374,-1.75137281,0.5119486,3.65343037,0,ceq,C2019
0.043,0.002030918,2946.252744,-1.76161578,0.50590386,3.6637472,0,ceq,C2019
0.043,0.002571914,2946.464796,-1.77575371,0.49767223,3.67799609,0,ceq,C2019
0.043,0.003257021,2946.931222,-1.79927289,0.48422769,3.70178348,0,ceq,C2019
0.043,0.004124626,2948.22076,-1.84799508,0.45741274,3.7512665,0,ceq,C2019
0.043,0.005223345,2950.937423,-1.97667494,0.39370681,3.8815391,0,ceq,C2019
0.043,0.006614741,2945.889885,-2.12079041,0.33465022,4.02270221,0,ceq,C2019
0.043,0.008376776,2930.851543,-2.24390321,0.29341548,4.1369192,0,ceq,C2019
0.043,0.010608184,2908.662416,-2.35630521,0.2617434,4.2361314,0,ceq,C2019
0.043,0.013433993,2880.132313,-2.46145334,0.23652056,4.32414649,0,ceq,C2019
0.043,0.017012543,2851.938223,-2.55863358,0.21568742,4.40423519,0,ceq,C2019
0.043,0.021544347,2816.350421,-2.6551553,0.19791274,4.47893773,0,ceq,C2019
0.043,0.027283334,2775.052825,-2.75042918,0.18267091,4.5485442,0,ceq,C2019
0.043,0.034551073,2739.25271,-2.8384219,0.16941321,4.61399033,0,ceq,C2019
0.043,0.043754794,2693.092179,-2.93099624,0.15755598,4.67701522,0,ceq,C2019
0.043,0.055410203,2640.636598,-3.02452309,0.14714639,4.73638466,0,ceq,C2019
0.043,0.070170383,2583.011262,-3.12010214,0.1377598,4.79363968,0,ceq,C2019
0.043,0.088862382,2508.735928,-3.22522797,0.1293924,4.8480657,0,ceq,C2019
0.043,0.112533558,2425.860221,-3.33412881,0.12207502,4.89863098,0,ceq,C2019
0.043,0.142510267,2322.95103,-3.45631271,0.11565952,4.94552139,0,ceq,C2019
0.043,0.180472177,2198.626144,-3.59343352,0.1102579,4.98706377,0,ceq,C2019
0.043,0.228546386,2081.698191,-3.72495158,0.10571008,5.02365084,0,ceq,C2019
0.043,0.289426612,1936.220729,-3.88306203,0.10185597,5.0559102,0,ceq,C2019
0.043,0.366524124,1790.056957,-4.04634708,0.09874532,5.08285015,0,ceq,C2019
0.043,0.464158883,1647.401728,-4.21336037,0.09619608,5.10556828,0,ceq,C2019
0.043,0.587801607,1513.387311,-4.3798563,0.09410157,5.1246891,0,ceq,C2019
0.043,0.744380301,1410.703676,-4.51846819,0.09232513,5.14124316,0,ceq,C2019
0.043,0.942668455,1300.332085,-4.67457617,0.09078768,5.15582896,0,ceq,C2019
0.043,1.19377664,1219.49843,-4.79934897,0.08940928,5.16911759,0,ceq,C2019
0.043,1.51177507,1120.435887,-4.95838328,0.08819783,5.18096693,0,ceq,C2019
0.043,1.91448198,1048.1583,-5.08464982,0.08714451,5.19140264,0,ceq,C2019
0.043,2.42446202,981.3358312,-5.20910773,0.08614718,5.20140062,0,ceq,C2019
0.043,3.07029063,911.4751274,-5.34667432,0.08523246,5.21067262,0,ceq,C2019
0.043,3.88815518,851.4679644,-5.47327331,0.08442023,5.21898966,0,ceq,C2019
0.043,4.92388263,798.1984855,-5.59313422,0.08368143,5.22662452,0,ceq,C2019
0.043,6.23550734,752.9475396,-5.70167598,0.08299553,5.2337733,0,ceq,C2019
0.043,7.89652287,710.9633264,-5.80807937,0.08235575,5.24049488,0,ceq,C2019
0.043,10,674.7642761,-5.90530785,0.08174616,5.24694796,0,ceq,C2019
0.044,0.001,2951.743625,-1.69435034,0.54461199,3.60969371,0,ceq,C2019
0.044,0.00126638,2952.092762,-1.71993034,0.52868989,3.63546525,0,ceq,C2019
0.044,0.001603719,2952.228714,-1.7323542,0.52113513,3.64796642,0,ceq,C2019
0.044,0.002030918,2952.363127,-1.74279589,0.51486575,3.65847894,0,ceq,C2019
0.044,0.002571914,2952.500637,-1.7576143,0.50609572,3.67340182,0,ceq,C2019
0.044,0.003257021,2952.960129,-1.78270706,0.49154097,3.69874779,0,ceq,C2019
0.044,0.004124626,2954.404798,-1.83617891,0.46173802,3.75307588,0,ceq,C2019
0.044,0.005223345,2958.012467,-1.97181026,0.39401691,3.89083987,0,ceq,C2019
0.044,0.006614741,2953.227774,-2.11235036,0.33623981,4.02857155,0,ceq,C2019
0.044,0.008376776,2938.73974,-2.23326409,0.29544102,4.14092651,0,ceq,C2019
0.044,0.010608184,2918.549522,-2.34328019,0.26390429,4.23897491,0,ceq,C2019
0.044,0.013433993,2891.231385,-2.44732093,0.23855815,4.32667919,0,ceq,C2019
0.044,0.017012543,2863.917301,-2.54366796,0.21760544,4.40652854,0,ceq,C2019
0.044,0.021544347,2830.298657,-2.63884887,0.19968315,4.48118628,0,ceq,C2019
0.044,0.027283334,2788.963666,-2.73420942,0.18425975,4.55100778,0,ceq,C2019
0.044,0.034551073,2752.807423,-2.82247506,0.17085659,4.61660473,0,ceq,C2019
0.044,0.043754794,2710.609672,-2.91238661,0.15888939,4.67967865,0,ceq,C2019
0.044,0.055410203,2657.066408,-3.00701824,0.1482863,4.7396653,0,ceq,C2019
0.044,0.070170383,2604.463966,-3.09904844,0.13882636,4.79692472,0,ceq,C2019
0.044,0.088862382,2531.892348,-3.20326845,0.13028607,4.85207238,0,ceq,C2019
0.044,0.112533558,2450.471373,-3.31127889,0.12282564,4.90329075,0,ceq,C2019
0.044,0.142510267,2354.050981,-3.42875846,0.11625527,4.95104291,0,ceq,C2019
0.044,0.180472177,2234.213129,-3.56227453,0.11067436,4.99377382,0,ceq,C2019
0.044,0.228546386,2114.245278,-3.69562924,0.10600053,5.03125247,0,ceq,C2019
0.044,0.289426612,1975.237356,-3.84709164,0.10200897,5.06459082,0,ceq,C2019
0.044,0.366524124,1826.270595,-4.01133648,0.09877149,5.09260453,0,ceq,C2019
0.044,0.464158883,1682.865046,-4.17693884,0.09612954,5.11615341,0,ceq,C2019
0.044,0.587801607,1545.584009,-4.34457334,0.09396015,5.1359795,0,ceq,C2019
0.044,0.744380301,1435.514639,-4.48989173,0.09214421,5.15293084,0,ceq,C2019
0.044,0.942668455,1328.511047,-4.63949996,0.09056327,5.16796298,0,ceq,C2019
0.044,1.19377664,1240.297589,-4.77230287,0.08917135,5.18141645,0,ceq,C2019
0.044,1.51177507,1145.566399,-4.9225833,0.08792315,5.19366053,0,ceq,C2019
0.044,1.91448198,1066.10024,-5.05810581,0.08685221,5.20430518,0,ceq,C2019
0.044,2.42446202,999.0073576,-5.18114068,0.08584573,5.2144295,0,ceq,C2019
0.044,3.07029063,929.6015369,-5.31566514,0.08491632,5.22388458,0,ceq,C2019
0.044,3.88815518,867.1354632,-5.44498036,0.08409392,5.23233775,0,ceq,C2019
0.044,4.92388263,813.7370792,-5.56315511,0.08334703,5.24008665,0,ceq,C2019
0.044,6.23550734,767.9770155,-5.67090338,0.08265498,5.24732889,0,ceq,C2019
0.044,7.89652287,726.2144763,-5.77493225,0.0820028,5.25420951,0,ceq,C2019
0.044,10,688.6531634,-5.87380176,0.08138139,5.26081671,0,ceq,C2019
0.045,0.001,2957.587226,-1.67771211,0.55296805,3.60622764,0,ceq,C2019
0.045,0.00126638,2958.020427,-1.70176543,0.53769828,3.63054972,0,ceq,C2019
0.045,0.001603719,2958.216806,-1.71356558,0.53037595,3.6424598,0,ceq,C2019
0.045,0.002030918,2958.35304,-1.72429167,0.52381523,3.65327098,0,ceq,C2019
0.045,0.002571914,2958.557403,-1.73976201,0.51449441,3.66886547,0,ceq,C2019
0.045,0.003257021,2958.966171,-1.76645864,0.49878279,3.69580396,0,ceq,C2019
0.045,0.004124626,2960.534674,-1.82512005,0.46571783,3.75538103,0,ceq,C2019
0.045,0.005223345,2965.095144,-1.96595186,0.3947956,3.89888365,0,ceq,C2019
0.045,0.006614741,2960.628776,-2.1033887,0.33803931,4.03369289,0,ceq,C2019
0.045,0.008376776,2946.497057,-2.22245609,0.29756926,4.1444513,0,ceq,C2019
0.045,0.010608184,2928.202475,-2.33029708,0.26612127,4.24146962,0,ceq,C2019
0.045,0.013433993,2902.044178,-2.4332816,0.24064327,4.32888051,0,ceq,C2019
0.045,0.017012543,2875.568937,-2.52890698,0.21954433,4.4085833,0,ceq,C2019
0.045,0.021544347,2843.819641,-2.6228253,0.20146698,4.48321904,0,ceq,C2019
0.045,0.027283334,2802.84714,-2.71805727,0.18586355,4.55324086,0,ceq,C2019
0.045,0.034551073,2765.989851,-2.8068731,0.17230202,4.61904659,0,ceq,C2019
0.045,0.043754794,2726.826373,-2.89473788,0.16022617,4.68216083,0,ceq,C2019
0.045,0.055410203,2673.669667,-2.98949928,0.14943602,4.74271728,0,ceq,C2019
0.045,0.070170383,2623.655057,-3.07965476,0.13988924,4.80005832,0,ceq,C2019
0.045,0.088862382,2554.014238,-3.18214228,0.13119214,4.85581313,0,ceq,C2019
0.045,0.112533558,2474.427884,-3.28900804,0.12358578,4.90769168,0,ceq,C2019
0.045,0.142510267,2384.502787,-3.40179105,0.1168777,4.95616488,0,ceq,C2019
0.045,0.180472177,2268.804239,-3.53208209,0.11111989,5.00004464,0,ceq,C2019
0.045,0.228546386,2144.170853,-3.66870483,0.10630435,5.03852517,0,ceq,C2019
0.045,0.289426612,2013.76361,-3.81200959,0.10219003,5.07281085,0,ceq,C2019
0.045,0.366524124,1862.331197,-3.97694746,0.09881762,5.10195804,0,ceq,C2019
0.045,0.464158883,1718.362754,-4.14111174,0.09608312,5.12633319,0,ceq,C2019
0.045,0.587801607,1577.526072,-4.31019665,0.09383668,5.14688179,0,ceq,C2019
0.045,0.744380301,1460.13816,-4.46194373,0.09197396,5.16429709,0,ceq,C2019
0.045,0.942668455,1356.667846,-4.60507584,0.09035405,5.17973195,0,ceq,C2019
0.045,1.19377664,1260.719364,-4.74618688,0.08894103,5.19342273,0,ceq,C2019
0.045,1.51177507,1170.70721,-4.88742152,0.08766331,5.2059912,0,ceq,C2019
0.045,1.91448198,1083.801915,-5.03231815,0.08656905,5.21690147,0,ceq,C2019
0.045,2.42446202,1016.986785,-5.15311231,0.08555399,5.22714627,0,ceq,C2019
0.045,3.07029063,947.5552151,-5.28556748,0.08461131,5.23676997,0,ceq,C2019
0.045,3.88815518,882.6320997,-5.41748801,0.083777,5.24537712,0,ceq,C2019
0.045,4.92388263,829.3538532,-5.53349768,0.08302232,5.25323706,0,ceq,C2019
0.045,6.23550734,782.7316868,-5.64135533,0.08232324,5.26058187,0,ceq,C2019
0.045,7.89652287,741.3225671,-5.74282465,0.08165972,5.26761094,0,ceq,C2019
0.045,10,702.4931469,-5.84306301,0.08102401,5.27439932,0,ceq,C2019
0.046,0.001,2963.189271,-1.66140792,0.56131258,3.60276275,0,ceq,C2019
0.046,0.00126638,2963.804915,-1.68393622,0.54671274,3.62565377,0,ceq,C2019
0.046,0.001603719,2964.070664,-1.695223,0.53955714,3.63709754,0,ceq,C2019
0.046,0.002030918,2964.285298,-1.7062037,0.53270622,3.64819702,0,ceq,C2019
0.046,0.002571914,2964.558331,-1.72234692,0.52279809,3.66450432,0,ceq,C2019
0.046,0.003257021,2964.982861,-1.75073402,0.50583648,3.69315206,0,ceq,C2019
0.046,0.004124626,2966.675192,-1.81515269,0.4691469,3.75855451,0,ceq,C2019
0.046,0.005223345,2972.123246,-1.95971094,0.39576512,3.90629874,0,ceq,C2019
0.046,0.006614741,2967.930025,-2.09429725,0.3399165,4.03843005,0,ceq,C2019
0.046,0.008376776,2954.131848,-2.21172991,0.29971509,4.14775604,0,ceq,C2019
0.046,0.010608184,2937.481584,-2.31760414,0.26833774,4.24381135,0,ceq,C2019
0.046,0.013433993,2911.722829,-2.41998549,0.24273459,4.33091141,0,ceq,C2019
0.046,0.017012543,2886.976992,-2.51440552,0.22148391,4.41049042,0,ceq,C2019
0.046,0.021544347,2856.830889,-2.60722692,0.20325365,4.48509792,0,ceq,C2019
0.046,0.027283334,2815.97312,-2.70249522,0.18746606,4.55532775,0,ceq,C2019
0.046,0.034551073,2778.874496,-2.79152552,0.17374594,4.62134513,0,ceq,C2019
0.046,0.043754794,2742.045005,-2.87791663,0.16155638,4.68452634,0,ceq,C2019
0.046,0.055410203,2690.636247,-2.97178872,0.15059691,4.74554225,0,ceq,C2019
0.046,0.070170383,2641.321951,-3.06146878,0.1409413,4.80309759,0,ceq,C2019
0.046,0.088862382,2575.459648,-3.1615497,0.13211029,4.85930035,0,ceq,C2019
0.046,0.112533558,2498.081864,-3.26710607,0.12435431,4.91185169,0,ceq,C2019
0.046,0.142510267,2412.274217,-3.37690892,0.11752088,4.96094383,0,ceq,C2019
0.046,0.180472177,2301.470438,-3.50358353,0.11159064,5.00591819,0,ceq,C2019
0.046,0.228546386,2173.806257,-3.64223423,0.10662512,5.04545419,0,ceq,C2019
0.046,0.289426612,2051.481147,-3.77801906,0.10239708,5.08059762,0,ceq,C2019
0.046,0.366524124,1898.573801,-3.94285857,0.09888896,5.11087717,0,ceq,C2019
0.046,0.464158883,1753.630397,-4.10606437,0.09605435,5.13613816,0,ceq,C2019
0.046,0.587801607,1609.761494,-4.27607157,0.0937289,5.15742553,0,ceq,C2019
0.046,0.744380301,1484.543445,-4.4346815,0.09181268,5.1753668,0,ceq,C2019
0.046,0.942668455,1384.435824,-4.57176873,0.09015888,5.19115551,0,ceq,C2019
0.046,1.19377664,1280.688092,-4.72104585,0.08871764,5.20515239,0,ceq,C2019
0.046,1.51177507,1195.72903,-4.85311096,0.08741785,5.217972,0,ceq,C2019
0.046,1.91448198,1101.855332,-5.00639719,0.08629456,5.22920526,0,ceq,C2019
0.046,2.42446202,1034.660779,-5.12605154,0.08527201,5.23955911,0,ceq,C2019
0.046,3.07029063,965.3483508,-5.25628924,0.08431688,5.249343,0,ceq,C2019
0.046,3.88815518,897.9515941,-5.39079225,0.08346846,5.25812727,0,ceq,C2019
0.046,4.92388263,844.8518886,-5.50465424,0.0827065,5.26609278,0,ceq,C2019
0.046,6.23550734,797.0646251,-5.61324225,0.081999,5.27355493,0,ceq,C2019
0.046,7.89652287,756.2393051,-5.71175667,0.08132577,5.28071572,0,ceq,C2019
0.046,10,717.0997635,-5.81105547,0.08067517,5.28769227,0,ceq,C2019
0.047,0.001,2968.60857,-1.64541136,0.56966382,3.59927558,0,ceq,C2019
0.047,0.00126638,2969.349634,-1.66656629,0.55566289,3.62088961,0,ceq,C2019
0.047,0.001603719,2969.68426,-1.67751764,0.54857628,3.63203811,0,ceq,C2019
0.047,0.002030918,2970.011462,-1.68871318,0.54143314,3.64342273,0,ceq,C2019
0.047,0.002571914,2970.434634,-1.70554667,0.53089961,3.66048741,0,ceq,C2019
0.047,0.003257021,2971.011337,-1.73575391,0.51255701,3.69102813,0,ceq,C2019
0.047,0.004124626,2972.82366,-1.80681466,0.47171408,3.76315446,0,ceq,C2019
0.047,0.005223345,2979.028956,-1.95371135,0.39665703,3.91368427,0,ceq,C2019
0.047,0.006614741,2975.14436,-2.08548887,0.34171831,4.0431785,0,ceq,C2019
0.047,0.008376776,2961.549035,-2.20133517,0.30179775,4.15108206,0,ceq,C2019
0.047,0.010608184,2946.321904,-2.30541294,0.27049804,4.2461861,0,ceq,C2019
0.047,0.013433993,2921.413955,-2.40687879,0.24479023,4.33292518,0,ceq,C2019
0.047,0.017012543,2898.036669,-2.50026767,0.22339854,4.41235328,0,ceq,C2019
0.047,0.021544347,2869.323398,-2.59212252,0.20502051,4.48691876,0,ceq,C2019
0.047,0.027283334,2829.229197,-2.68696791,0.18906171,4.55730732,0,ceq,C2019
0.047,0.034551073,2791.725208,-2.77638804,0.17518064,4.6235418,0,ceq,C2019
0.047,0.043754794,2756.196166,-2.86194923,0.1628692,4.68683501,0,ceq,C2019
0.047,0.055410203,2707.467387,-2.95424638,0.1517678,4.74815353,0,ceq,C2019
0.047,0.070170383,2657.768465,-3.04434549,0.14197576,4.80608576,0,ceq,C2019
0.047,0.088862382,2596.505538,-3.14131123,0.13304074,4.86254416,0,ceq,C2019
0.047,0.112533558,2521.157958,-3.24573048,0.12513053,4.91578643,0,ceq,C2019
0.047,0.142510267,2436.969187,-3.35442955,0.1181736,4.96547292,0,ceq,C2019
0.047,0.180472177,2331.545886,-3.47719915,0.11208354,5.01142998,0,ceq,C2019
0.047,0.228546386,2203.898162,-3.61563988,0.10696163,5.05205757,0,ceq,C2019
0.047,0.289426612,2086.637679,-3.74654034,0.10262929,5.08797013,0,ceq,C2019
0.047,0.366524124,1934.864297,-3.90913475,0.09898393,5.11938356,0,ceq,C2019
0.047,0.464158883,1787.859176,-4.07255466,0.09604611,5.14555315,0,ceq,C2019
0.047,0.587801607,1643.346048,-4.2410257,0.09363782,5.16760983,0,ceq,C2019
0.047,0.744380301,1510.806487,-4.40564447,0.09166226,5.18613135,0,ceq,C2019
0.047,0.942668455,1410.061522,-4.5416476,0.08997746,5.20224501,0,ceq,C2019
0.047,1.19377664,1301.177788,-4.69561498,0.08850152,5.21661092,0,ceq,C2019
0.047,1.51177507,1216.331286,-4.82576546,0.08718555,5.22962319,0,ceq,C2019
0.047,1.91448198,1123.461736,-4.97531659,0.08603063,5.24120598,0,ceq,C2019
0.047,2.42446202,1051.970044,-5.10000025,0.08499956,5.25167881,0,ceq,C2019
0.047,3.07029063,982.9287229,-5.22785894,0.08403296,5.26161278,0,ceq,C2019
0.047,3.88815518,915.128566,-5.36099375,0.0831688,5.27059119,0,ceq,C2019
0.047,4.92388263,860.229961,-5.47654252,0.08239931,5.27866498,0,ceq,C2019
0.047,6.23550734,812.3470518,-5.58363387,0.08168212,5.2862581,0,ceq,C2019
0.047,7.89652287,770.9412207,-5.68177137,0.08100058,5.29353588,0,ceq,C2019
0.047,10,731.6222735,-5.77988108,0.0803357,5.30069495,0,ceq,C2019
0.048,0.001,2973.79825,-1.62977314,0.57798311,3.59582652,0,ceq,C2019
0.048,0.00126638,2974.741882,-1.64958194,0.56459635,3.61617954,0,ceq,C2019
0.048,0.001603719,2975.170067,-1.66015087,0.55760529,3.62700232,0,ceq,C2019
0.048,0.002030918,2975.611595,-1.67159609,0.55014703,3.63869839,0,ceq,C2019
0.048,0.002571914,2976.143691,-1.68906949,0.53898537,3.65650195,0,ceq,C2019
0.048,0.003257021,2976.944007,-1.72104925,0.51922479,3.68894473,0,ceq,C2019
0.048,0.004124626,2978.97395,-1.79904055,0.47399341,3.76811099,0,ceq,C2019
0.048,0.005223345,2985.916936,-1.94688376,0.39795071,3.91999994,0,ceq,C2019
0.048,0.006614741,2982.265781,-2.07627575,0.34370967,4.04727445,0,ceq,C2019
0.048,0.008376776,2968.978755,-2.19072107,0.30397933,4.15397011,0,ceq,C2019
0.048,0.010608184,2954.902565,-2.29329967,0.2727034,4.24827544,0,ceq,C2019
0.048,0.013433993,2931.16513,-2.39372497,0.24688066,4.33468389,0,ceq,C2019
0.048,0.017012543,2907.777158,-2.48695113,0.22533462,4.41400186,0,ceq,C2019
0.048,0.021544347,2881.312031,-2.5773579,0.2068047,4.48853728,0,ceq,C2019
0.048,0.027283334,2842.606388,-2.67142109,0.19066785,4.55910108,0,ceq,C2019
0.048,0.034551073,2804.18061,-2.76151424,0.17662355,4.62556021,0,ceq,C2019
0.048,0.043754794,2769.543766,-2.84657853,0.16418172,4.68900831,0,ceq,C2019
0.048,0.055410203,2723.819825,-2.937024,0.15295497,4.75053057,0,ceq,C2019
0.048,0.070170383,2673.363924,-3.02792403,0.14300254,4.80896861,0,ceq,C2019
0.048,0.088862382,2616.391468,-3.12190736,0.13398513,4.86554376,0,ceq,C2019
0.048,0.112533558,2543.439534,-3.22498747,0.12591898,4.91947506,0,ceq,C2019
0.048,0.142510267,2460.096362,-3.33315082,0.11883308,4.96978133,0,ceq,C2019
0.048,0.180472177,2360.895391,-3.45149184,0.11259771,5.01659729,0,ceq,C2019
0.048,0.228546386,2236.25353,-3.58741785,0.10731922,5.05830201,0,ceq,C2019
0.048,0.289426612,2117.754446,-3.71865274,0.10288328,5.09496746,0,ceq,C2019
0.048,0.366524124,1971.251862,-3.87569058,0.09910427,5.12747166,0,ceq,C2019
0.048,0.464158883,1822.385682,-4.03925734,0.09605565,5.15461038,0,ceq,C2019
0.048,0.587801607,1676.473199,-4.20705098,0.09356472,5.17743159,0,ceq,C2019
0.048,0.744380301,1540.461468,-4.37318455,0.09152402,5.19658561,0,ceq,C2019
0.048,0.942668455,1433.043808,-4.51519297,0.08980634,5.21304161,0,ceq,C2019
0.048,1.19377664,1326.970926,-4.66353935,0.08829435,5.22778997,0,ceq,C2019
0.048,1.51177507,1235.920908,-4.80022054,0.08696206,5.24099598,0,ceq,C2019
0.048,1.91448198,1145.097356,-4.94470744,0.08577948,5.25288866,0,ceq,C2019
0.048,2.42446202,1068.924554,-5.07493153,0.08473627,5.26351685,0,ceq,C2019
0.048,3.07029063,1000.284123,-5.20027804,0.0837597,5.27358531,0,ceq,C2019
0.048,3.88815518,932.6537274,-5.33105558,0.08288024,5.28275347,0,ceq,C2019
0.048,4.92388263,875.5201043,-5.44910073,0.08210102,5.29095834,0,ceq,C2019
0.048,6.23550734,827.8465493,-5.55406571,0.08137454,5.29867837,0,ceq,C2019
0.048,7.89652287,785.3101253,-5.65312192,0.0806831,5.30609033,0,ceq,C2019
0.048,10,746.0181114,-5.74960486,0.08000519,5.3134192,0,ceq,C2019
0.049,0.001,2978.819515,-1.61447017,0.58627028,3.59241565,0,ceq,C2019
0.049,0.00126638,2979.898802,-1.63308493,0.57344076,3.61163358,0,ceq,C2019
0.049,0.001603719,2980.414684,-1.64340614,0.56646229,3.62226864,0,ceq,C2019
0.049,0.002030918,2980.995972,-1.65508728,0.55868655,3.63427411,0,ceq,C2019
0.049,0.002571914,2981.70337,-1.67322188,0.54686247,3.65285452,0,ceq,C2019
0.049,0.003257021,2982.815234,-1.70715274,0.52553372,3.6874095,0,ceq,C2019
0.049,0.004124626,2985.154085,-1.79280427,0.47544064,3.7744178,0,ceq,C2019
0.049,0.005223345,2992.6729,-1.94031515,0.39916432,3.92630719,0,ceq,C2019
0.049,0.006614741,2989.424249,-2.06726276,0.34564031,4.05136362,0,ceq,C2019
0.049,0.008376776,2976.245314,-2.18046065,0.3060984,4.15689038,0,ceq,C2019
0.049,0.010608184,2963.050907,-2.28165684,0.27486113,4.25038656,0,ceq,C2019
0.049,0.013433993,2940.824927,-2.38076123,0.2489417,4.33641505,0,ceq,C2019
0.049,0.017012543,2917.184655,-2.47404192,0.22724087,4.41563915,0,ceq,C2019
0.049,0.021544347,2892.96778,-2.56296929,0.2085702,4.49010606,0,ceq,C2019
0.049,0.027283334,2855.792951,-2.65613313,0.19226892,4.56079467,0,ceq,C2019
0.049,0.034551073,2816.05308,-2.74716488,0.17805582,4.62749959,0,ceq,C2019
0.049,0.043754794,2782.29604,-2.8317588,0.16547978,4.69112158,0,ceq,C2019
0.049,0.055410203,2739.779731,-2.92015834,0.15414114,4.75277406,0,ceq,C2019
0.049,0.070170383,2688.602236,-3.01185815,0.14402677,4.81172626,0,ceq,C2019
0.049,0.088862382,2635.470294,-3.10317201,0.13493203,4.86838224,0,ceq,C2019
0.049,0.112533558,2564.772543,-3.20501787,0.12671098,4.9229819,0,ceq,C2019
0.049,0.142510267,2482.678436,-3.31245569,0.11949894,4.97388373,0,ceq,C2019
0.049,0.180472177,2389.586335,-3.4263914,0.11313295,5.02143288,0,ceq,C2019
0.049,0.228546386,2268.608198,-3.55937251,0.10769995,5.06418077,0,ceq,C2019
0.049,0.289426612,2145.97061,-3.69343083,0.10314857,5.10168544,0,ceq,C2019
0.049,0.366524124,2007.688447,-3.84261424,0.09924965,5.13515334,0,ceq,C2019
0.049,0.464158883,1857.005103,-4.00629579,0.09608435,5.16330559,0,ceq,C2019
0.049,0.587801607,1709.56207,-4.17360259,0.0935094,5.18690032,0,ceq,C2019
0.049,0.744380301,1569.946333,-4.34142865,0.09140115,5.20670748,0,ceq,C2019
0.049,0.942668455,1455.98991,-4.48916894,0.08964523,5.2235563,0,ceq,C2019
0.049,1.19377664,1353.225414,-4.63141888,0.08810017,5.23865692,0,ceq,C2019
0.049,1.51177507,1255.600606,-4.77494743,0.08674677,5.25210378,0,ceq,C2019
0.049,1.91448198,1166.864258,-4.91445226,0.08554006,5.26427127,0,ceq,C2019
0.049,2.42446202,1085.674955,-5.05053033,0.08448094,5.27509288,0,ceq,C2019
0.049,3.07029063,1018.065734,-5.17243214,0.08349531,5.28528613,0,ceq,C2019
0.049,3.88815518,950.1442955,-5.30172326,0.08260107,5.29463897,0,ceq,C2019
0.049,4.92388263,890.5693145,-5.42258017,0.08180997,5.30299789,0,ceq,C2019
0.049,6.23550734,843.1818845,-5.52539499,0.08107503,5.31083604,0,ceq,C2019
0.049,7.89652287,799.2251688,-5.62596188,0.08037237,5.31839674,0,ceq,C2019
0.049,10,760.2676237,-5.7202453,0.07968315,5.32587736,0,ceq,C2019
0.05,0.001,2983.684373,-1.59948053,0.59452411,3.58904566,0,ceq,C2019
0.05,0.00126638,2984.817772,-1.61700084,0.58222926,3.60719687,0,ceq,C2019
0.05,0.001603719,2985.397738,-1.62715894,0.57522574,3.61770782,0,ceq,C2019
0.05,0.002030918,2986.096445,-1.63910016,0.56711416,3.63004365,0,ceq,C2019
0.05,0.002571914,2987.070969,-1.6578875,0.55460346,3.64941952,0,ceq,C2019
0.05,0.003257021,2988.573834,-1.69379639,0.53161492,3.68619026,0,ceq,C2019
0.05,0.004124626,2991.40049,-1.78735203,0.4764321,3.78138228,0,ceq,C2019
0.05,0.005223345,2999.253682,-1.93356967,0.40051573,3.93214823,0,ceq,C2019
0.05,0.006614741,2996.445621,-2.05820969,0.34762378,4.05516747,0,ceq,C2019
0.05,0.008376776,2983.426822,-2.17024068,0.30823228,4.1596287,0,ceq,C2019
0.05,0.010608184,2971.023049,-2.27025726,0.27700728,4.25240228,0,ceq,C2019
0.05,0.013433993,2950.443647,-2.36791078,0.25100978,4.33800544,0,ceq,C2019
0.05,0.017012543,2926.422059,-2.46130825,0.22914012,4.41718463,0,ceq,C2019
0.05,0.021544347,2903.760356,-2.54915991,0.21033861,4.49154894,0,ceq,C2019
0.05,0.027283334,2868.74817,-2.64107409,0.19386935,4.56236783,0,ceq,C2019
0.05,0.034551073,2828.077342,-2.73280598,0.17948694,4.62932105,0,ceq,C2019
0.05,0.043754794,2794.608656,-2.81728801,0.16677734,4.69311277,0,ceq,C2019
0.05,0.055410203,2755.069826,-2.90381126,0.155331,4.75486962,0,ceq,C2019
0.05,0.070170383,2703.615918,-2.99603498,0.14505097,4.8143432,0,ceq,C2019
0.05,0.088862382,2653.554818,-3.08526219,0.13587502,4.87110524,0,ceq,C2019
0.05,0.112533558,2585.279854,-3.18568516,0.12751569,4.92625904,0,ceq,C2019
0.05,0.142510267,2504.757218,-3.29218926,0.12017043,4.97779052,0,ceq,C2019
0.05,0.180472177,2415.829286,-3.40314974,0.11368933,5.02594655,0,ceq,C2019
0.05,0.228546386,2300.048073,-3.53224106,0.10810106,5.06972511,0,ceq,C2019
0.05,0.289426612,2173.121531,-3.66928759,0.1034243,5.10814041,0,ceq,C2019
0.05,0.366524124,2044.55951,-3.80952535,0.09941924,5.14244435,0,ceq,C2019
0.05,0.464158883,1891.326519,-3.97404029,0.09613264,5.17164278,0,ceq,C2019
0.05,0.587801607,1743.068656,-4.14024783,0.09347018,5.19603872,0,ceq,C2019
0.05,0.744380301,1599.019248,-4.31057589,0.09129123,5.21652631,0,ceq,C2019
0.05,0.942668455,1478.700882,-4.46375892,0.0894924,5.23381237,0,ceq,C2019
0.05,1.19377664,1379.041901,-4.60038867,0.08791916,5.24921727,0,ceq,C2019
0.05,1.51177507,1275.16851,-4.75016304,0.08653976,5.26295287,0,ceq,C2019
0.05,1.91448198,1188.649385,-4.88459702,0.08531267,5.27535722,0,ceq,C2019
0.05,2.42446202,1102.603998,-5.02618533,0.08423384,5.28641109,0,ceq,C2019
0.05,3.07029063,1035.542302,-5.14551876,0.08324109,5.29670872,0,ceq,C2019
0.05,3.88815518,967.613831,-5.27288492,0.0823326,5.30624056,0,ceq,C2019
0.05,4.92388263,906.2175107,-5.39531686,0.08152643,5.31478744,0,ceq,C2019
0.05,6.23550734,858.4259583,-5.49736867,0.08078402,5.32273328,0,ceq,C2019
0.05,7.89652287,814.3959316,-5.59656928,0.0800684,5.33046191,0,ceq,C2019
0.05,10,774.3255947,-5.69183106,0.0793693,5.33807909,0,ceq,C2019
0.051,0.001,2988.550004,-1.58467215,0.60279844,3.58564117,0,ceq,C2019
0.051,0.00126638,2989.599959,-1.60128636,0.59095094,3.60288219,0,ceq,C2019
0.051,0.001603719,2990.29684,-1.61130875,0.58390692,3.6132977,0,ceq,C2019
0.051,0.002030918,2991.064894,-1.62354477,0.5754402,3.6259844,0,ceq,C2019
0.051,0.002571914,2992.298109,-1.64304808,0.56220335,3.64619788,0,ceq,C2019
0.051,0.003257021,2994.222946,-1.6810784,0.53742782,3.68534446,0,ceq,C2019
0.051,0.004124626,2997.631934,-1.78262501,0.47704822,3.78885987,0,ceq,C2019
0.051,0.005223345,3006.084698,-1.92647823,0.40196486,3.93761042,0,ceq,C2019
0.051,0.006614741,3003.427311,-2.04916866,0.34962407,4.0587845,0,ceq,C2019
0.051,0.008376776,2990.531111,-2.16008062,0.31037105,4.16222488,0,ceq,C2019
0.051,0.010608184,2978.656434,-2.25913013,0.27914129,4.25433905,0,ceq,C2019
0.051,0.013433993,2959.867899,-2.35528394,0.25306508,4.33952236,0,ceq,C2019
0.051,0.017012543,2935.633553,-2.44874255,0.23102253,4.41867642,0,ceq,C2019
0.051,0.021544347,2913.494349,-2.53615058,0.21209001,4.49294613,0,ceq,C2019
0.051,0.027283334,2881.251331,-2.62638745,0.19546664,4.56383935,0,ceq,C2019
0.051,0.034551073,2840.285047,-2.71847472,0.18091001,4.63106023,0,ceq,C2019
0.051,0.043754794,2806.188606,-2.80342456,0.16806719,4.69501903,0,ceq,C2019
0.051,0.055410203,2769.355645,-2.88822282,0.15651374,4.75688194,0,ceq,C2019
0.051,0.070170383,2718.260107,-2.98046491,0.14608584,4.81677033,0,ceq,C2019
0.051,0.088862382,2670.309742,-3.06834745,0.13681203,4.87373793,0,ceq,C2019
0.051,0.112533558,2604.978447,-3.1670051,0.12832703,4.92934928,0,ceq,C2019
0.051,0.142510267,2526.675109,-3.27217514,0.12084878,4.98150137,0,ceq,C2019
0.051,0.180472177,2439.978798,-3.38154098,0.11425442,5.03023848,0,ceq,C2019
0.051,0.228546386,2329.47587,-3.50679323,0.10852228,5.07494741,0,ceq,C2019
0.051,0.289426612,2200.227153,-3.64534254,0.10371044,5.11434085,0,ceq,C2019
0.051,0.366524124,2079.638957,-3.77828833,0.09961078,5.14937274,0,ceq,C2019
0.051,0.464158883,1924.829243,-3.94291961,0.09620106,5.17962507,0,ceq,C2019
0.051,0.587801607,1775.943336,-4.10802592,0.09344769,5.20484786,0,ceq,C2019
0.051,0.744380301,1630.322282,-4.27779355,0.09119677,5.22602586,0,ceq,C2019
0.051,0.942668455,1501.563324,-4.43852007,0.08934776,5.24381705,0,ceq,C2019
0.051,1.19377664,1403.886332,-4.57101064,0.08775196,5.25947117,0,ceq,C2019
0.051,1.51177507,1294.565189,-4.72593059,0.08634161,5.27354433,0,ceq,C2019
0.051,1.91448198,1208.833369,-4.85754798,0.08509685,5.28615753,0,ceq,C2019
0.051,2.42446202,1122.37496,-4.99778341,0.08399635,5.29746358,0,ceq,C2019
0.051,3.07029063,1052.758629,-5.11942386,0.08299611,5.307869,0,ceq,C2019
0.051,3.88815518,985.0106253,-5.24468058,0.08207402,5.317573,0,ceq,C2019
0.051,4.92388263,923.2406646,-5.36592834,0.08125213,5.32631485,0,ceq,C2019
0.051,6.23550734,873.5280684,-5.47013649,0.080501,5.33438184,0,ceq,C2019
0.051,7.89652287,829.6048097,-5.56764239,0.07977323,5.34227003,0,ceq,C2019
0.051,10,788.1256294,-5.66454125,0.0790628,5.35004007,0,ceq,C2019
0.052,0.001,2993.298364,-1.57011063,0.61102454,3.58230026,0,ceq,C2019
0.052,0.00126638,2994.339898,-1.58573336,0.59972206,3.59851828,0,ceq,C2019
0.052,0.001603719,2995.038125,-1.59572666,0.59259133,3.6089072,0,ceq,C2019
0.052,0.002030918,2995.885091,-1.60827789,0.58374822,3.62196678,0,ceq,C2019
0.052,0.002571914,2997.339323,-1.62849472,0.56978212,3.64300028,0,ceq,C2019
0.052,0.003257021,2999.706075,-1.668658,0.54317228,3.68454252,0,ceq,C2019
0.052,0.004124626,3003.978702,-1.77747246,0.47785422,3.79582676,0,ceq,C2019
0.052,0.005223345,3012.84999,-1.91882328,0.40369993,3.94230084,0,ceq,C2019
0.052,0.006614741,3010.428957,-2.03982686,0.35176515,4.06191502,0,ceq,C2019
0.052,0.008376776,2997.691156,-2.14978565,0.31257902,4.16449833,0,ceq,C2019
0.052,0.010608184,2986.085144,-2.24809957,0.28130365,4.25606812,0,ceq,C2019
0.052,0.013433993,2969.065899,-2.34280134,0.25514244,4.34085273,0,ceq,C2019
0.052,0.017012543,2944.827404,-2.43619435,0.23292169,4.41999953,0,ceq,C2019
0.052,0.021544347,2923.003712,-2.52335589,0.21384123,4.49423524,0,ceq,C2019
0.052,0.027283334,2893.406634,-2.61195474,0.19707599,4.56515217,0,ceq,C2019
0.052,0.034551073,2852.697857,-2.70405482,0.1823411,4.63264983,0,ceq,C2019
0.052,0.043754794,2817.159051,-2.78999123,0.16935845,4.69680602,0,ceq,C2019
0.052,0.055410203,2782.871408,-2.8732575,0.15769251,4.75879656,0,ceq,C2019
0.052,0.070170383,2733.355785,-2.96469656,0.14712717,4.81903386,0,ceq,C2019
0.052,0.088862382,2685.977589,-3.05230985,0.13773964,4.87630151,0,ceq,C2019
0.052,0.112533558,2623.723442,-3.14898517,0.12914952,4.93223305,0,ceq,C2019
0.052,0.142510267,2548.289958,-3.25246727,0.12153523,4.98501422,0,ceq,C2019
0.052,0.180472177,2463.054027,-3.3608364,0.11483046,5.03430522,0,ceq,C2019
0.052,0.228546386,2357.606752,-3.48241668,0.1089614,5.07987396,0,ceq,C2019
0.052,0.289426612,2229.647652,-3.61976677,0.10401078,5.12026238,0,ceq,C2019
0.052,0.366524124,2111.594737,-3.74995572,0.09982128,5.15597235,0,ceq,C2019
0.052,0.464158883,1958.191228,-3.91228455,0.09628937,5.18726149,0,ceq,C2019
0.052,0.587801607,1808.531552,-4.07647106,0.09344141,5.21333939,0,ceq,C2019
0.052,0.744380301,1661.563084,-4.24558692,0.09111778,5.23521177,0,ceq,C2019
0.052,0.942668455,1528.882743,-4.40847786,0.08921513,5.25354098,0,ceq,C2019
0.052,1.19377664,1425.80066,-4.54567948,0.08759415,5.26946745,0,ceq,C2019
0.052,1.51177507,1318.292682,-4.69629053,0.08615175,5.28388947,0,ceq,C2019
0.052,1.91448198,1227.464663,-4.83310613,0.08489044,5.29670004,0,ceq,C2019
0.052,2.42446202,1142.019169,-4.96999426,0.08376977,5.3082429,0,ceq,C2019
0.052,3.07029063,1069.677126,-5.09419644,0.08276033,5.31877313,0,ceq,C2019
0.052,3.88815518,1002.328973,-5.21701067,0.08182557,5.32863946,0,ceq,C2019
0.052,4.92388263,940.3604226,-5.33684131,0.0809879,5.33757726,0,ceq,C2019
0.052,6.23550734,888.4710572,-5.44364037,0.08022549,5.34579281,0,ceq,C2019
0.052,7.89652287,844.722031,-5.53940421,0.07948644,5.35383145,0,ceq,C2019
0.052,10,801.5140046,-5.63855278,0.07876225,5.36178134,0,ceq,C2019
0.053,0.001,2998.128944,-1.55565984,0.61929181,3.57890021,0,ceq,C2019
0.053,0.00126638,2999.085335,-1.57056427,0.60836754,3.59435878,0,ceq,C2019
0.053,0.001603719,2999.783816,-1.58058615,0.60111706,3.60477251,0,ceq,C2019
0.053,0.002030918,3000.677543,-1.59347643,0.5918842,3.61821671,0,ceq,C2019
0.053,0.002571914,3002.314848,-1.61451616,0.57710349,3.64018309,0,ceq,C2019
0.053,0.003257021,3005.275538,-1.65709578,0.54841467,3.68447228,0,ceq,C2019
0.053,0.004124626,3010.460049,-1.7730503,0.47823185,3.80341341,0,ceq,C2019
0.053,0.005223345,3019.572492,-1.91151578,0.40529481,3.94714927,0,ceq,C2019
0.053,0.006614741,3017.282026,-2.03085344,0.35380152,4.06517293,0,ceq,C2019
0.053,0.008376776,3004.629575,-2.13983768,0.31472218,4.16683827,0,ceq,C2019
0.053,0.010608184,2993.311294,-2.23740612,0.28341004,4.25786139,0,ceq,C2019
0.053,0.013433993,2977.927881,-2.33072278,0.25718022,4.34221683,0,ceq,C2019
0.053,0.017012543,2954.008679,-2.42384465,0.23479088,4.42133032,0,ceq,C2019
0.053,0.021544347,2932.205494,-2.51089562,0.21556467,4.49553743,0,ceq,C2019
0.053,0.027283334,2904.449219,-2.59834379,0.19867126,4.56642268,0,ceq,C2019
0.053,0.034551073,2865.164063,-2.6897255,0.18376508,4.63416647,0,ceq,C2019
0.053,0.043754794,2828.095287,-2.7767206,0.17063752,4.69854357,0,ceq,C2019
0.053,0.055410203,2795.585126,-2.8589004,0.15886321,4.76064469,0,ceq,C2019
0.053,0.070170383,2748.542521,-2.94889339,0.14817265,4.82115504,0,ceq,C2019
0.053,0.088862382,2700.763526,-3.03703472,0.1386571,4.87880657,0,ceq,C2019
0.053,0.112533558,2642.255436,-3.13119748,0.12997914,4.93494469,0,ceq,C2019
0.053,0.142510267,2569.262515,-3.23327252,0.12222906,4.98834317,0,ceq,C2019
0.053,0.180472177,2484.975469,-3.34109492,0.11540872,5.03821289,0,ceq,C2019
0.053,0.228546386,2384.9749,-3.4587627,0.10941495,5.08453714,0,ceq,C2019
0.053,0.289426612,2259.529175,-3.59396895,0.10432866,5.12588411,0,ceq,C2019
0.053,0.366524124,2140.068988,-3.72475191,0.10004567,5.16229437,0,ceq,C2019
0.053,0.464158883,1991.641861,-3.88188084,0.0963979,5.19455585,0,ceq,C2019
0.053,0.587801607,1842.356232,-4.04417682,0.09345282,5.22150606,0,ceq,C2019
0.053,0.744380301,1692.605436,-4.21404133,0.09105497,5.24408331,0,ceq,C2019
0.053,0.942668455,1556.275554,-4.37880888,0.08909552,5.26297879,0,ceq,C2019
0.053,1.19377664,1447.493516,-4.52090111,0.08744676,5.27920309,0,ceq,C2019
0.053,1.51177507,1343.576605,-4.66504929,0.08597585,5.29393733,0,ceq,C2019
0.053,1.91448198,1246.417722,-4.80849205,0.08469342,5.30699081,0,ceq,C2019
0.053,2.42446202,1161.65047,-4.94259393,0.08355447,5.31875081,0,ceq,C2019
0.053,3.07029063,1086.373965,-5.06967298,0.08253372,5.32942726,0,ceq,C2019
0.053,3.88815518,1020.270475,-5.18874639,0.08158776,5.33944007,0,ceq,C2019
0.053,4.92388263,957.6025274,-5.30800586,0.08073408,5.34857629,0,ceq,C2019
0.053,6.23550734,903.5526336,-5.41731019,0.07995654,5.35698214,0,ceq,C2019
0.053,7.89652287,859.7493217,-5.51180891,0.07920803,5.36515167,0,ceq,C2019
0.053,10,816.2282155,-5.61021566,0.0784683,5.37330162,0,ceq,C2019
0.054,0.001,3003.042836,-1.54132653,0.62752201,3.57555024,0,ceq,C2019
0.054,0.00126638,3003.918305,-1.55556725,0.61695907,3.59029556,0,ceq,C2019
0.054,0.001603719,3004.609675,-1.56563358,0.60958473,3.60074001,0,ceq,C2019
0.054,0.002030918,3005.567827,-1.57894758,0.59992609,3.61461289,0,ceq,C2019
0.054,0.002571914,3007.324093,-1.60087737,0.58429747,3.63754001,0,ceq,C2019
0.054,0.003257021,3010.760427,-1.64611153,0.55337384,3.68477098,0,ceq,C2019
0.054,0.004124626,3016.930917,-1.76832066,0.47878388,3.81053059,0,ceq,C2019
0.054,0.005223345,3026.279438,-1.90407601,0.40697615,3.95167199,0,ceq,C2019
0.054,0.006614741,3024.007304,-2.02192029,0.35586674,4.06823367,0,ceq,C2019
0.054,0.008376776,3011.484936,-2.1299876,0.31686822,4.16905071,0,ceq,C2019
0.054,0.010608184,3000.377859,-2.22688645,0.2855172,4.25954619,0,ceq,C2019
0.054,0.013433993,2986.408133,-2.3189399,0.25921358,4.34349533,0,ceq,C2019
0.054,0.017012543,2963.224557,-2.41153516,0.23665842,4.42256659,0,ceq,C2019
0.054,0.021544347,2941.298196,-2.49865246,0.21727823,4.49677833,0,ceq,C2019
0.054,0.027283334,2914.349881,-2.58550262,0.20025809,4.56763028,0,ceq,C2019
0.054,0.034551073,2877.639289,-2.6754599,0.18519001,4.63557544,0,ceq,C2019
0.054,0.043754794,2839.09503,-2.76353972,0.17191112,4.70020154,0,ceq,C2019
0.054,0.055410203,2807.200559,-2.8453648,0.16002895,4.76241342,0,ceq,C2019
0.054,0.070170383,2763.662158,-2.93320328,0.14922575,4.82312098,0,ceq,C2019
0.054,0.088862382,2714.258018,-3.02266162,0.13957223,4.88121234,0,ceq,C2019
0.054,0.112533558,2660.333123,-3.11380038,0.13081421,4.93750023,0,ceq,C2019
0.054,0.142510267,2589.462307,-3.21470292,0.12292978,4.99149502,0,ceq,C2019
0.054,0.180472177,2506.055375,-3.32201776,0.1159968,5.04191792,0,ceq,C2019
0.054,0.228546386,2410.657858,-3.43640482,0.10989056,5.08888893,0,ceq,C2019
0.054,0.289426612,2289.540013,-3.56823701,0.10466598,5.13119718,0,ceq,C2019
0.054,0.366524124,2166.797651,-3.70112817,0.10028202,5.16836239,0,ceq,C2019
0.054,0.464158883,2026.278199,-3.85077128,0.09652724,5.20150873,0,ceq,C2019
0.054,0.587801607,1875.677699,-4.01276384,0.09348338,5.22934002,0,ceq,C2019
0.054,0.744380301,1724.44959,-4.18209197,0.09100827,5.25264667,0,ceq,C2019
0.054,0.942668455,1583.676733,-4.34951668,0.08898949,5.27213097,0,ceq,C2019
0.054,1.19377664,1469.122145,-4.49651838,0.08730763,5.28870392,0,ceq,C2019
0.054,1.51177507,1368.635733,-4.63460706,0.08581321,5.3036998,0,ceq,C2019
0.054,1.91448198,1265.772197,-4.78364117,0.08450635,5.3170294,0,ceq,C2019
0.054,2.42446202,1181.428457,-4.9154043,0.08335043,5.32899238,0,ceq,C2019
0.054,3.07029063,1103.275791,-5.04513968,0.08231589,5.33984066,0,ceq,C2019
0.054,3.88815518,1038.079346,-5.1610834,0.08136076,5.349978,0,ceq,C2019
0.054,4.92388263,974.9887329,-5.27936915,0.08049061,5.35931751,0,ceq,C2019
0.054,6.23550734,920.3272235,-5.38821396,0.07969627,5.36793196,0,ceq,C2019
0.054,7.89652287,874.6732227,-5.48488756,0.07893782,5.37623771,0,ceq,C2019
0.054,10,830.9347139,-5.58234827,0.07818309,5.38458236,0,ceq,C2019
0.055,0.001,3008.131341,-1.52705285,0.63577507,3.57217048,0,ceq,C2019
0.055,0.00126638,3008.870908,-1.54070884,0.62554072,3.58626623,0,ceq,C2019
0.055,0.001603719,3009.517467,-1.55092783,0.61797408,3.59683683,0,ceq,C2019
0.055,0.002030918,3010.428717,-1.56469706,0.60787175,3.61115343,0,ceq,C2019
0.055,0.002571914,3012.246398,-1.58764424,0.59132809,3.63512029,0,ceq,C2019
0.055,0.003257021,3016.146265,-1.63584209,0.55795458,3.68557947,0,ceq,C2019
0.055,0.004124626,3023.300165,-1.76343611,0.47944454,3.81730055,0,ceq,C2019
0.055,0.005223345,3032.929958,-1.89662671,0.40868781,3.95599596,0,ceq,C2019
0.055,0.006614741,3030.617342,-2.01310376,0.3579383,4.07116322,0,ceq,C2019
0.055,0.008376776,3018.26042,-2.12020343,0.31901443,4.17115915,0,ceq,C2019
0.055,0.010608184,3006.952181,-2.21673975,0.28761012,4.26117038,0,ceq,C2019
0.055,0.013433993,2994.602124,-2.30744309,0.26123283,4.34472344,0,ceq,C2019
0.055,0.017012543,2972.452962,-2.39932441,0.23852182,4.42372224,0,ceq,C2019
0.055,0.021544347,2950.223317,-2.4866452,0.21897766,4.49797864,0,ceq,C2019
0.055,0.027283334,2923.955895,-2.57300455,0.20182996,4.56880648,0,ceq,C2019
0.055,0.034551073,2889.981197,-2.66137603,0.18661576,4.63688231,0,ceq,C2019
0.055,0.043754794,2850.147378,-2.75037685,0.17318121,4.70177627,0,ceq,C2019
0.055,0.055410203,2818.061316,-2.83239554,0.16118607,4.76412397,0,ceq,C2019
0.055,0.070170383,2778.37531,-2.91788253,0.15028139,4.82496843,0,ceq,C2019
0.055,0.088862382,2727.565777,-3.00851197,0.1404821,4.88353648,0,ceq,C2019
0.055,0.112533558,2677.623751,-3.09700948,0.13165055,4.93993299,0,ceq,C2019
0.055,0.142510267,2608.477387,-3.1969817,0.12363878,4.99446854,0,ceq,C2019
0.055,0.180472177,2526.579758,-3.30338996,0.11658901,5.04546255,0,ceq,C2019
0.055,0.228546386,2434.277623,-3.41561811,0.11037742,5.09301657,0,ceq,C2019
0.055,0.289426612,2318.849458,-3.54316053,0.10502561,5.13618808,0,ceq,C2019
0.055,0.366524124,2192.553734,-3.67846672,0.10052936,5.17419122,0,ceq,C2019
0.055,0.464158883,2061.015557,-3.81985065,0.09668019,5.20810252,0,ceq,C2019
0.055,0.587801607,1908.242391,-3.98240584,0.09353304,5.23684755,0,ceq,C2019
0.055,0.744380301,1756.27961,-4.1505874,0.09097844,5.26090011,0,ceq,C2019
0.055,0.942668455,1612.158614,-4.31944925,0.08889774,5.28099592,0,ceq,C2019
0.055,1.19377664,1490.783033,-4.47237221,0.08717788,5.2979644,0,ceq,C2019
0.055,1.51177507,1393.429452,-4.60490973,0.08566412,5.31317911,0,ceq,C2019
0.055,1.91448198,1285.381787,-4.75875814,0.08432925,5.32682049,0,ceq,C2019
0.055,2.42446202,1201.260087,-4.88851232,0.08315753,5.33897373,0,ceq,C2019
0.055,3.07029063,1122.27155,-5.0176874,0.08210867,5.34999892,0,ceq,C2019
0.055,3.88815518,1055.803243,-5.13400514,0.08114482,5.36025535,0,ceq,C2019
0.055,4.92388263,992.4347313,-5.25107247,0.08025797,5.36980055,0,ceq,C2019
0.055,6.23550734,937.2127058,-5.3593496,0.07944648,5.37862759,0,ceq,C2019
0.055,7.89652287,889.4420703,-5.45871198,0.07867513,5.387102,0,ceq,C2019
0.055,10,845.6540348,-5.55494419,0.0779067,5.39562726,0,ceq,C2019
0.056,0.001,3013.306215,-1.51290425,0.64400786,3.56882039,0,ceq,C2019
0.056,0.00126638,3013.902435,-1.52601218,0.63409797,3.58229032,0,ceq,C2019
0.056,0.001603719,3014.506429,-1.53639497,0.62631991,3.59301011,0,ceq,C2019
0.056,0.002030918,3015.381225,-1.55069959,0.61573166,3.60781958,0,ceq,C2019
0.056,0.002571914,3017.117935,-1.57474834,0.59821209,3.63289204,0,ceq,C2019
0.056,0.003257021,3021.510687,-1.62624684,0.56215531,3.68688986,0,ceq,C2019
0.056,0.004124626,3029.729416,-1.75835726,0.48022129,3.82372264,0,ceq,C2019
0.056,0.005223345,3039.502328,-1.88918389,0.41042051,3.96014627,0,ceq,C2019
0.056,0.006614741,3037.143814,-2.0043827,0.36000456,4.07398911,0,ceq,C2019
0.056,0.008376776,3024.954753,-2.1105674,0.32114315,4.17320599,0,ceq,C2019
0.056,0.010608184,3013.402964,-2.20676317,0.28968625,4.26274687,0,ceq,C2019
0.056,0.013433993,3002.26803,-2.29637208,0.2632396,4.34589985,0,ceq,C2019
0.056,0.017012543,2981.695638,-2.38718867,0.24038393,4.42479208,0,ceq,C2019
0.056,0.021544347,2958.96219,-2.47479737,0.2206681,4.4991237,0,ceq,C2019
0.056,0.027283334,2933.225017,-2.56077431,0.2033953,4.56992136,0,ceq,C2019
0.056,0.034551073,2901.839285,-2.64763835,0.18804433,4.63808313,0,ceq,C2019
0.056,0.043754794,2861.475412,-2.73716073,0.1744501,4.70326182,0,ceq,C2019
0.056,0.055410203,2828.639657,-2.81972087,0.16233389,4.7657841,0,ceq,C2019
0.056,0.070170383,2792.386237,-2.90306219,0.15133539,4.82672364,0,ceq,C2019
0.056,0.088862382,2741.052276,-2.9943213,0.1413931,4.88574635,0,ceq,C2019
0.056,0.112533558,2693.916911,-3.08096683,0.1324846,4.94227163,0,ceq,C2019
0.056,0.142510267,2626.532977,-3.17999782,0.12435483,4.99727895,0,ceq,C2019
0.056,0.180472177,2546.911387,-3.28504431,0.11718871,5.04883221,0,ceq,C2019
0.056,0.228546386,2457.121966,-3.39553553,0.11086605,5.09700603,0,ceq,C2019
0.056,0.289426612,2346.383227,-3.51975472,0.10537729,5.14110868,0,ceq,C2019
0.056,0.366524124,2218.366912,-3.65612678,0.10076219,5.18000792,0,ceq,C2019
0.056,0.464158883,2093.68498,-3.7911776,0.09683278,5.21455817,0,ceq,C2019
0.056,0.587801607,1938.878304,-3.95422021,0.09358786,5.24416407,0,ceq,C2019
0.056,0.744380301,1787.099694,-4.12058481,0.09095738,5.26892677,0,ceq,C2019
0.056,0.942668455,1641.812163,-4.28858754,0.08881601,5.28962003,0,ceq,C2019
0.056,1.19377664,1514.813564,-4.44581111,0.08705624,5.30700287,0,ceq,C2019
0.056,1.51177507,1415.862764,-4.57855902,0.08552645,5.32240158,0,ceq,C2019
0.056,1.91448198,1306.467051,-4.73221413,0.08416183,5.33637198,0,ceq,C2019
0.056,2.42446202,1219.348261,-4.86443703,0.08297559,5.3487016,0,ceq,C2019
0.056,3.07029063,1141.185147,-4.99071812,0.08191312,5.3598954,0,ceq,C2019
0.056,3.88815518,1073.403461,-5.10748399,0.08093993,5.37027667,0,ceq,C2019
0.056,4.92388263,1010.409213,-5.22229208,0.08003669,5.38002399,0,ceq,C2019
0.056,6.23550734,954.2965022,-5.33056941,0.07920763,5.38906825,0,ceq,C2019
0.056,7.89652287,904.373953,-5.43259562,0.0784197,5.39775191,0,ceq,C2019
0.056,10,860.3634568,-5.52795631,0.07763924,5.40643967,0,ceq,C2019
0.057,0.001,3018.492952,-1.49890355,0.65221503,3.56550751,0,ceq,C2019
0.057,0.00126638,3019.031491,-1.51150027,0.64259415,3.57841612,0,ceq,C2019
0.057,0.001603719,3019.556231,-1.52206626,0.63459819,3.58929183,0,ceq,C2019
0.057,0.002030918,3020.379419,-1.53690394,0.62351203,3.60459953,0,ceq,C2019
0.057,0.002571914,3022.151411,-1.56217696,0.60493421,3.63087303,0,ceq,C2019
0.057,0.003257021,3026.829102,-1.61734021,0.56594792,3.6887363,0,ceq,C2019
0.057,0.004124626,3036.088457,-1.75317262,0.48107402,3.82986724,0,ceq,C2019
0.057,0.005223345,3046.056474,-1.88173882,0.41217145,3.96413458,0,ceq,C2019
0.057,0.006614741,3043.490029,-1.99581496,0.36205765,4.07673402,0,ceq,C2019
0.057,0.008376776,3031.61857,-2.10103241,0.32326447,4.17517553,0,ceq,C2019
0.057,0.010608184,3019.814777,-2.19690711,0.29175123,4.26426575,0,ceq,C2019
0.057,0.013433993,3009.112811,-2.28584939,0.26523357,4.34703387,0,ceq,C2019
0.057,0.017012543,2990.812414,-2.37517113,0.24224605,4.42577573,0,ceq,C2019
0.057,0.021544347,2967.697943,-2.46307781,0.22235521,4.5001962,0,ceq,C2019
0.057,0.027283334,2942.310161,-2.54878466,0.20494919,4.57099875,0,ceq,C2019
0.057,0.034551073,2912.204805,-2.634898,0.18946888,4.639214,0,ceq,C2019
0.057,0.043754794,2872.928673,-2.72391216,0.17571799,4.70465908,0,ceq,C2019
0.057,0.055410203,2839.053931,-2.80723127,0.16347816,4.76737111,0,ceq,C2019
0.057,0.070170383,2805.196976,-2.88910334,0.15238621,4.82840016,0,ceq,C2019
0.057,0.088862382,2754.80812,-2.98001374,0.1423107,4.88781573,0,ceq,C2019
0.057,0.112533558,2708.599088,-3.06612008,0.13331554,4.94452885,0,ceq,C2019
0.057,0.142510267,2644.131738,-3.1633464,0.1250774,4.99993311,0,ceq,C2019
0.057,0.180472177,2566.785727,-3.26714848,0.1177812,5.05213761,0,ceq,C2019
0.057,0.228546386,2478.919601,-3.37641342,0.11135089,5.10090195,0,ceq,C2019
0.057,0.289426612,2372.751369,-3.49733812,0.10574113,5.14580125,0,ceq,C2019
0.057,0.366524124,2244.497867,-3.63369624,0.10100404,5.18561184,0,ceq,C2019
0.057,0.464158883,2122.872023,-3.76568998,0.09699161,5.22082129,0,ceq,C2019
0.057,0.587801607,1968.947924,-3.92693147,0.09364794,5.25129329,0,ceq,C2019
0.057,0.744380301,1818.661777,-4.09028928,0.09094398,5.27674127,0,ceq,C2019
0.057,0.942668455,1671.192383,-4.25844583,0.08874658,5.29798628,0,ceq,C2019
0.057,1.19377664,1540.677166,-4.41753305,0.08694432,5.31580708,0,ceq,C2019
0.057,1.51177507,1437.369093,-4.55368274,0.08539785,5.33139549,0,ceq,C2019
0.057,1.91448198,1331.637729,-4.70068636,0.08400721,5.34565605,0,ceq,C2019
0.057,2.42446202,1237.976646,-4.83989347,0.08280373,5.3581893,0,ceq,C2019
0.057,3.07029063,1160.029427,-4.96421231,0.08172936,5.36953292,0,ceq,C2019
0.057,3.88815518,1090.7203,-5.08176163,0.0807462,5.38004496,0,ceq,C2019
0.057,4.92388263,1028.762075,-5.19326472,0.07982863,5.38997176,0,ceq,C2019
0.057,6.23550734,971.6399602,-5.30179006,0.07898108,5.399243,0,ceq,C2019
0.057,7.89652287,920.8972561,-5.40386716,0.0781743,5.40816112,0,ceq,C2019
0.057,10,875.0919655,-5.50134985,0.07738111,5.41701915,0,ceq,C2019
0.058,0.001,3023.753499,-1.48499232,0.6604428,3.56217238,0,ceq,C2019
0.058,0.00126638,3024.209953,-1.49718158,0.65103079,3.57463939,0,ceq,C2019
0.058,0.001603719,3024.732064,-1.50794272,0.64280907,3.58567847,0,ceq,C2019
0.058,0.002030918,3025.51673,-1.5233336,0.63120015,3.60150807,0,ceq,C2019
0.058,0.002571914,3027.139302,-1.5499153,0.61150187,3.629047,0,ceq,C2019
0.058,0.003257021,3032.135664,-1.60916503,0.56929639,3.69116546,0,ceq,C2019
0.058,0.004124626,3042.444047,-1.74786864,0.48200016,3.83574888,0,ceq,C2019
0.058,0.005223345,3052.583395,-1.87430309,0.4139344,3.96797961,0,ceq,C2019
0.058,0.006614741,3049.732784,-1.98732675,0.36411519,4.07936777,0,ceq,C2019
0.058,0.008376776,3038.206594,-2.09163444,0.32537043,4.17708874,0,ceq,C2019
0.058,0.010608184,3026.133573,-2.18719693,0.29379899,4.26574438,0,ceq,C2019
0.058,0.013433993,3015.707988,-2.27559476,0.26720606,4.34815215,0,ceq,C2019
0.058,0.017012543,2999.791377,-2.36332911,0.24410885,4.42667565,0,ceq,C2019
0.058,0.021544347,2976.357948,-2.45146812,0.22403588,4.50120923,0,ceq,C2019
0.058,0.027283334,2951.25839,-2.5370178,0.20649553,4.57202355,0,ceq,C2019
0.058,0.034551073,2922.198163,-2.62244604,0.19088768,4.64028644,0,ceq,C2019
0.058,0.043754794,2884.608313,-2.71064099,0.17698548,4.70596949,0,ceq,C2019
0.058,0.055410203,2849.432583,-2.79487438,0.16461714,4.76889444,0,ceq,C2019
0.058,0.070170383,2816.838146,-2.87598935,0.15342985,4.83002457,0,ceq,C2019
0.058,0.088862382,2768.893055,-2.96553672,0.14323381,4.88975328,0,ceq,C2019
0.058,0.112533558,2721.954683,-3.05220955,0.13413862,4.94673678,0,ceq,C2019
0.058,0.142510267,2661.421151,-3.14703744,0.12579971,5.00248372,0,ceq,C2019
0.058,0.180472177,2586.337243,-3.24955705,0.11837821,5.05529894,0,ceq,C2019
0.058,0.228546386,2499.780677,-3.35799734,0.11184624,5.10459956,0,ceq,C2019
0.058,0.289426612,2398.359651,-3.47552255,0.10612875,5.1501762,0,ceq,C2019
0.058,0.366524124,2271.215251,-3.61081277,0.10127357,5.19085011,0,ceq,C2019
0.058,0.464158883,2150.305106,-3.74166801,0.09718093,5.22668017,0,ceq,C2019
0.058,0.587801607,1999.354958,-3.89957085,0.09372711,5.25811212,0,ceq,C2019
0.058,0.744380301,1851.075854,-4.05960746,0.09094515,5.28428378,0,ceq,C2019
0.058,0.942668455,1700.492321,-4.22881171,0.08869038,5.3060897,0,ceq,C2019
0.058,1.19377664,1566.669665,-4.38947002,0.08684528,5.3243502,0,ceq,C2019
0.058,1.51177507,1458.827212,-4.52915364,0.08527963,5.34015181,0,ceq,C2019
0.058,1.91448198,1356.925526,-4.66943985,0.08386866,5.35464289,0,ceq,C2019
0.058,2.42446202,1257.339881,-4.81461555,0.08264434,5.36741607,0,ceq,C2019
0.058,3.07029063,1179.079931,-4.93773164,0.08155907,5.37889772,0,ceq,C2019
0.058,3.88815518,1108.938553,-5.05493112,0.08056524,5.38954681,0,ceq,C2019
0.058,4.92388263,1047.33622,-5.16429786,0.07963545,5.39962934,0,ceq,C2019
0.058,6.23550734,989.281398,-5.27287571,0.07876805,5.40914206,0,ceq,C2019
0.058,7.89652287,937.7421229,-5.37496856,0.07794134,5.41830652,0,ceq,C2019
0.058,10,889.7371916,-5.47531819,0.0771321,5.42737188,0,ceq,C2019
0.059,0.001,3029.022813,-1.4712521,0.66863814,3.55888449,0,ceq,C2019
0.059,0.00126638,3029.455882,-1.48302814,0.65943776,3.57091928,0,ceq,C2019
0.059,0.001603719,3029.940821,-1.49401314,0.65095274,3.58216776,0,ceq,C2019
0.059,0.002030918,3030.674567,-1.50996594,0.6387991,3.59853776,0,ceq,C2019
0.059,0.002571914,3032.252969,-1.53793535,0.61791324,3.6274116,0,ceq,C2019
0.059,0.003257021,3037.50827,-1.60168172,0.57220073,3.69416955,0,ceq,C2019
0.059,0.004124626,3048.743367,-1.74245439,0.48301372,3.84134984,0,ceq,C2019
0.059,0.005223345,3059.092539,-1.86687225,0.41572181,3.97166306,0,ceq,C2019
0.059,0.006614741,3055.873246,-1.97895478,0.36616036,4.08192449,0,ceq,C2019
0.059,0.008376776,3044.678201,-2.08237282,0.32746156,4.17894577,0,ceq,C2019
0.059,0.010608184,3032.421782,-2.17759476,0.29583335,4.26717462,0,ceq,C2019
0.059,0.013433993,3022.137993,-2.26557696,0.26915781,4.34925499,0,ceq,C2019
0.059,0.017012543,3007.381055,-2.3523507,0.24596642,4.42751534,0,ceq,C2019
0.059,0.021544347,2985.027868,-2.4399267,0.22571554,4.50214581,0,ceq,C2019
0.059,0.027283334,2959.901265,-2.52547843,0.20803234,4.57300732,0,ceq,C2019
0.059,0.034551073,2931.868982,-2.61029421,0.19230178,4.64130015,0,ceq,C2019
0.059,0.043754794,2896.332544,-2.69736968,0.17825622,4.70717944,0,ceq,C2019
0.059,0.055410203,2859.752465,-2.78260781,0.16575308,4.77034563,0,ceq,C2019
0.059,0.070170383,2827.857435,-2.86336434,0.15446589,4.83160239,0,ceq,C2019
0.059,0.088862382,2783.091955,-2.95102676,0.14416373,4.89155652,0,ceq,C2019
0.059,0.112533558,2734.746039,-3.03882567,0.13495238,4.94890598,0,ceq,C2019
0.059,0.142510267,2678.431085,-3.13099205,0.12652261,5.00493035,0,ceq,C2019
0.059,0.180472177,2605.254102,-3.23250111,0.1189819,5.05830448,0,ceq,C2019
0.059,0.228546386,2519.791264,-3.34022375,0.11235094,5.10811287,0,ceq,C2019
0.059,0.289426612,2421.134917,-3.45577918,0.10653523,5.15427979,0,ceq,C2019
0.059,0.366524124,2298.475126,-3.58759086,0.10156746,5.1957571,0,ceq,C2019
0.059,0.464158883,2176.392022,-3.71882669,0.09739406,5.23220131,0,ceq,C2019
0.059,0.587801607,2031.892639,-3.87045972,0.09384082,5.26448277,0,ceq,C2019
0.059,0.744380301,1883.458086,-4.0292467,0.09096878,5.29148163,0,ceq,C2019
0.059,0.942668455,1730.643225,-4.19869516,0.08864777,5.31393089,0,ceq,C2019
0.059,1.19377664,1592.751839,-4.36161456,0.08675929,5.33263426,0,ceq,C2019
0.059,1.51177507,1480.350098,-4.50477733,0.08517275,5.34866497,0,ceq,C2019
0.059,1.91448198,1382.342163,-4.63846276,0.08374749,5.36332271,0,ceq,C2019
0.059,2.42446202,1277.569737,-4.78840405,0.08249925,5.37636625,0,ceq,C2019
0.059,3.07029063,1198.422924,-4.91112573,0.08140329,5.38798232,0,ceq,C2019
0.059,3.88815518,1128.2497,-5.02671999,0.0803999,5.39875521,0,ceq,C2019
0.059,4.92388263,1066.060522,-5.13543622,0.07945827,5.40898799,0,ceq,C2019
0.059,6.23550734,1007.544627,-5.24329051,0.07856958,5.41875737,0,ceq,C2019
0.059,7.89652287,954.9887679,-5.34576245,0.07772234,5.42817453,0,ceq,C2019
0.059,10,904.6769501,-5.44910141,0.07689223,5.43750132,0,ceq,C2019
0.06,0.001,3034.546596,-1.46407024,0.67173771,3.56216678,0,ceq,C2019
0.06,0.00126638,3034.928035,-1.47333351,0.66445685,3.57163218,0,ceq,C2019
0.06,0.001603719,3035.392722,-1.48484126,0.65551043,3.58340669,0,ceq,C2019
0.06,0.002030918,3036.151569,-1.50270517,0.6418334,3.6017212,0,ceq,C2019
0.06,0.002571914,3037.987092,-1.53543494,0.61735052,3.63550216,0,ceq,C2019
0.06,0.003257021,3044.950331,-1.6147466,0.56091513,3.71877117,0,ceq,C2019
0.06,0.004124626,3056.116871,-1.75444522,0.47409653,3.86483432,0,ceq,C2019
0.06,0.005223345,3066.917022,-1.87059217,0.41183081,3.98712813,0,ceq,C2019
0.06,0.006614741,3061.182281,-1.97930683,0.36474744,4.09258386,0,ceq,C2019
0.06,0.008376776,3050.182698,-2.07955015,0.32733594,4.18658097,0,ceq,C2019
0.06,0.010608184,3038.13826,-2.172689,0.29639386,4.27282898,0,ceq,C2019
0.06,0.013433993,3028.004789,-2.25918472,0.27010003,4.35351835,0,ceq,C2019
0.06,0.017012543,3014.126242,-2.34436216,0.24712512,4.4307342,0,ceq,C2019
0.06,0.021544347,2993.002957,-2.43067407,0.2269182,4.50482857,0,ceq,C2019
0.06,0.027283334,2967.911159,-2.51579143,0.20923117,4.57531397,0,ceq,C2019
0.06,0.034551073,2940.791901,-2.59971693,0.19347804,4.64330455,0,ceq,C2019
0.06,0.043754794,2906.713927,-2.68577686,0.17936309,4.70910129,0,ceq,C2019
0.06,0.055410203,2869.789603,-2.77122244,0.16676944,4.77233468,0,ceq,C2019
0.06,0.070170383,2838.173784,-2.85170955,0.15541341,4.83358933,0,ceq,C2019
0.06,0.088862382,2796.794935,-2.93724414,0.14503755,4.89360682,0,ceq,C2019
0.06,0.112533558,2746.927787,-3.02620459,0.13571494,4.95131096,0,ceq,C2019
0.06,0.142510267,2694.839585,-3.11560455,0.12722035,5.00745237,0,ceq,C2019
0.06,0.180472177,2622.929677,-3.21644543,0.11957278,5.06130088,0,ceq,C2019
0.06,0.228546386,2539.029439,-3.32315893,0.11285103,5.11155444,0,ceq,C2019
0.06,0.289426612,2443.376521,-3.43654903,0.10694784,5.15822146,0,ceq,C2019
0.06,0.366524124,2325.823389,-3.56439466,0.10187763,5.20040785,0,ceq,C2019
0.06,0.464158883,2201.262893,-3.69705474,0.09762186,5.23747137,0,ceq,C2019
0.06,0.587801607,2065.032798,-3.84104534,0.09398407,5.27045699,0,ceq,C2019
0.06,0.744380301,1915.436252,-3.99944535,0.09102793,5.29821657,0,ceq,C2019
0.06,0.942668455,1762.520307,-4.16700394,0.0886464,5.32124387,0,ceq,C2019
0.06,1.19377664,1622.242479,-4.33027887,0.08670559,5.34047157,0,ceq,C2019
0.06,1.51177507,1503.292372,-4.47890622,0.08508908,5.3568178,0,ceq,C2019
0.06,1.91448198,1407.736003,-4.60779901,0.0836521,5.37161196,0,ceq,C2019
0.06,2.42446202,1299.255593,-4.76049308,0.08237493,5.38497539,0,ceq,C2019
0.06,3.07029063,1217.588346,-4.88501452,0.08126635,5.39674396,0,ceq,C2019
0.06,3.88815518,1147.860591,-4.99835504,0.08025438,5.40762798,0,ceq,C2019
0.06,4.92388263,1085.015503,-5.10655896,0.07930061,5.4180124,0,ceq,C2019
0.06,6.23550734,1026.837364,-5.21231377,0.07839064,5.42803705,0,ceq,C2019
0.06,7.89652287,972.8276366,-5.31588684,0.07752021,5.43773556,0,ceq,C2019
0.06,10,921.3590309,-5.41991966,0.07666658,5.44735335,0,ceq,C2019
0.061,0.001,3039.591666,-1.44430998,0.68490696,3.55248152,0,ceq,C2019
0.061,0.00126638,3040.028363,-1.45554474,0.67592226,3.563951,0,ceq,C2019
0.061,0.001603719,3040.475662,-1.4669588,0.666912,3.57560723,0,ceq,C2019
0.061,0.002030918,3041.131353,-1.48408894,0.65358223,3.59314399,0,ceq,C2019
0.061,0.002571914,3042.661753,-1.51509395,0.6300449,3.62500137,0,ceq,C2019
0.061,0.003257021,3048.435398,-1.58932263,0.57624474,3.70253022,0,ceq,C2019
0.061,0.004124626,3061.264749,-1.73182146,0.48496226,3.85233139,0,ceq,C2019
0.061,0.005223345,3072.057248,-1.85238132,0.41916094,3.97898483,0,ceq,C2019
0.061,0.006614741,3067.933559,-1.96273414,0.37014292,4.08700597,0,ceq,C2019
0.061,0.008376776,3057.288255,-2.06440879,0.33155388,4.18263878,0,ceq,C2019
0.061,0.010608184,3044.917188,-2.15884088,0.29981927,4.27002572,0,ceq,C2019
0.061,0.013433993,3034.506239,-2.24622032,0.27298032,4.35148412,0,ceq,C2019
0.061,0.017012543,3021.743078,-2.33126432,0.24962143,4.42918126,0,ceq,C2019
0.061,0.021544347,3002.03895,-2.41728437,0.22906348,4.50383447,0,ceq,C2019
0.061,0.027283334,2976.779756,-2.50298297,0.2110797,4.57485392,0,ceq,C2019
0.061,0.034551073,2950.364395,-2.58680064,0.19510549,4.64320565,0,ceq,C2019
0.061,0.043754794,2917.480538,-2.67243623,0.1807955,4.70937139,0,ceq,C2019
0.061,0.055410203,2880.556174,-2.75824983,0.16801464,4.77305235,0,ceq,C2019
0.061,0.070170383,2848.648948,-2.83915765,0.15652014,4.83460362,0,ceq,C2019
0.061,0.088862382,2810.123767,-2.92304446,0.14603377,4.89483978,0,ceq,C2019
0.061,0.112533558,2759.452062,-3.01293548,0.13655675,4.95311808,0,ceq,C2019
0.061,0.142510267,2710.422868,-3.10039303,0.12798376,5.0094344,0,ceq,C2019
0.061,0.180472177,2640.414441,-3.20024516,0.12021515,5.06382572,0,ceq,C2019
0.061,0.228546386,2558.235887,-3.30591576,0.11339136,5.11458416,0,ceq,C2019
0.061,0.289426612,2465.784924,-3.41705884,0.10739753,5.1617555,0,ceq,C2019
0.061,0.366524124,2353.359591,-3.54098648,0.10222451,5.20463397,0,ceq,C2019
0.061,0.464158883,2227.947368,-3.67364423,0.0979014,5.24216728,0,ceq,C2019
0.061,0.587801607,2100.90596,-3.80897184,0.0942185,5.27547263,0,ceq,C2019
0.061,0.744380301,1949.874579,-3.96703441,0.0911797,5.30394844,0,ceq,C2019
0.061,0.942668455,1797.142351,-4.13263125,0.08870505,5.32784786,0,ceq,C2019
0.061,1.19377664,1655.018245,-4.29561991,0.08669821,5.34772415,0,ceq,C2019
0.061,1.51177507,1531.665871,-4.44695349,0.08503947,5.364503,0,ceq,C2019
0.061,1.91448198,1432.623078,-4.5780261,0.08358778,5.37945863,0,ceq,C2019
0.061,2.42446202,1327.279291,-4.72440964,0.08227911,5.39316498,0,ceq,C2019
0.061,3.07029063,1238.231527,-4.85705178,0.08115191,5.40514659,0,ceq,C2019
0.061,3.88815518,1168.07574,-4.96935298,0.0801318,5.41613428,0,ceq,C2019
0.061,4.92388263,1104.728037,-5.07676416,0.0791652,5.42667549,0,ceq,C2019
0.061,6.23550734,1046.98219,-5.18029181,0.07823446,5.43694791,0,ceq,C2019
0.061,7.89652287,991.3598239,-5.28514199,0.07733769,5.44696172,0,ceq,C2019
0.061,10,938.6920548,-5.38990818,0.07645846,5.45689303,0,ceq,C2019
0.062,0.001,3044.88818,-1.43107989,0.69300069,3.54933891,0,ceq,C2019
0.062,0.00126638,3045.313221,-1.44205587,0.68412248,3.56053855,0,ceq,C2019
0.062,0.001603719,3045.706684,-1.45370682,0.67481546,3.57243613,0,ceq,C2019
0.062,0.002030918,3046.464329,-1.47142776,0.66087865,3.59056285,0,ceq,C2019
0.062,0.002571914,3047.942859,-1.50401267,0.63592488,3.62399457,0,ceq,C2019
0.062,0.003257021,3053.954881,-1.58388931,0.57776083,3.70730981,0,ceq,C2019
0.062,0.004124626,3067.527547,-1.72611108,0.48617333,3.85722687,0,ceq,C2019
0.062,0.005223345,3078.422727,-1.8450182,0.42097276,3.98229956,0,ceq,C2019
0.062,0.006614741,3073.779853,-1.95464741,0.37217726,4.08930941,0,ceq,C2019
0.062,0.008376776,3063.4253,-2.05555502,0.33360771,4.18433568,0,ceq,C2019
0.062,0.010608184,3051.053132,-2.14955373,0.3018144,4.27132605,0,ceq,C2019
0.062,0.013433993,3040.545632,-2.23675681,0.27487975,4.35252311,0,ceq,C2019
0.062,0.017012543,3028.538154,-2.32106737,0.25143409,4.42995816,0,ceq,C2019
0.062,0.021544347,3009.346391,-2.40670094,0.2307412,4.5045569,0,ceq,C2019
0.062,0.027283334,2985.013061,-2.49195177,0.2126008,4.57567894,0,ceq,C2019
0.062,0.034551073,2959.237093,-2.57539481,0.19650241,4.64407016,0,ceq,C2019
0.062,0.043754794,2927.687536,-2.6603121,0.18206366,4.71036173,0,ceq,C2019
0.062,0.055410203,2891.129838,-2.74605062,0.16914631,4.77428341,0,ceq,C2019
0.062,0.070170383,2858.602324,-2.82743604,0.15754171,4.83601502,0,ceq,C2019
0.062,0.088862382,2822.429889,-2.9099151,0.14696735,4.89636578,0,ceq,C2019
0.062,0.112533558,2771.923834,-3.00003236,0.13735632,4.95510878,0,ceq,C2019
0.062,0.142510267,2724.628956,-3.08635634,0.12871483,5.0115488,0,ceq,C2019
0.062,0.180472177,2657.178647,-3.18472668,0.12084423,5.06635406,0,ceq,C2019
0.062,0.228546386,2577.068433,-3.28909077,0.11392635,5.11755759,0,ceq,C2019
0.062,0.289426612,2487.510348,-3.39813769,0.10785154,5.1651532,0,ceq,C2019
0.062,0.366524124,2380.806385,-3.51755132,0.10261492,5.20838567,0,ceq,C2019
0.062,0.464158883,2254.748314,-3.65013754,0.09821089,5.24648817,0,ceq,C2019
0.062,0.587801607,2132.878399,-3.78057618,0.09445251,5.28037975,0,ceq,C2019
0.062,0.744380301,1982.222002,-3.93715729,0.091316,5.30971267,0,ceq,C2019
0.062,0.942668455,1833.746431,-4.09703718,0.08876345,5.33433804,0,ceq,C2019
0.062,1.19377664,1687.265013,-4.26211259,0.08669892,5.3547789,0,ceq,C2019
0.062,1.51177507,1560.117532,-4.41537258,0.08500155,5.37195246,0,ceq,C2019
0.062,1.91448198,1457.301704,-4.54891897,0.08353583,5.38706039,0,ceq,C2019
0.062,2.42446202,1356.354848,-4.68756111,0.08220498,5.40100969,0,ceq,C2019
0.062,3.07029063,1260.152889,-4.8275855,0.08105508,5.41324551,0,ceq,C2019
0.062,3.88815518,1188.658074,-4.94013356,0.08002857,5.42431579,0,ceq,C2019
0.062,4.92388263,1125.981814,-5.04487311,0.07905258,5.43497382,0,ceq,C2019
0.062,6.23550734,1067.686398,-5.14773584,0.07810332,5.44546689,0,ceq,C2019
0.062,7.89652287,1010.940977,-5.25294891,0.0771773,5.45582671,0,ceq,C2019
0.062,10,956.7776198,-5.35889691,0.07627039,5.46609404,0,ceq,C2019
0.063,0.001,3050.189757,-1.41797884,0.70109053,3.5462072,0,ceq,C2019
0.063,0.00126638,3050.60888,-1.42878378,0.6922548,3.55722333,0,ceq,C2019
0.063,0.001603719,3051.018911,-1.44068332,0.68264054,3.56937103,0,ceq,C2019
0.063,0.002030918,3051.739458,-1.45900248,0.66807395,3.58810599,0,ceq,C2019
0.063,0.002571914,3053.242845,-1.49323411,0.64161879,3.62320078,0,ceq,C2019
0.063,0.003257021,3059.534454,-1.57902507,0.5788864,3.71256817,0,ceq,C2019
0.063,0.004124626,3073.750296,-1.72030361,0.48746232,3.86187568,0,ceq,C2019
0.063,0.005223345,3084.828692,-1.83763597,0.42281157,3.98546428,0,ceq,C2019
0.063,0.006614741,3079.562505,-1.94665713,0.37420567,4.09153569,0,ceq,C2019
0.063,0.008376776,3069.490266,-2.04680047,0.33565623,4.18596589,0,ceq,C2019
0.063,0.010608184,3057.251064,-2.14034038,0.30380204,4.27257443,0,ceq,C2019
0.063,0.013433993,3046.475243,-2.2274296,0.27676567,4.35353301,0,ceq,C2019
0.063,0.017012543,3035.103242,-2.31112109,0.25323226,4.4307173,0,ceq,C2019
0.063,0.021544347,3016.712242,-2.39619626,0.232413,4.50523425,0,ceq,C2019
0.063,0.027283334,2993.148139,-2.4810225,0.21411927,4.57644602,0,ceq,C2019
0.063,0.034551073,2967.875951,-2.56420572,0.19789228,4.64489734,0,ceq,C2019
0.063,0.043754794,2937.562104,-2.64842765,0.18332948,4.71129226,0,ceq,C2019
0.063,0.055410203,2901.679941,-2.73392066,0.17027975,4.77543133,0,ceq,C2019
0.063,0.070170383,2868.406842,-2.81590504,0.15856205,4.83735687,0,ceq,C2019
0.063,0.088862382,2834.10854,-2.89729904,0.14789362,4.89785678,0,ceq,C2019
0.063,0.112533558,2784.594354,-2.98703009,0.13815932,4.95699452,0,ceq,C2019
0.063,0.142510267,2737.902858,-3.07301364,0.12944318,5.01359647,0,ceq,C2019
0.063,0.180472177,2673.643528,-3.16938847,0.12148298,5.06872388,0,ceq,C2019
0.063,0.228546386,2595.853297,-3.27235874,0.11447104,5.12036353,0,ceq,C2019
0.063,0.289426612,2508.797059,-3.37944082,0.10833497,5.16821807,0,ceq,C2019
0.063,0.366524124,2406.46086,-3.49544795,0.10302433,5.21187668,0,ceq,C2019
0.063,0.464158883,2281.241332,-3.62712288,0.09851895,5.25071661,0,ceq,C2019
0.063,0.587801607,2162.620493,-3.75426497,0.09469714,5.28508226,0,ceq,C2019
0.063,0.744380301,2015.158,-3.90704544,0.09147035,5.31519417,0,ceq,C2019
0.063,0.942668455,1870.821111,-4.06144203,0.0888477,5.34046312,0,ceq,C2019
0.063,1.19377664,1720.830221,-4.22766326,0.08672182,5.36149816,0,ceq,C2019
0.063,1.51177507,1589.428737,-4.38321994,0.08498453,5.37907535,0,ceq,C2019
0.063,1.91448198,1482.41939,-4.51956701,0.08350334,5.39434717,0,ceq,C2019
0.063,2.42446202,1386.464563,-4.64991145,0.08215935,5.40844083,0,ceq,C2019
0.063,3.07029063,1284.091674,-4.7956868,0.08098253,5.42097217,0,ceq,C2019
0.063,3.88815518,1209.920685,-4.91018912,0.07994894,5.43212935,0,ceq,C2019
0.063,4.92388263,1147.687345,-5.01263364,0.07896882,5.44284353,0,ceq,C2019
0.063,6.23550734,1089.064093,-5.11440031,0.07800241,5.45353874,0,ceq,C2019
0.063,7.89652287,1032.104553,-5.21845175,0.077046,5.46425454,0,ceq,C2019
0.063,10,975.9053652,-5.32636669,0.07610707,5.47490475,0,ceq,C2019
0.064,0.001,3055.530945,-1.40512083,0.70906423,3.54322363,0,ceq,C2019
0.064,0.00126638,3055.888208,-1.41581552,0.70023436,3.55410776,0,ceq,C2019
0.064,0.001603719,3056.316218,-1.42798547,0.69029934,3.56651952,0,ceq,C2019
0.064,0.002030918,3057.073608,-1.44698153,0.67503779,3.5859384,0,ceq,C2019
0.064,0.002571914,3058.615874,-1.48306616,0.64690755,3.62291006,0,ceq,C2019
0.064,0.003257021,3065.233798,-1.57521355,0.57927333,3.7188272,0,ceq,C2019
0.064,0.004124626,3079.952181,-1.71484263,0.48855761,3.86676495,0,ceq,C2019
0.064,0.005223345,3091.219013,-1.83055759,0.42450653,3.98882548,0,ceq,C2019
0.064,0.006614741,3085.31585,-1.93894556,0.37614375,4.09388833,0,ceq,C2019
0.064,0.008376776,3075.413072,-2.03831994,0.33763981,4.18768895,0,ceq,C2019
0.064,0.010608184,3063.364829,-2.13136592,0.30573799,4.27389654,0,ceq,C2019
0.064,0.013433993,3052.327598,-2.21832543,0.2786122,4.35459651,0,ceq,C2019
0.064,0.017012543,3041.405322,-2.30148958,0.25499639,4.43152655,0,ceq,C2019
0.064,0.021544347,3023.992725,-2.38586335,0.23406714,4.50591477,0,ceq,C2019
0.064,0.027283334,3001.077038,-2.4703306,0.21562622,4.5771935,0,ceq,C2019
0.064,0.034551073,2976.345144,-2.55321975,0.19927246,4.64570091,0,ceq,C2019
0.064,0.043754794,2947.190123,-2.63681783,0.18458679,4.71219414,0,ceq,C2019
0.064,0.055410203,2911.301742,-2.72244497,0.17140904,4.77652899,0,ceq,C2019
0.064,0.070170383,2878.06796,-2.80450234,0.15957603,4.83865892,0,ceq,C2019
0.064,0.088862382,2845.156631,-2.88516609,0.14881147,4.89932165,0,ceq,C2019
0.064,0.112533558,2797.60279,-2.97389007,0.13896707,4.95877039,0,ceq,C2019
0.064,0.142510267,2750.461189,-3.06023087,0.13016753,5.01558888,0,ceq,C2019
0.064,0.180472177,2689.985574,-3.15420043,0.12213135,5.07093986,0,ceq,C2019
0.064,0.228546386,2614.121561,-3.25594614,0.11502615,5.12300108,0,ceq,C2019
0.064,0.289426612,2529.361763,-3.36122958,0.10884017,5.1710174,0,ceq,C2019
0.064,0.366524124,2429.396945,-3.47549077,0.10344012,5.21521662,0,ceq,C2019
0.064,0.464158883,2308.208598,-3.60388247,0.09884182,5.25471395,0,ceq,C2019
0.064,0.587801607,2190.589755,-3.72952593,0.0949597,5.28951632,0,ceq,C2019
0.064,0.744380301,2049.466428,-3.87598362,0.09165438,5.32028827,0,ceq,C2019
0.064,0.942668455,1907.361243,-4.02668993,0.08896326,5.34617328,0,ceq,C2019
0.064,1.19377664,1755.817409,-4.19215567,0.08677562,5.36779915,0,ceq,C2019
0.064,1.51177507,1621.94303,-4.34792987,0.08499459,5.38581188,0,ceq,C2019
0.064,1.91448198,1509.716127,-4.48794333,0.08349456,5.40127797,0,ceq,C2019
0.064,2.42446202,1416.233366,-4.61313492,0.08214657,5.41541537,0,ceq,C2019
0.064,3.07029063,1312.499881,-4.75811155,0.08094081,5.42825909,0,ceq,C2019
0.064,3.88815518,1232.694932,-4.87837541,0.07989658,5.43953784,0,ceq,C2019
0.064,4.92388263,1170.05765,-4.9796721,0.07891779,5.45024441,0,ceq,C2019
0.064,6.23550734,1111.948233,-5.07900628,0.07793787,5.46109716,0,ceq,C2019
0.064,7.89652287,1054.770712,-5.18177624,0.07695204,5.47215394,0,ceq,C2019
0.064,10,996.3702618,-5.29183432,0.07597541,5.48324812,0,ceq,C2019
0.065,0.001,3060.921149,-1.39229982,0.71708628,3.54018526,0,ceq,C2019
0.065,0.00126638,3061.205306,-1.40291479,0.70824424,3.55096184,0,ceq,C2019
0.065,0.001603719,3061.610932,-1.41538973,0.69796027,3.56366657,0,ceq,C2019
0.065,0.002030918,3062.374428,-1.43505975,0.6820022,3.58375625,0,ceq,C2019
0.065,0.002571914,3063.95952,-1.47300022,0.65215852,3.62262148,0,ceq,C2019
0.065,0.003257021,3070.965072,-1.57127335,0.57975762,3.72483469,0,ceq,C2019
0.065,0.004124626,3086.088953,-1.70897272,0.4899203,3.87107704,0,ceq,C2019
0.065,0.005223345,3097.539473,-1.82325583,0.426348,3.99180235,0,ceq,C2019
0.065,0.006614741,3090.959429,-1.93114245,0.37815442,4.09599239,0,ceq,C2019
0.065,0.008376776,3081.294351,-2.02982911,0.33966061,4.18923996,0,ceq,C2019
0.065,0.010608184,3069.438201,-2.12238203,0.30769673,4.27508296,0,ceq,C2019
0.065,0.013433993,3058.153431,-2.20926492,0.28046662,4.35556717,0,ceq,C2019
0.065,0.017012543,3047.516905,-2.29200293,0.25676201,4.43226756,0,ceq,C2019
0.065,0.021544347,3031.102003,-2.37563651,0.235723,4.5065262,0,ceq,C2019
0.065,0.027283334,3008.13084,-2.4602054,0.21713422,4.57787257,0,ceq,C2019
0.065,0.034551073,2984.646283,-2.54239835,0.20065269,4.64643979,0,ceq,C2019
0.065,0.043754794,2956.52648,-2.62544266,0.18584381,4.71303181,0,ceq,C2019
0.065,0.055410203,2921.006539,-2.71093641,0.17253728,4.77756311,0,ceq,C2019
0.065,0.070170383,2887.758102,-2.79315919,0.16059172,4.83988217,0,ceq,C2019
0.065,0.088862382,2855.627908,-2.87344464,0.1497248,4.90074036,0,ceq,C2019
0.065,0.112533558,2810.112994,-2.9610584,0.13978206,4.96042473,0,ceq,C2019
0.065,0.142510267,2762.338511,-3.04793308,0.13088982,5.01751586,0,ceq,C2019
0.065,0.180472177,2705.617802,-3.13945197,0.1227908,5.07299595,0,ceq,C2019
0.065,0.228546386,2632.202697,-3.2395987,0.11560844,5.1253492,0,ceq,C2019
0.065,0.289426612,2548.969633,-3.34377346,0.10934826,5.17370535,0,ceq,C2019
0.065,0.366524124,2451.721221,-3.45599457,0.10386882,5.21835781,0,ceq,C2019
0.065,0.464158883,2335.970207,-3.58009478,0.09918504,5.25843634,0,ceq,C2019
0.065,0.587801607,2218.014802,-3.70532372,0.09524422,5.29365174,0,ceq,C2019
0.065,0.744380301,2084.652277,-3.8443653,0.09186995,5.32498067,0,ceq,C2019
0.065,0.942668455,1941.761645,-3.99419195,0.08911384,5.35143795,0,ceq,C2019
0.065,1.19377664,1791.458093,-4.15636262,0.08686073,5.37368073,0,ceq,C2019
0.065,1.51177507,1657.13023,-4.31020701,0.08503769,5.39210495,0,ceq,C2019
0.065,1.91448198,1541.394803,-4.45166294,0.08351537,5.40779479,0,ceq,C2019
0.065,2.42446202,1445.933548,-4.57684604,0.08216762,5.42192617,0,ceq,C2019
0.065,3.07029063,1346.831517,-4.71328044,0.08093905,5.43501143,0,ceq,C2019
0.065,3.88815518,1258.178539,-4.84302957,0.07987702,5.44648392,0,ceq,C2019
0.065,4.92388263,1193.517675,-4.94533161,0.07890397,5.45712989,0,ceq,C2019
0.065,6.23550734,1136.763816,-5.04085197,0.07792067,5.46802226,0,ceq,C2019
0.065,7.89652287,1079.25241,-5.14243671,0.07690665,5.47939979,0,ceq,C2019
0.065,10,1019.32867,-5.25328991,0.07588517,5.49101374,0,ceq,C2019
0.066,0.001,3066.337823,-1.37956839,0.7250976,3.53716586,0,ceq,C2019
0.066,0.00126638,3066.603824,-1.39016415,0.71619728,3.54789319,0,ceq,C2019
0.066,0.001603719,3066.926585,-1.40297096,0.70555268,3.56089963,0,ceq,C2019
0.066,0.002030918,3067.679612,-1.42336069,0.68885681,3.58170041,0,ceq,C2019
0.066,0.002571914,3069.326304,-1.46328634,0.65718536,3.62258264,0,ceq,C2019
0.066,0.003257021,3076.640418,-1.56759009,0.58007556,3.73098906,0,ceq,C2019
0.066,0.004124626,3092.16313,-1.70302974,0.49134295,3.87519141,0,ceq,C2019
0.066,0.005223345,3103.945562,-1.81591132,0.42819237,3.99468112,0,ceq,C2019
0.066,0.006614741,3096.531955,-1.92342845,0.38015601,4.0980369,0,ceq,C2019
0.066,0.008376776,3087.09939,-2.0214471,0.34167046,4.19074642,0,ceq,C2019
0.066,0.010608184,3075.435834,-2.11350456,0.30964303,4.2762369,0,ceq,C2019
0.066,0.013433993,3063.852897,-2.20032035,0.2823077,4.35651414,0,ceq,C2019
0.066,0.017012543,3053.48845,-2.28271647,0.25851009,4.4330053,0,ceq,C2019
0.066,0.021544347,3038.099479,-2.36559338,0.23736953,4.50711094,0,ceq,C2019
0.066,0.027283334,3015.199982,-2.4501395,0.21863424,4.57852203,0,ceq,C2019
0.066,0.034551073,2992.792343,-2.53172302,0.20202531,4.6471492,0,ceq,C2019
0.066,0.043754794,2965.501118,-2.61431816,0.1870981,4.71382092,0,ceq,C2019
0.066,0.055410203,2930.74599,-2.69951089,0.17366278,4.77854499,0,ceq,C2019
0.066,0.070170383,2897.479967,-2.7818725,0.16160334,4.84105752,0,ceq,C2019
0.066,0.088862382,2865.718382,-2.86207185,0.15063468,4.9021084,0,ceq,C2019
0.066,0.112533558,2822.571703,-2.9483052,0.14060148,4.9619784,0,ceq,C2019
0.066,0.142510267,2773.849292,-3.03591853,0.13161079,5.0193752,0,ceq,C2019
0.066,0.180472177,2720.149009,-3.12545766,0.1234573,5.07492462,0,ceq,C2019
0.066,0.228546386,2649.809911,-3.22357103,0.11620255,5.12752711,0,ceq,C2019
0.066,0.289426612,2567.869539,-3.32685103,0.10986243,5.17626098,0,ceq,C2019
0.066,0.366524124,2473.812115,-3.43671783,0.10431153,5.22129456,0,ceq,C2019
0.066,0.464158883,2363.920683,-3.55621349,0.09955175,5.26186158,0,ceq,C2019
0.066,0.587801607,2244.859437,-3.6816209,0.09555073,5.29749175,0,ceq,C2019
0.066,0.744380301,2119.40894,-3.81324224,0.09212392,5.32921412,0,ceq,C2019
0.066,0.942668455,1976.314295,-3.96175424,0.08929906,5.35626521,0,ceq,C2019
0.066,1.19377664,1832.222256,-4.1160587,0.08698446,5.37907538,0,ceq,C2019
0.066,1.51177507,1694.015455,-4.27114853,0.0851177,5.39791846,0,ceq,C2019
0.066,1.91448198,1575.001754,-4.413601,0.08357176,5.41383915,0,ceq,C2019
0.066,2.42446202,1476.784125,-4.53956692,0.08222449,5.42795581,0,ceq,C2019
0.066,3.07029063,1384.173364,-4.66527425,0.08098586,5.44113984,0,ceq,C2019
0.066,3.88815518,1287.922408,-4.80221539,0.07989954,5.45286961,0,ceq,C2019
0.066,4.92388263,1219.212273,-4.90804101,0.0789311,5.46346188,0,ceq,C2019
0.066,6.23550734,1162.923956,-5.00089679,0.07796003,5.47421417,0,ceq,C2019
0.066,7.89652287,1105.981343,-5.0997301,0.07692439,5.48583009,0,ceq,C2019
0.066,10,1045.369379,-5.20982165,0.07585432,5.49799756,0,ceq,C2019
0.067,0.001,3071.849964,-1.36705988,0.73298571,3.53429858,0,ceq,C2019
0.067,0.00126638,3071.991431,-1.37766476,0.72400876,3.54500154,0,ceq,C2019
0.067,0.001603719,3072.327908,-1.39083322,0.71297183,3.55834458,0,ceq,C2019
0.067,0.002030918,3072.990908,-1.41205768,0.69546092,3.57994373,0,ceq,C2019
0.067,0.002571914,3074.772947,-1.45424277,0.6617298,3.62312787,0,ceq,C2019
0.067,0.003257021,3082.369628,-1.56456847,0.57992139,3.7377509,0,ceq,C2019
0.067,0.004124626,3098.263807,-1.69746711,0.49256389,3.87956701,0,ceq,C2019
0.067,0.005223345,3110.318388,-1.80888018,0.42990529,3.99774641,0,ceq,C2019
0.067,0.006614741,3102.067866,-1.91599295,0.38205538,4.10023667,0,ceq,C2019
0.067,0.008376776,3092.740277,-2.01334202,0.3436095,4.19236174,0,ceq,C2019
0.067,0.010608184,3081.347082,-2.10487062,0.31153465,4.27747732,0,ceq,C2019
0.067,0.013433993,3069.58302,-2.19155651,0.28410992,4.35751632,0,ceq,C2019
0.067,0.017012543,3059.259327,-2.27369586,0.260223,4.4338004,0,ceq,C2019
0.067,0.021544347,3044.886366,-2.35581062,0.23899033,4.50773032,0,ceq,C2019
0.067,0.027283334,3022.287076,-2.44017993,0.22011958,4.57917358,0,ceq,C2019
0.067,0.034551073,3000.723851,-2.52129403,0.20338712,4.64784492,0,ceq,C2019
0.067,0.043754794,2974.237082,-2.60344398,0.18834283,4.71459342,0,ceq,C2019
0.067,0.055410203,2940.493006,-2.68815744,0.17478443,4.77948515,0,ceq,C2019
0.067,0.070170383,2906.379443,-2.7711447,0.16261065,4.84219178,0,ceq,C2019
0.067,0.088862382,2875.370896,-2.85102114,0.15153943,4.90343779,0,ceq,C2019
0.067,0.112533558,2834.716714,-2.93577111,0.14142253,4.96345184,0,ceq,C2019
0.067,0.142510267,2785.184047,-3.02410372,0.13233098,5.02116595,0,ceq,C2019
0.067,0.180472177,2734.234797,-3.11172275,0.12413213,5.07672128,0,ceq,C2019
0.067,0.228546386,2666.820499,-3.2079735,0.11680242,5.12958707,0,ceq,C2019
0.067,0.289426612,2586.443412,-3.31023594,0.11038398,5.17867885,0,ceq,C2019
0.067,0.366524124,2495.735731,-3.41760113,0.1047683,5.22403027,0,ceq,C2019
0.067,0.464158883,2391.529624,-3.53264016,0.09994189,5.26499461,0,ceq,C2019
0.067,0.587801607,2271.276633,-3.65830962,0.09587907,5.30104164,0,ceq,C2019
0.067,0.744380301,2152.927451,-3.78328064,0.09241244,5.33302837,0,ceq,C2019
0.067,0.942668455,2011.891095,-3.92858172,0.08952217,5.36062833,0,ceq,C2019
0.067,1.19377664,1875.544716,-4.0737638,0.08715413,5.38391346,0,ceq,C2019
0.067,1.51177507,1734.035581,-4.22932788,0.08524088,5.40319332,0,ceq,C2019
0.067,1.91448198,1611.891571,-4.3724046,0.08366733,5.41937733,0,ceq,C2019
0.067,2.42446202,1510.417128,-4.49944317,0.08231971,5.43348142,0,ceq,C2019
0.067,3.07029063,1422.565697,-4.61664083,0.08108925,5.4465625,0,ceq,C2019
0.067,3.88815518,1326.509968,-4.75007617,0.07997756,5.45855275,0,ceq,C2019
0.067,4.92388263,1248.675402,-4.86573387,0.07900535,5.46917603,0,ceq,C2019
0.067,6.23550734,1190.826327,-4.95853617,0.07806443,5.47958261,0,ceq,C2019
0.067,7.89652287,1136.506339,-5.05124837,0.07702944,5.49117557,0,ceq,C2019
0.067,10,1075.45218,-5.15987505,0.07590996,5.50389155,0,ceq,C2019
0.068,0.001,3077.442874,-1.35451733,0.74096006,3.53133413,0,ceq,C2019
0.068,0.00126638,3077.513736,-1.36518059,0.7318605,3.54206698,0,ceq,C2019
0.068,0.001603719,3077.767896,-1.37874602,0.72041436,3.55575879,0,ceq,C2019
0.068,0.002030918,3078.331797,-1.40080596,0.70208159,3.57814832,0,ceq,C2019
0.068,0.002571914,3080.122575,-1.44531998,0.66623084,3.62367384,0,ceq,C2019
0.068,0.003257021,3088.053938,-1.56094628,0.58020467,3.74376125,0,ceq,C2019
0.068,0.004124626,3104.348621,-1.69148109,0.49402446,3.88342633,0,ceq,C2019
0.068,0.005223345,3116.511453,-1.8017336,0.43174021,4.00048076,0,ceq,C2019
0.068,0.006614741,3107.63013,-1.90842264,0.38402817,4.10219885,0,ceq,C2019
0.068,0.008376776,3098.374732,-2.00521703,0.34558221,4.19382321,0,ceq,C2019
0.068,0.010608184,3087.205367,-2.09625589,0.31344784,4.27859315,0,ceq,C2019
0.068,0.013433993,3075.272479,-2.18280313,0.28592441,4.35842213,0,ceq,C2019
0.068,0.017012543,3064.930577,-2.26477347,0.26193504,4.4345383,0,ceq,C2019
0.068,0.021544347,3051.458034,-2.34620736,0.24060912,4.50829913,0,ceq,C2019
0.068,0.027283334,3029.434951,-2.43025243,0.22160455,4.57976845,0,ceq,C2019
0.068,0.034551073,3007.843761,-2.5114158,0.20474407,4.64850262,0,ceq,C2019
0.068,0.043754794,2982.741069,-2.59277477,0.18958451,4.71532013,0,ceq,C2019
0.068,0.055410203,2950.140471,-2.67690986,0.17590651,4.78036184,0,ceq,C2019
0.068,0.070170383,2915.036082,-2.76063528,0.16361126,4.8432974,0,ceq,C2019
0.068,0.088862382,2884.867188,-2.84014417,0.15244406,4.90470218,0,ceq,C2019
0.068,0.112533558,2846.566261,-2.92348283,0.1422463,4.96484121,0,ceq,C2019
0.068,0.142510267,2796.561892,-3.01230234,0.13305381,5.02286848,0,ceq,C2019
0.068,0.180472177,2747.898212,-3.0982913,0.12482032,5.07835273,0,ceq,C2019
0.068,0.228546386,2683.427086,-3.19270897,0.11740702,5.13153523,0,ceq,C2019
0.068,0.289426612,2604.803487,-3.29376817,0.11091308,5.18095934,0,ceq,C2019
0.068,0.366524124,2517.259727,-3.39876754,0.1052392,5.22656857,0,ceq,C2019
0.068,0.464158883,2416.746285,-3.51083114,0.10035606,5.26783658,0,ceq,C2019
0.068,0.587801607,2297.914713,-3.63486112,0.09623402,5.30426642,0,ceq,C2019
0.068,0.744380301,2185.152941,-3.75440975,0.09273985,5.33639163,0,ceq,C2019
0.068,0.942668455,2049.550126,-3.89374704,0.08979023,5.36446558,0,ceq,C2019
0.068,1.19377664,1918.26097,-4.03242546,0.0873784,5.38811515,0,ceq,C2019
0.068,1.51177507,1776.225555,-4.185804,0.08541345,5.40787088,0,ceq,C2019
0.068,1.91448198,1654.230113,-4.3258384,0.08381197,5.42431105,0,ceq,C2019
0.068,2.42446202,1550.135168,-4.45287051,0.08246275,5.43840751,0,ceq,C2019
0.068,3.07029063,1461.877374,-4.5675349,0.08125194,5.45125571,0,ceq,C2019
0.068,3.88815518,1372.951781,-4.68866155,0.08012915,5.46334207,0,ceq,C2019
0.068,4.92388263,1285.40352,-4.81385382,0.07914294,5.47409873,0,ceq,C2019
0.068,6.23550734,1222.608851,-4.91088356,0.07823629,5.4841066,0,ceq,C2019
0.068,7.89652287,1169.9367,-4.99842801,0.07724818,5.49514659,0,ceq,C2019
0.068,10,1111.028342,-5.10122019,0.07609595,5.50820009,0,ceq,C2019
0.069,0.001,3083.045967,-1.34218071,0.74880569,3.52852567,0,ceq,C2019
0.069,0.00126638,3083.116958,-1.35292759,0.73957307,3.53930153,0,ceq,C2019
0.069,0.001603719,3083.258944,-1.36690284,0.72769588,3.55336358,0,ceq,C2019
0.069,0.002030918,3083.732924,-1.38991391,0.70844799,3.57664768,0,ceq,C2019
0.069,0.002571914,3085.558754,-1.43711137,0.67019742,3.62485804,0,ceq,C2019
0.069,0.003257021,3093.768885,-1.55771816,0.58021564,3.75008481,0,ceq,C2019
0.069,0.004124626,3110.451767,-1.68580425,0.49531919,3.8874959,0,ceq,C2019
0.069,0.005223345,3122.489494,-1.79495777,0.43345842,4.00336987,0,ceq,C2019
0.069,0.006614741,3113.040184,-1.90112355,0.38591188,4.10429016,0,ceq,C2019
0.069,0.008376776,3103.961351,-1.99730009,0.34749203,4.19537587,0,ceq,C2019
0.069,0.010608184,3092.982867,-2.08784645,0.31531152,4.27978395,0,ceq,C2019
0.069,0.013433993,3080.950903,-2.17424138,0.28770081,4.35938339,0,ceq,C2019
0.069,0.017012543,3070.492138,-2.25608325,0.26361454,4.43532582,0,ceq,C2019
0.069,0.021544347,3057.769406,-2.33684915,0.24220729,4.50889045,0,ceq,C2019
0.069,0.027283334,3036.569328,-2.42043506,0.22307197,4.58037543,0,ceq,C2019
0.069,0.034551073,3014.765077,-2.50173233,0.20608452,4.64917345,0,ceq,C2019
0.069,0.043754794,2991.053871,-2.58232535,0.19081574,4.71603696,0,ceq,C2019
0.069,0.055410203,2959.615286,-2.66585059,0.17702133,4.78121447,0,ceq,C2019
0.069,0.070170383,2923.836459,-2.75016144,0.16460333,4.84438647,0,ceq,C2019
0.069,0.088862382,2894.078907,-2.82946903,0.15334438,4.90592761,0,ceq,C2019
0.069,0.112533558,2857.866985,-2.91158586,0.14306881,4.96617337,0,ceq,C2019
0.069,0.142510267,2807.69849,-3.00065578,0.13377911,5.02448671,0,ceq,C2019
0.069,0.180472177,2760.809711,-3.08534584,0.1255085,5.0799174,0,ceq,C2019
0.069,0.228546386,2699.614178,-3.17770188,0.1180211,5.13334462,0,ceq,C2019
0.069,0.289426612,2623.010529,-3.27746528,0.1114522,5.18308789,0,ceq,C2019
0.069,0.366524124,2538.217382,-3.38035046,0.1057257,5.22890219,0,ceq,C2019
0.069,0.464158883,2440.508192,-3.49009757,0.10079133,5.27041722,0,ceq,C2019
0.069,0.587801607,2326.082,-3.61026625,0.09661577,5.3071674,0,ceq,C2019
0.069,0.744380301,2216.453737,-3.72630596,0.09310181,5.33934843,0,ceq,C2019
0.069,0.942668455,2089.020398,-3.85756907,0.09010849,5.36773245,0,ceq,C2019
0.069,1.19377664,1959.352489,-3.9928065,0.08765929,5.3916682,0,ceq,C2019
0.069,1.51177507,1823.47963,-4.13790822,0.08563959,5.41191447,0,ceq,C2019
0.069,1.91448198,1699.787075,-4.27656648,0.08401473,5.42855261,0,ceq,C2019
0.069,2.42446202,1593.046035,-4.40333016,0.08266169,5.44265487,0,ceq,C2019
0.069,3.07029063,1503.532123,-4.51637008,0.08147492,5.45521546,0,ceq,C2019
0.069,3.88815518,1423.458081,-4.6232418,0.08037324,5.46704035,0,ceq,C2019
0.069,4.92388263,1336.158533,-4.74411247,0.07936981,5.47795266,0,ceq,C2019
0.069,6.23550734,1261.865297,-4.85329566,0.07847905,5.48775584,0,ceq,C2019
0.069,7.89652287,1207.201944,-4.94013107,0.07758837,5.49767002,0,ceq,C2019
0.069,10,1154.270896,-5.03048397,0.07648315,5.51013179,0,ceq,C2019
0.07,0.001,3088.730382,-1.3298133,0.75674674,3.52561179,0,ceq,C2019
0.07,0.00126638,3088.730382,-1.34069241,0.74732946,3.53648841,0,ceq,C2019
0.07,0.001603719,3088.801503,-1.35509318,0.73500096,3.55093652,0,ceq,C2019
0.07,0.002030918,3089.228267,-1.37905137,0.71483236,3.5751041,0,ceq,C2019
0.07,0.002571914,3090.972905,-1.42900897,0.67410557,3.62605666,0,ceq,C2019
0.07,0.003257021,3099.446061,-1.5538662,0.58066722,3.75565867,0,ceq,C2019
0.07,0.004124626,3116.420168,-1.67982828,0.49681138,3.89113129,0,ceq,C2019
0.07,0.005223345,3128.2058,-1.78810515,0.43528911,4.00595983,0,ceq,C2019
0.07,0.006614741,3118.492944,-1.89375866,0.38785026,4.10618721,0,ceq,C2019
0.07,0.008376776,3109.518651,-1.98935338,0.34943064,4.19679223,0,ceq,C2019
0.07,0.010608184,3098.730674,-2.07949973,0.31718799,4.28087929,0,ceq,C2019
0.07,0.013433993,3086.597108,-2.16568972,0.28948367,4.3602669,0,ceq,C2019
0.07,0.017012543,3075.953076,-2.24747589,0.26529397,4.43605866,0,ceq,C2019
0.07,0.021544347,3063.937884,-2.32766724,0.24380038,4.50944627,0,ceq,C2019
0.07,0.027283334,3043.73034,-2.41066261,0.22453723,4.58093588,0,ceq,C2019
0.07,0.034551073,3021.683575,-2.49213091,0.20742054,4.64981013,0,ceq,C2019
0.07,0.043754794,2999.204102,-2.57203312,0.19204279,4.71671641,0,ceq,C2019
0.07,0.055410203,2968.860246,-2.65498343,0.17813466,4.78201627,0,ceq,C2019
0.07,0.070170383,2932.707364,-2.73969637,0.16559135,4.84543704,0,ceq,C2019
0.07,0.088862382,2902.86121,-2.81913423,0.15424514,4.90708933,0,ceq,C2019
0.07,0.112533558,2868.685145,-2.90003808,0.14389159,4.96744146,0,ceq,C2019
0.07,0.142510267,2818.997464,-2.98898049,0.13450805,5.02601574,0,ceq,C2019
0.07,0.180472177,2772.976775,-3.07296878,0.12619515,5.08142908,0,ceq,C2019
0.07,0.228546386,2713.892284,-3.16398591,0.11864578,5.13500959,0,ceq,C2019
0.07,0.289426612,2641.087391,-3.26127636,0.11200131,5.1850662,0,ceq,C2019
0.07,0.366524124,2558.49188,-3.36241652,0.10623014,5.23101862,0,ceq,C2019
0.07,0.464158883,2463.735995,-3.46967573,0.10125116,5.27271392,0,ceq,C2019
0.07,0.587801607,2355.420853,-3.5847586,0.09703209,5.30968304,0,ceq,C2019
0.07,0.744380301,2246.894205,-3.69888659,0.0935017,5.34187448,0,ceq,C2019
0.07,0.942668455,2128.750444,-3.82119596,0.0904841,5.37036848,0,ceq,C2019
0.07,1.19377664,2001.274014,-3.95269411,0.08799812,5.39456636,0,ceq,C2019
0.07,1.51177507,1877.38515,-4.08425665,0.08593932,5.41512887,0,ceq,C2019
0.07,1.91448198,1750.356217,-4.22283555,0.0842842,5.43202012,0,ceq,C2019
0.07,2.42446202,1644.011608,-4.3458366,0.08292586,5.44613242,0,ceq,C2019
0.07,3.07029063,1554.048711,-4.45582898,0.08176794,5.45834616,0,ceq,C2019
0.07,3.88815518,1475.724639,-4.55691259,0.08071551,5.46959829,0,ceq,C2019
0.07,4.92388263,1399.414859,-4.65989545,0.07972307,5.48034427,0,ceq,C2019
0.07,6.23550734,1318.989251,-4.77248153,0.07883308,5.49009531,0,ceq,C2019
0.07,7.89652287,1254.075622,-4.86915663,0.07801961,5.49910471,0,ceq,C2019
0.07,10,1203.661187,-4.9505025,0.07711811,5.50919953,0,ceq,C2019
0.071,0.001,3094.49653,-1.31768817,0.7645388,3.52287402,0,ceq,C2019
0.071,0.00126638,3094.425277,-1.32868288,0.75494563,3.53384166,0,ceq,C2019
0.071,0.001603719,3094.461258,-1.343543,0.74213202,3.54871061,0,ceq,C2019
0.071,0.002030918,3094.710297,-1.36855189,0.72094935,3.57386341,0,ceq,C2019
0.071,0.002571914,3096.42097,-1.42166469,0.67743328,3.62793962,0,ceq,C2019
0.071,0.003257021,3105.175474,-1.55033846,0.5808665,3.76152071,0,ceq,C2019
0.071,0.004124626,3122.434125,-1.67416641,0.49814102,3.89497013,0,ceq,C2019
0.071,0.005223345,3133.913852,-1.78151567,0.43700562,4.00870069,0,ceq,C2019
0.071,0.006614741,3123.8668,-1.88662193,0.38970756,4.10819706,0,ceq,C2019
0.071,0.008376776,3114.99667,-1.98163921,0.35131141,4.1982893,0,ceq,C2019
0.071,0.010608184,3104.394778,-2.07129811,0.31902118,4.28203441,0,ceq,C2019
0.071,0.013433993,3092.20618,-2.15730393,0.29123335,4.36119317,0,ceq,C2019
0.071,0.017012543,3081.328572,-2.23903846,0.26694686,4.43682541,0,ceq,C2019
0.071,0.021544347,3069.871317,-2.31872561,0.24536822,4.51003872,0,ceq,C2019
0.071,0.027283334,3050.801706,-2.40099555,0.22599411,4.58148064,0,ceq,C2019
0.071,0.034551073,3028.539671,-2.48267999,0.20874339,4.65044966,0,ceq,C2019
0.071,0.043754794,3006.659186,-2.56223588,0.1932614,4.71738409,0,ceq,C2019
0.071,0.055410203,2977.898313,-2.64433389,0.17924251,4.78279194,0,ceq,C2019
0.071,0.070170383,2941.629106,-2.72927251,0.16657381,4.8464592,0,ceq,C2019
0.071,0.088862382,2910.821428,-2.80934152,0.15513878,4.90823187,0,ceq,C2019
0.071,0.112533558,2879.039701,-2.88887285,0.14471134,4.96866744,0,ceq,C2019
0.071,0.142510267,2830.541033,-2.97710899,0.13524592,5.02742468,0,ceq,C2019
0.071,0.180472177,2784.505649,-3.06108364,0.12687595,5.08291461,0,ceq,C2019
0.071,0.228546386,2727.872407,-3.15044715,0.11927434,5.13657892,0,ceq,C2019
0.071,0.289426612,2658.936278,-3.24521413,0.11256528,5.18686539,0,ceq,C2019
0.071,0.366524124,2577.973884,-3.3450123,0.10674656,5.23296531,0,ceq,C2019
0.071,0.464158883,2486.755217,-3.44940715,0.10173244,5.27475472,0,ceq,C2019
0.071,0.587801607,2385.538227,-3.55864917,0.09748281,5.31181759,0,ceq,C2019
0.071,0.744380301,2276.492457,-3.67210085,0.09394027,5.34397061,0,ceq,C2019
0.071,0.942668455,2168.366278,-3.78501586,0.09091911,5.37236335,0,ceq,C2019
0.071,1.19377664,2045.563891,-3.91068968,0.08840119,5.39675658,0,ceq,C2019
0.071,1.51177507,1930.356469,-4.03198572,0.0863283,5.41736631,0,ceq,C2019
0.071,1.91448198,1804.753183,-4.16613237,0.08463055,5.43461836,0,ceq,C2019
0.071,2.42446202,1700.699504,-4.2833404,0.08327341,5.44865991,0,ceq,C2019
0.071,3.07029063,1610.248384,-4.39013518,0.08214189,5.46054326,0,ceq,C2019
0.071,3.88815518,1534.878363,-4.48395973,0.08115135,5.47108105,0,ceq,C2019
0.071,4.92388263,1466.628285,-4.57286187,0.08023357,5.48096037,0,ceq,C2019
0.071,6.23550734,1397.944027,-4.66566787,0.0793619,5.49044843,0,ceq,C2019
0.071,7.89652287,1327.123483,-4.76458103,0.07857912,5.49905826,0,ceq,C2019
0.071,10,1266.964772,-4.8532492,0.07785399,5.50711083,0,ceq,C2019
0.072,0.001,3100.273442,-1.30568203,0.77229745,3.52017785,0,ceq,C2019
0.072,0.00126638,3100.202056,-1.31679994,0.76251484,3.53125043,0,ceq,C2019
0.072,0.001603719,3100.130672,-1.332127,0.74920081,3.54655035,0,ceq,C2019
0.072,0.002030918,3100.273442,-1.35824144,0.72693945,3.57275041,0,ceq,C2019
0.072,0.002571914,3101.963914,-1.41478176,0.68040427,3.63021283,0,ceq,C2019
0.072,0.003257021,3110.956032,-1.54669637,0.58115489,3.76716415,0,ceq,C2019
0.072,0.004124626,3128.391089,-1.66850087,0.49949245,3.89869184,0,ceq,C2019
0.072,0.005223345,3139.650865,-1.77494675,0.43872388,4.01136541,0,ceq,C2019
0.072,0.006614741,3129.117179,-1.87956978,0.39154992,4.11017278,0,ceq,C2019
0.072,0.008376776,3120.421728,-1.97401572,0.35317926,4.1997569,0,ceq,C2019
0.072,0.010608184,3110.085944,-2.0631917,0.32084095,4.2831686,0,ceq,C2019
0.072,0.013433993,3097.730507,-2.14901892,0.29296732,4.36211057,0,ceq,C2019
0.072,0.017012543,3086.687579,-2.23072861,0.26858376,4.43758982,0,ceq,C2019
0.072,0.021544347,3075.658098,-2.30997362,0.24692043,4.51063448,0,ceq,C2019
0.072,0.027283334,3057.841619,-2.39145935,0.22743962,4.58201697,0,ceq,C2019
0.072,0.034551073,3035.382315,-2.47332274,0.21005625,4.65107811,0,ceq,C2019
0.072,0.043754794,3013.878101,-2.55263547,0.19447049,4.71804202,0,ceq,C2019
0.072,0.055410203,2986.589585,-2.63392949,0.1803436,4.78354651,0,ceq,C2019
0.072,0.070170383,2950.703365,-2.71883451,0.16755266,4.84744415,0,ceq,C2019
0.072,0.088862382,2918.778937,-2.79965195,0.15602767,4.90934348,0,ceq,C2019
0.072,0.112533558,2888.857543,-2.87803261,0.14552848,4.96985073,0,ceq,C2019
0.072,0.142510267,2842.327286,-2.96509243,0.13599612,5.02869569,0,ceq,C2019
0.072,0.180472177,2795.53458,-3.04958351,0.12755638,5.08434468,0,ceq,C2019
0.072,0.228546386,2741.783791,-3.13700633,0.11991129,5.13802755,0,ceq,C2019
0.072,0.289426612,2676.374077,-3.22943431,0.11314084,5.18850993,0,ceq,C2019
0.072,0.366524124,2596.985493,-3.32793939,0.10728,5.23471018,0,ceq,C2019
0.072,0.464158883,2509.677406,-3.42915939,0.10223865,5.2765171,0,ceq,C2019
0.072,0.587801607,2414.388923,-3.53342221,0.09797323,5.313533,0,ceq,C2019
0.072,0.744380301,2306.505686,-3.64493309,0.09441734,5.34564471,0,ceq,C2019
0.072,0.942668455,2207.024609,-3.74960706,0.09141263,5.37373485,0,ceq,C2019
0.072,1.19377664,2092.762329,-3.86634003,0.0888816,5.39812357,0,ceq,C2019
0.072,1.51177507,1981.939786,-3.98137695,0.08680705,5.41863707,0,ceq,C2019
0.072,1.91448198,1871.910344,-4.0980592,0.08507835,5.43610858,0,ceq,C2019
0.072,2.42446202,1764.485062,-4.21476317,0.08371765,5.45011265,0,ceq,C2019
0.072,3.07029063,1677.870161,-4.31369846,0.0826151,5.46162793,0,ceq,C2019
0.072,3.88815518,1603.073502,-4.40265124,0.08169285,5.47137862,0,ceq,C2019
0.072,4.92388263,1541.547724,-4.47932868,0.08088031,5.48006107,0,ceq,C2019
0.072,6.23550734,1484.602167,-4.55281638,0.08013003,5.48815615,0,ceq,C2019
0.072,7.89652287,1430.15229,-4.62553853,0.079412,5.49597441,0,ceq,C2019
0.072,10,1373.594068,-4.70290694,0.07875003,5.50324522,0,ceq,C2019
0.073,0.001,3106.104537,-1.29364113,0.78014122,3.51739129,0,ceq,C2019
0.073,0.00126638,3105.98962,-1.30492767,0.77011506,3.52862626,0,ceq,C2019
0.073,0.001603719,3105.918103,-1.32071142,0.75629063,3.54435976,0,ceq,C2019
0.073,0.002030918,3105.98962,-1.3479304,0.73293798,3.57160293,0,ceq,C2019
0.073,0.002571914,3107.505602,-1.40798546,0.6832839,3.63253481,0,ceq,C2019
0.073,0.003257021,3116.673424,-1.54252792,0.58179906,3.77219388,0,ceq,C2019
0.073,0.004124626,3134.281705,-1.66261313,0.5010092,3.90204795,0,ceq,C2019
0.073,0.005223345,3145.359024,-1.76820414,0.44053925,4.01377072,0,ceq,C2019
0.073,0.006614741,3134.406148,-1.87244336,0.39344599,4.11196778,0,ceq,C2019
0.073,0.008376776,3125.746187,-1.96639608,0.35507343,4.20110138,0,ceq,C2019
0.073,0.010608184,3115.603706,-2.05513598,0.3226728,4.28421465,0,ceq,C2019
0.073,0.013433993,3103.367118,-2.14074342,0.29470323,4.36296803,0,ceq,C2019
0.073,0.017012543,3091.98502,-2.22249044,0.27021597,4.43831637,0,ceq,C2019
0.073,0.021544347,3081.326861,-2.30136553,0.24846712,4.51120003,0,ceq,C2019
0.073,0.027283334,3064.801002,-2.38203683,0.2288807,4.58251916,0,ceq,C2019
0.073,0.034551073,3042.235518,-2.46401362,0.21136371,4.65167713,0,ceq,C2019
0.073,0.043754794,3021.00202,-2.54317803,0.19567173,4.71868341,0,ceq,C2019
0.073,0.055410203,2995.092089,-2.62374992,0.18143959,4.78427394,0,ceq,C2019
0.073,0.070170383,2959.814841,-2.70845882,0.16852841,4.84839087,0,ceq,C2019
0.073,0.088862382,2926.712604,-2.79001805,0.15691246,4.91042221,0,ceq,C2019
0.073,0.112533558,2898.411205,-2.86744588,0.14634644,4.97097277,0,ceq,C2019
0.073,0.142510267,2854.123948,-2.95310668,0.13674977,5.0298856,0,ceq,C2019
0.073,0.180472177,2806.071296,-3.03843887,0.12823394,5.0857335,0,ceq,C2019
0.073,0.228546386,2755.41395,-3.12374943,0.12055354,5.13937808,0,ceq,C2019
0.073,0.289426612,2693.295905,-3.21395737,0.11372949,5.18999287,0,ceq,C2019
0.073,0.366524124,2615.620033,-3.31107021,0.10782903,5.23626672,0,ceq,C2019
0.073,0.464158883,2532.491559,-3.40891787,0.10277263,5.27798335,0,ceq,C2019
0.073,0.587801607,2441.38018,-3.50943544,0.0985008,5.31485923,0,ceq,C2019
0.073,0.744380301,2338.704344,-3.61607897,0.09493781,5.34686003,0,ceq,C2019
0.073,0.942668455,2244.918071,-3.71477307,0.09196921,5.3744536,0,ceq,C2019
0.073,1.19377664,2141.198853,-3.82110453,0.08944692,5.39860642,0,ceq,C2019
0.073,1.51177507,2035.548302,-3.92933175,0.08737744,5.41893849,0,ceq,C2019
0.073,1.91448198,1938.728204,-4.03114866,0.08566705,5.43610959,0,ceq,C2019
0.073,2.42446202,1837.821352,-4.13826902,0.08427208,5.45036967,0,ceq,C2019
0.073,3.07029063,1753.598221,-4.23080695,0.08320844,5.46140239,0,ceq,C2019
0.073,3.88815518,1685.704604,-4.30834342,0.0823536,5.47037195,0,ceq,C2019
0.073,4.92388263,1629.261044,-4.37492031,0.08165463,5.47777549,0,ceq,C2019
0.073,6.23550734,1583.041214,-4.43113076,0.08107331,5.48398125,0,ceq,C2019
0.073,7.89652287,1543.765995,-4.48029843,0.08055693,5.48953133,0,ceq,C2019
0.073,10,1507.952619,-4.52604543,0.08009792,5.49449459,0,ceq,C2019
0.074,0.001,3111.931294,-1.28187673,0.78782988,3.51478171,0,ceq,C2019
0.074,0.00126638,3111.807269,-1.29330524,0.77757004,3.52616724,0,ceq,C2019
0.074,0.001603719,3111.716337,-1.30957124,0.76319912,3.54237051,0,ceq,C2019
0.074,0.002030918,3111.716337,-1.33798626,0.73865149,3.57076698,0,ceq,C2019
0.074,0.002571914,3113.163809,-1.40201927,0.6855035,3.6356267,0,ceq,C2019
0.074,0.003257021,3122.443974,-1.53870255,0.58221098,3.77748847,0,ceq,C2019
0.074,0.004124626,3140.160918,-1.65700931,0.50237193,3.90559747,0,ceq,C2019
0.074,0.005223345,3151.018002,-1.76171698,0.44224885,4.01631571,0,ceq,C2019
0.074,0.006614741,3139.702111,-1.86551707,0.39526636,4.11386802,0,ceq,C2019
0.074,0.008376776,3131.017848,-1.95898487,0.35691061,4.20252796,0,ceq,C2019
0.074,0.010608184,3121.137484,-2.04728334,0.32446209,4.28532086,0,ceq,C2019
0.074,0.013433993,3109.02859,-2.13257753,0.29641047,4.36386035,0,ceq,C2019
0.074,0.017012543,3097.223408,-2.21439905,0.27182442,4.43907048,0,ceq,C2019
0.074,0.021544347,3086.80884,-2.29295873,0.24999217,4.51179576,0,ceq,C2019
0.074,0.027283334,3071.537159,-2.37279926,0.23031115,4.58301838,0,ceq,C2019
0.074,0.034551073,3049.129632,-2.45478363,0.21265973,4.6522774,0,ceq,C2019
0.074,0.043754794,3028.023722,-2.53389874,0.19685769,4.71934173,0,ceq,C2019
0.074,0.055410203,3003.219907,-2.61386391,0.18252432,4.78500523,0,ceq,C2019
0.074,0.070170383,2968.851576,-2.69815902,0.16950075,4.84930273,0,ceq,C2019
0.074,0.088862382,2934.673925,-2.78044293,0.15779026,4.91148554,0,ceq,C2019
0.074,0.112533558,2906.76552,-2.85764516,0.14715998,4.97206652,0,ceq,C2019
0.074,0.142510267,2865.704351,-2.94129553,0.13750506,5.03101085,0,ceq,C2019
0.074,0.180472177,2816.413024,-3.02749418,0.12891022,5.08707364,0,ceq,C2019
0.074,0.228546386,2768.556032,-3.11081397,0.12119982,5.14064285,0,ceq,C2019
0.074,0.289426612,2708.451138,-3.19964916,0.11433174,5.19131409,0,ceq,C2019
0.074,0.366524124,2634.202638,-3.29423436,0.10839461,5.23763142,0,ceq,C2019
0.074,0.464158883,2554.860096,-3.38890768,0.10333268,5.27917225,0,ceq,C2019
0.074,0.587801607,2467.637143,-3.48591179,0.09906153,5.31583605,0,ceq,C2019
0.074,0.744380301,2372.569116,-3.58589442,0.09550802,5.34756765,0,ceq,C2019
0.074,0.942668455,2280.846599,-3.6813907,0.09258386,5.37457607,0,ceq,C2019
0.074,1.19377664,2190.129872,-3.77549373,0.09010296,5.39816824,0,ceq,C2019
0.074,1.51177507,2092.806628,-3.87448013,0.08805056,5.41818184,0,ceq,C2019
0.074,1.91448198,2003.434466,-3.96687656,0.08638515,5.43476795,0,ceq,C2019
0.074,2.42446202,1921.766981,-4.05308279,0.08501111,5.44869459,0,ceq,C2019
0.074,3.07029063,1840.118919,-4.13962331,0.08392936,5.45981814,0,ceq,C2019
0.074,3.88815518,1777.239466,-4.20806958,0.08315557,5.46786326,0,ceq,C2019
0.074,4.92388263,1731.602207,-4.25940851,0.08256889,5.47401301,0,ceq,C2019
0.074,6.23550734,1696.386512,-4.29970805,0.08213292,5.4786114,0,ceq,C2019
0.074,7.89652287,1671.14879,-4.32909279,0.08181651,5.48196408,0,ceq,C2019
0.074,10,1653.375647,-4.35000693,0.08159695,5.48429813,0,ceq,C2019
0.075,0.001,3117.668967,-1.27027279,0.79547701,3.51222083,0,ceq,C2019
0.075,0.00126638,3117.59718,-1.28185555,0.78497246,3.5237667,0,ceq,C2019
0.075,0.001603719,3117.525396,-1.29859678,0.77003087,3.54045956,0,ceq,C2019
0.075,0.002030918,3117.453613,-1.32824602,0.74422351,3.57006893,0,ceq,C2019
0.075,0.002571914,3118.81777,-1.39655035,0.68732726,3.63914838,0,ceq,C2019
0.075,0.003257021,3128.242475,-1.53475065,0.5827058,3.78257954,0,ceq,C2019
0.075,0.004124626,3145.961408,-1.65137882,0.50376181,3.90902794,0,ceq,C2019
0.075,0.005223345,3156.676254,-1.75523876,0.44396135,4.0187874,0,ceq,C2019
0.075,0.006614741,3144.9286,-1.85866497,0.39707914,4.11572392,0,ceq,C2019
0.075,0.008376776,3136.211363,-1.9516705,0.35873705,4.20392394,0,ceq,C2019
0.075,0.010608184,3126.520666,-2.03953089,0.32623822,4.28640892,0,ceq,C2019
0.075,0.013433993,3114.55881,-2.12450935,0.29810838,4.36472973,0,ceq,C2019
0.075,0.017012543,3102.468308,-2.20634697,0.27342263,4.43980925,0,ceq,C2019
0.075,0.021544347,3092.183785,-2.28470822,0.25150051,4.51240008,0,ceq,C2019
0.075,0.027283334,3078.122391,-2.3637524,0.23172972,4.58351462,0,ceq,C2019
0.075,0.034551073,3055.98867,-2.44560534,0.21394988,4.65285405,0,ceq,C2019
0.075,0.043754794,3034.947491,-2.5247533,0.19803816,4.71997957,0,ceq,C2019
0.075,0.055410203,3010.918514,-2.60430511,0.18360106,4.78572556,0,ceq,C2019
0.075,0.070170383,2977.863863,-2.68794499,0.17046933,4.85018303,0,ceq,C2019
0.075,0.088862382,2942.701678,-2.77089021,0.15866394,4.91251904,0,ceq,C2019
0.075,0.112533558,2914.674088,-2.84816517,0.14796766,4.97314189,0,ceq,C2019
0.075,0.142510267,2876.932611,-2.92972835,0.13825974,5.03208546,0,ceq,C2019
0.075,0.180472177,2826.798591,-3.01657807,0.12958569,5.08836294,0,ceq,C2019
0.075,0.228546386,2781.130106,-3.09831188,0.12185014,5.14182559,0,ceq,C2019
0.075,0.289426612,2722.244232,-3.18618262,0.11494348,5.19250771,0,ceq,C2019
0.075,0.366524124,2652.735896,-3.27736998,0.10897984,5.23878488,0,ceq,C2019
0.075,0.464158883,2576.544004,-3.36932946,0.10391824,5.28009335,0,ceq,C2019
0.075,0.587801607,2493.434884,-3.46259629,0.09966185,5.31641881,0,ceq,C2019
0.075,0.744380301,2407.192342,-3.55505586,0.09613549,5.3477095,0,ceq,C2019
0.075,0.942668455,2317.117127,-3.64768636,0.09325735,5.37411051,0,ceq,C2019
0.075,1.19377664,2238.174799,-3.73059673,0.09085371,5.3967908,0,ceq,C2019
0.075,1.51177507,2152.466152,-3.81783553,0.08884457,5.41621396,0,ceq,C2019
0.075,1.91448198,2071.165922,-3.90063415,0.08723346,5.43210944,0,ceq,C2019
0.075,2.42446202,2000.989988,-3.97341632,0.08594642,5.44501999,0,ceq,C2019
0.075,3.07029063,1939.689805,-4.03797057,0.08491106,5.45554698,0,ceq,C2019
0.075,3.88815518,1884.911804,-4.09594524,0.08411357,5.46374338,0,ceq,C2019
0.075,4.92388263,1841.990669,-4.14141244,0.08358709,5.46919704,0,ceq,C2019
0.075,6.23550734,1816.087861,-4.1691776,0.08328452,5.4723469,0,ceq,C2019
0.075,7.89652287,1802.906042,-4.18337683,0.0831346,5.47391185,0,ceq,C2019
0.075,10,1797.644809,-4.18913057,0.0830702,5.47458497,0,ceq,C2019