mass,age,temperature,luminosity,radius,gravity,metallicity,chemistry,eos
0.0005,0.001,598.3182193,-5.44534603,0.17655689,2.64361673,0,ceq,SVCH
0.0005,0.00126638,573.5817068,-5.54359364,0.17156841,2.66850978,0,ceq,SVCH
0.0005,0.001603719,548.4725547,-5.6455699,0.16685346,2.69271568,0,ceq,SVCH
0.0005,0.002030918,523.7765022,-5.74912343,0.16239988,2.7162152,0,ceq,SVCH
0.0005,0.002571914,498.8309145,-5.85651383,0.15822252,2.738848,0,ceq,SVCH
0.0005,0.003257021,476.0936868,-5.95951318,0.15426862,2.76082974,0,ceq,SVCH
0.0005,0.004124626,453.0742103,-6.06683651,0.1505488,2.78203075,0,ceq,SVCH
0.0005,0.005223345,432.4305989,-6.16847779,0.1470136,2.80266924,0,ceq,SVCH
0.0005,0.006614741,411.6611679,-6.2740527,0.14365686,2.82273277,0,ceq,SVCH
0.0005,0.008376776,393.7749937,-6.37078787,0.14045523,2.84230856,0,ceq,SVCH
0.0005,0.010608184,379.3124676,-6.45568163,0.13727613,2.86219518,0,ceq,SVCH
0.0005,0.013433993,364.1824981,-6.54637816,0.13415288,2.88218484,0,ceq,SVCH
0.0005,0.017012543,349.0500284,-6.63993273,0.1311249,2.90201453,0,ceq,SVCH
0.0005,0.021544347,337.6634597,-6.71743585,0.12815521,2.92191271,0,ceq,SVCH
0.0005,0.027283334,325.2722724,-6.8026755,0.1251953,2.94220902,0,ceq,SVCH
0.0005,0.034551073,311.7725655,-6.89666051,0.12229826,2.96254454,0,ceq,SVCH
0.0005,0.043754794,297.913057,-6.99554565,0.11952786,2.98244622,0,ceq,SVCH
0.0005,0.055410203,286.1122275,-7.08493534,0.11691885,3.00161579,0,ceq,SVCH
0.0005,0.070170383,273.6883324,-7.18112303,0.11438277,3.02066353,0,ceq,SVCH
0.0005,0.088862382,260.46959,-7.285721,0.11195755,3.03927774,0,ceq,SVCH
0.0005,0.112533558,247.9427716,-7.38918389,0.10967923,3.05713631,0,ceq,SVCH
0.0005,0.142510267,238.7486232,-7.47266532,0.10745056,3.07496689,0,ceq,SVCH
0.0005,0.180472177,228.6248438,-7.56590485,0.10525295,3.09291639,0,ceq,SVCH
0.0005,0.228546386,217.4100751,-7.67093518,0.10313445,3.11057735,0,ceq,SVCH
0.0005,0.289426612,205.4478842,-7.78610106,0.10115094,3.12744459,0,ceq,SVCH
0.001,0.001,865.4279935,-4.81854079,0.17365881,2.95902313,0,ceq,SVCH
0.001,0.00126638,829.6960594,-4.9188196,0.16833265,2.98607805,0,ceq,SVCH
0.001,0.001603719,791.8935927,-5.02588386,0.16336695,3.01208774,0,ceq,SVCH
0.001,0.002030918,749.8656371,-5.14501282,0.15884219,3.03648459,0,ceq,SVCH
0.001,0.002571914,708.1685604,-5.26703327,0.15475566,3.0591222,0,ceq,SVCH
0.001,0.003257021,669.5729072,-5.38547139,0.15104341,3.08021235,0,ceq,SVCH
0.001,0.004124626,631.3220712,-5.50738911,0.1476481,3.09995943,0,ceq,SVCH
0.001,0.005223345,594.8355608,-5.62911347,0.14456944,3.1182628,0,ceq,SVCH
0.001,0.006614741,565.0477411,-5.73590495,0.14167681,3.13581724,0,ceq,SVCH
0.001,0.008376776,534.5668853,-5.84907425,0.13896059,3.15263154,0,ceq,SVCH
0.001,0.010608184,503.7535071,-5.96813753,0.13643706,3.1685504,0,ceq,SVCH
0.001,0.013433993,475.319872,-6.08417855,0.13408046,3.18368382,0,ceq,SVCH
0.001,0.017012543,447.8387163,-6.20196113,0.1318846,3.19802625,0,ceq,SVCH
0.001,0.021544347,425.1156731,-6.30634546,0.12978918,3.21193784,0,ceq,SVCH
0.001,0.027283334,402.5102534,-6.41478244,0.12778669,3.22544345,0,ceq,SVCH
0.001,0.034551073,385.9157825,-6.50142185,0.1258144,3.23895396,0,ceq,SVCH
0.001,0.043754794,369.0470571,-6.59279962,0.12384143,3.25268274,0,ceq,SVCH
0.001,0.055410203,351.3895635,-6.69166967,0.12190148,3.26639663,0,ceq,SVCH
0.001,0.070170383,338.0621782,-6.77255577,0.11999113,3.28011613,0,ceq,SVCH
0.001,0.088862382,324.0703819,-6.86002714,0.11806652,3.29416106,0,ceq,SVCH
0.001,0.112533558,309.4239432,-6.95448344,0.11616531,3.30826162,0,ceq,SVCH
0.001,0.142510267,295.1253659,-7.0505618,0.11432382,3.32214153,0,ceq,SVCH
0.001,0.180472177,281.6381773,-7.14549695,0.11253677,3.33582577,0,ceq,SVCH
0.001,0.228546386,267.2207942,-7.25026428,0.11080247,3.34931538,0,ceq,SVCH
0.001,0.289426612,252.1900897,-7.36387453,0.10915377,3.36233692,0,ceq,SVCH
0.001,0.366524124,241.5433478,-7.45159319,0.107558,3.37512903,0,ceq,SVCH
0.001,0.464158883,230.5440398,-7.54551782,0.10596379,3.38809953,0,ceq,SVCH
0.001,0.587801607,218.5096389,-7.65146507,0.10441299,3.40090535,0,ceq,SVCH
0.001,0.744380301,205.5787864,-7.76977792,0.10294057,3.41324131,0,ceq,SVCH
0.002,0.001,1222.894132,-4.1957232,0.17815133,3.23786838,0,ceq,SVCH
0.002,0.00126638,1165.851705,-4.3087435,0.17209348,3.26791616,0,ceq,SVCH
0.002,0.001603719,1107.512809,-4.42601728,0.16661924,3.29599535,0,ceq,SVCH
0.002,0.002030918,1053.898441,-4.53857024,0.16163999,3.32234876,0,ceq,SVCH
0.002,0.002571914,998.6416842,-4.65696758,0.15708389,3.34718266,0,ceq,SVCH
0.002,0.003257021,944.6663162,-4.77659741,0.15296067,3.3702863,0,ceq,SVCH
0.002,0.004124626,892.3652905,-4.89693742,0.14924011,3.39167511,0,ceq,SVCH
0.002,0.005223345,848.3067222,-5.00522687,0.14578274,3.41203212,0,ceq,SVCH
0.002,0.006614741,801.9673486,-5.12214475,0.14257706,3.43134651,0,ceq,SVCH
0.002,0.008376776,754.8079069,-5.24558016,0.13962572,3.44951444,0,ceq,SVCH
0.002,0.010608184,708.1241423,-5.37328123,0.13695136,3.46631194,0,ceq,SVCH
0.002,0.013433993,661.1596936,-5.50784677,0.13455522,3.48164396,0,ceq,SVCH
0.002,0.017012543,615.3745649,-5.64637876,0.13242544,3.49550199,0,ceq,SVCH
0.002,0.021544347,578.6875634,-5.76590652,0.13049266,3.50827251,0,ceq,SVCH
0.002,0.027283334,545.7130583,-5.88014016,0.12865898,3.52056465,0,ceq,SVCH
0.002,0.034551073,512.4064151,-6.00122833,0.12693711,3.53226744,0,ceq,SVCH
0.002,0.043754794,481.2175724,-6.12132575,0.12533942,3.54326915,0,ceq,SVCH
0.002,0.055410203,452.3694924,-6.23915203,0.12384318,3.55370034,0,ceq,SVCH
0.002,0.070170383,427.6609409,-6.34687921,0.12240349,3.56385679,0,ceq,SVCH
0.002,0.088862382,402.2109083,-6.46324329,0.12103131,3.57364895,0,ceq,SVCH
0.002,0.112533558,383.3436924,-6.55637669,0.11969131,3.58331903,0,ceq,SVCH
0.002,0.142510267,363.9185931,-6.65637013,0.11836545,3.59299441,0,ceq,SVCH
0.002,0.180472177,346.2656043,-6.75226631,0.11707975,3.60248077,0,ceq,SVCH
0.002,0.228546386,332.9076654,-6.8303268,0.11577672,3.61220187,0,ceq,SVCH
0.002,0.289426612,318.2035924,-6.91886436,0.11444278,3.62226758,0,ceq,SVCH
0.002,0.366524124,302.4389781,-7.01729604,0.11311134,3.63243192,0,ceq,SVCH
0.002,0.464158883,288.0793659,-7.11177616,0.11181951,3.64240952,0,ceq,SVCH
0.002,0.587801607,273.2698256,-7.21340016,0.11054579,3.65235996,0,ceq,SVCH
0.002,0.744380301,257.5600995,-7.3259954,0.10931213,3.66210773,0,ceq,SVCH
0.002,0.942668455,244.7100266,-7.42435051,0.1081307,3.67154646,0,ceq,SVCH
0.002,1.19377664,233.8481687,-7.51288592,0.10693374,3.68121492,0,ceq,SVCH
0.002,1.51177507,221.7693385,-7.61477636,0.10573929,3.69097152,0,ceq,SVCH
0.002,1.91448198,208.7242132,-7.7295863,0.10458866,3.70047506,0,ceq,SVCH
0.003,0.001,1492.052691,-3.80730137,0.18716201,3.37110135,0,ceq,SVCH
0.003,0.00126638,1424.221802,-3.92343734,0.17970434,3.40642051,0,ceq,SVCH
0.003,0.001603719,1352.780233,-4.04543885,0.17308199,3.43903364,0,ceq,SVCH
0.003,0.002030918,1283.337089,-4.16686149,0.16723065,3.46890569,0,ceq,SVCH
0.003,0.002571914,1222.904174,-4.27870924,0.16191775,3.49694837,0,ceq,SVCH
0.003,0.003257021,1161.101247,-4.3951459,0.15707861,3.52330355,0,ceq,SVCH
0.003,0.004124626,1097.814132,-4.51712518,0.1526931,3.54789737,0,ceq,SVCH
0.003,0.005223345,1038.217991,-4.63692847,0.14872447,3.57077089,0,ceq,SVCH
0.003,0.006614741,979.1488057,-4.75985084,0.1451473,3.59191799,0,ceq,SVCH
0.003,0.008376776,921.8805079,-4.88410791,0.1419174,3.61146575,0,ceq,SVCH
0.003,0.010608184,868.670605,-5.00555237,0.13897762,3.6296467,0,ceq,SVCH
0.003,0.013433993,816.6266378,-5.12994331,0.13627081,3.64673031,0,ceq,SVCH
0.003,0.017012543,766.3795622,-5.25609367,0.13381418,3.66253222,0,ceq,SVCH
0.003,0.021544347,717.493686,-5.385194,0.13158112,3.67714882,0,ceq,SVCH
0.003,0.027283334,668.8406362,-5.52060986,0.12956198,3.69058069,0,ceq,SVCH
0.003,0.034551073,621.5128368,-5.66032759,0.12775415,3.70278599,0,ceq,SVCH
0.003,0.043754794,582.1931543,-5.78501819,0.1261204,3.71396522,0,ceq,SVCH
0.003,0.055410203,548.3213691,-5.89986317,0.12457314,3.7246869,0,ceq,SVCH
0.003,0.070170383,513.9597669,-6.02247103,0.12312125,3.73486979,0,ceq,SVCH
0.003,0.088862382,481.8422243,-6.14415561,0.1217694,3.74445934,0,ceq,SVCH
0.003,0.112533558,451.1244121,-6.26767152,0.12050485,3.75352663,0,ceq,SVCH
0.003,0.142510267,425.4877607,-6.37804387,0.11929906,3.76226166,0,ceq,SVCH
0.003,0.180472177,399.7519241,-6.49482375,0.11814949,3.77067185,0,ceq,SVCH
0.003,0.228546386,379.6865069,-6.59252901,0.11703564,3.77889937,0,ceq,SVCH
0.003,0.289426612,359.1570676,-6.69719867,0.11594575,3.78702595,0,ceq,SVCH
0.003,0.366524124,342.7673355,-6.78633735,0.11488279,3.79502569,0,ceq,SVCH
0.003,0.464158883,328.8484327,-6.86665698,0.11379086,3.8033209,0,ceq,SVCH
0.003,0.587801607,313.6629096,-6.95728848,0.11268358,3.81181437,0,ceq,SVCH
0.003,0.744380301,297.938569,-7.05511002,0.11158805,3.82030028,0,ceq,SVCH
0.003,0.942668455,283.7223081,-7.14850452,0.11050693,3.82875662,0,ceq,SVCH
0.003,1.19377664,268.3172632,-7.253923,0.10943698,3.83720742,0,ceq,SVCH
0.003,1.51177507,252.2274781,-7.36955632,0.10840794,3.84541333,0,ceq,SVCH
0.003,1.91448198,241.4079388,-7.45388751,0.10739466,3.85357015,0,ceq,SVCH
0.003,2.42446202,230.1932076,-7.54496246,0.10635485,3.86202094,0,ceq,SVCH
0.003,3.07029063,217.8738026,-7.64898633,0.10532452,3.87047651,0,ceq,SVCH
0.003,3.88815518,204.6461493,-7.76599444,0.10433167,3.87870322,0,ceq,SVCH
0.004,0.001,1692.58908,-3.54117917,0.19757568,3.44900878,0,ceq,SVCH
0.004,0.00126638,1631.796676,-3.64470778,0.18868392,3.48900645,0,ceq,SVCH
0.004,0.001603719,1561.668389,-3.75892351,0.18063126,3.52689069,0,ceq,SVCH
0.004,0.002030918,1486.334024,-3.87981813,0.17349461,3.5619026,0,ceq,SVCH
0.004,0.002571914,1410.605941,-4.00288409,0.16717588,3.59412708,0,ceq,SVCH
0.004,0.003257021,1334.806372,-4.12836913,0.16158946,3.62365034,0,ceq,SVCH
0.004,0.004124626,1265.459065,-4.2481887,0.15661841,3.65079074,0,ceq,SVCH
0.004,0.005223345,1197.890617,-4.36892495,0.15210051,3.67621381,0,ceq,SVCH
0.004,0.006614741,1131.559368,-4.4915069,0.1480228,3.6998189,0,ceq,SVCH
0.004,0.008376776,1067.617864,-4.61435112,0.14435229,3.72162869,0,ceq,SVCH
0.004,0.010608184,1005.918228,-4.7380128,0.14102619,3.74187621,0,ceq,SVCH
0.004,0.013433993,946.9676298,-4.86170624,0.13800856,3.76066286,0,ceq,SVCH
0.004,0.017012543,888.141163,-4.99048539,0.13527784,3.77802144,0,ceq,SVCH
0.004,0.021544347,832.7473941,-5.11838451,0.13280811,3.79402603,0,ceq,SVCH
0.004,0.027283334,779.7205491,-5.24734081,0.13058147,3.80871169,0,ceq,SVCH
0.004,0.034551073,729.6196957,-5.37634004,0.1285503,3.82232857,0,ceq,SVCH
0.004,0.043754794,680.0942706,-5.51098665,0.12670848,3.83486341,0,ceq,SVCH
0.004,0.055410203,632.1964969,-5.64928946,0.1250507,3.8463023,0,ceq,SVCH
0.004,0.070170383,589.9083417,-5.77994787,0.12356314,3.85669659,0,ceq,SVCH
0.004,0.088862382,555.9255234,-5.89293719,0.12215905,3.86662323,0,ceq,SVCH
0.004,0.112533558,521.1308,-6.01469243,0.12083341,3.8761002,0,ceq,SVCH
0.004,0.142510267,487.8557476,-6.13821061,0.11960196,3.88499788,0,ceq,SVCH
0.004,0.180472177,456.5404414,-6.26189043,0.11844748,3.89342264,0,ceq,SVCH
0.004,0.228546386,429.0819109,-6.37765353,0.11736241,3.90141635,0,ceq,SVCH
0.004,0.289426612,402.7269922,-6.49540928,0.11633253,3.909072,0,ceq,SVCH
0.004,0.366524124,381.4564578,-6.59712785,0.11534032,3.91651201,0,ceq,SVCH
0.004,0.464158883,359.9400171,-6.70528759,0.11437074,3.92384441,0,ceq,SVCH
0.004,0.587801607,343.0534761,-6.79595918,0.11342998,3.93101857,0,ceq,SVCH
0.004,0.744380301,329.2384397,-6.8748123,0.11246088,3.93847148,0,ceq,SVCH
0.004,0.942668455,314.1665552,-6.9638789,0.11147181,3.9461443,0,ceq,SVCH
0.004,1.19377664,298.4461052,-7.06080181,0.11048286,3.95388448,0,ceq,SVCH
0.004,1.51177507,284.1478765,-7.153851,0.10949735,3.96166707,0,ceq,SVCH
0.004,1.91448198,268.7531229,-7.25840076,0.1085215,3.96944267,0,ceq,SVCH
0.004,2.42446202,252.6957589,-7.37300704,0.10757741,3.97703208,0,ceq,SVCH
0.004,3.07029063,241.7884534,-7.45723461,0.10664524,3.98459125,0,ceq,SVCH
0.004,3.88815518,230.7567209,-7.54619489,0.10568652,3.99243505,0,ceq,SVCH
0.004,4.92388263,218.5955115,-7.64815748,0.1047303,4.00032951,0,ceq,SVCH
0.004,6.23550734,205.4212181,-7.76386586,0.1038021,4.00806193,0,ceq,SVCH
0.005,0.001,1874.94033,-3.31429282,0.20907549,3.49678041,0,ceq,SVCH
0.005,0.00126638,1823.082437,-3.40965453,0.19814656,3.54341292,0,ceq,SVCH
0.005,0.001603719,1732.649011,-3.54175716,0.18841944,3.58713518,0,ceq,SVCH
0.005,0.002030918,1653.707552,-3.66153203,0.18019689,3.62588996,0,ceq,SVCH
0.005,0.002571914,1581.352426,-3.77570432,0.17278829,3.66235643,0,ceq,SVCH
0.005,0.003257021,1506.66497,-3.89364359,0.1661763,3.69624811,0,ceq,SVCH
0.005,0.004124626,1422.198477,-4.02496901,0.16033217,3.72734452,0,ceq,SVCH
0.005,0.005223345,1344.410409,-4.15085117,0.15521966,3.75549284,0,ceq,SVCH
0.005,0.006614741,1271.094226,-4.27423842,0.15064727,3.78146367,0,ceq,SVCH
0.005,0.008376776,1198.574805,-4.40034648,0.14652782,3.80554409,0,ceq,SVCH
0.005,0.010608184,1129.788889,-4.52517763,0.1428394,3.8276893,0,ceq,SVCH
0.005,0.013433993,1064.712601,-4.64865542,0.1395213,3.84810416,0,ceq,SVCH
0.005,0.017012543,1001.46601,-4.77400967,0.13650331,3.8670979,0,ceq,SVCH
0.005,0.021544347,941.190945,-4.89948911,0.13376475,3.88470161,0,ceq,SVCH
0.005,0.027283334,881.0910717,-5.03028231,0.13129796,3.90086927,0,ceq,SVCH
0.005,0.034551073,823.2922722,-5.1629272,0.1290814,3.91565771,0,ceq,SVCH
0.005,0.043754794,769.5627957,-5.29369823,0.12708236,3.92921388,0,ceq,SVCH
0.005,0.055410203,718.4598103,-5.42562456,0.12526303,3.94173911,0,ceq,SVCH
0.005,0.070170383,669.108418,-5.56072012,0.12361675,3.95322991,0,ceq,SVCH
0.005,0.088862382,622.0951387,-5.69772935,0.12213416,3.96370992,0,ceq,SVCH
0.005,0.112533558,582.7535638,-5.82086911,0.12078923,3.97332809,0,ceq,SVCH
0.005,0.142510267,548.6166819,-5.93501931,0.11950639,3.98260231,0,ceq,SVCH
0.005,0.180472177,512.9523564,-6.06059529,0.1182997,3.99141705,0,ceq,SVCH
0.005,0.228546386,479.9092158,-6.18450356,0.11718015,3.99967624,0,ceq,SVCH
0.005,0.289426612,448.7881059,-6.30877826,0.11613404,4.00746525,0,ceq,SVCH
0.005,0.366524124,422.1164768,-6.4226425,0.11514582,4.01488793,0,ceq,SVCH
0.005,0.464158883,396.5916143,-6.53808644,0.11420801,4.02199123,0,ceq,SVCH
0.005,0.587801607,374.981146,-6.64237532,0.1132962,4.02895354,0,ceq,SVCH
0.005,0.744380301,352.8999869,-6.7546044,0.11241506,4.0357353,0,ceq,SVCH
0.005,0.942668455,338.7886798,-6.83226186,0.11154273,4.04250184,0,ceq,SVCH
0.005,1.19377664,324.5959426,-6.91367482,0.11063508,4.04959861,0,ceq,SVCH
0.005,1.51177507,309.1967921,-7.00543183,0.10970952,4.05689568,0,ceq,SVCH
0.005,1.91448198,293.9909054,-7.10036362,0.10878541,4.06424293,0,ceq,SVCH
0.005,2.42446202,279.3324333,-7.19661702,0.1078615,4.07165132,0,ceq,SVCH
0.005,3.07029063,263.7708859,-7.303577,0.10695127,4.07901237,0,ceq,SVCH
0.005,3.88815518,248.5138542,-7.41424293,0.10607168,4.08618538,0,ceq,SVCH
0.005,4.92388263,238.2851568,-7.49457082,0.10518458,4.09348004,0,ceq,SVCH
0.005,6.23550734,226.8011041,-7.5878431,0.10428173,4.10096776,0,ceq,SVCH
0.005,7.89652287,214.1769131,-7.69478927,0.10339084,4.1084201,0,ceq,SVCH
0.005,10,200.3453148,-7.81796642,0.10253812,4.11561357,0,ceq,SVCH
0.006,0.001,2009.366672,-3.14854462,0.22031339,3.53048641,0,ceq,SVCH
0.006,0.00126638,1942.970695,-3.25648932,0.20808552,3.58008233,0,ceq,SVCH
0.006,0.001603719,1879.278976,-3.36090132,0.19723636,3.626593,0,ceq,SVCH
0.006,0.002030918,1820.374972,-3.46086012,0.1873592,3.67121782,0,ceq,SVCH
0.006,0.002571914,1728.579085,-3.59230062,0.178606,3.71277576,0,ceq,SVCH
0.006,0.003257021,1646.773707,-3.71375371,0.17111156,3.75000892,0,ceq,SVCH
0.006,0.004124626,1570.933794,-3.83029925,0.16442331,3.78464058,0,ceq,SVCH
0.006,0.005223345,1495.210783,-3.94848063,0.15841106,3.81699666,0,ceq,SVCH
0.006,0.006614741,1400.912555,-4.09083825,0.15317541,3.84618847,0,ceq,SVCH
0.006,0.008376776,1325.303246,-4.21362992,0.14858762,3.87260147,0,ceq,SVCH
0.006,0.010608184,1249.695077,-4.34007745,0.14447007,3.89701021,0,ceq,SVCH
0.006,0.013433993,1175.611293,-4.46857909,0.14080539,3.91932848,0,ceq,SVCH
0.006,0.017012543,1104.988931,-4.59670162,0.13752311,3.93981561,0,ceq,SVCH
0.006,0.021544347,1040.908902,-4.71943573,0.13455279,3.95878129,0,ceq,SVCH
0.006,0.027283334,977.1279327,-4.84686961,0.13185682,3.9763611,0,ceq,SVCH
0.006,0.034551073,915.9228864,-4.97545024,0.12941679,3.99258439,0,ceq,SVCH
0.006,0.043754794,855.6732846,-5.10847951,0.12722758,4.0074035,0,ceq,SVCH
0.006,0.055410203,796.53333,-5.2463855,0.12526662,4.02089552,0,ceq,SVCH
0.006,0.070170383,744.3154514,-5.37656452,0.12348886,4.03331013,0,ceq,SVCH
0.006,0.088862382,693.2740637,-5.51136303,0.1218849,4.04466625,0,ceq,SVCH
0.006,0.112533558,645.9713721,-5.64456752,0.12042922,4.05510218,0,ceq,SVCH
0.006,0.142510267,601.049708,-5.77931643,0.11911222,4.06465301,0,ceq,SVCH
0.006,0.180472177,565.6259092,-5.89384011,0.11788206,4.07367006,0,ceq,SVCH
0.006,0.228546386,530.3043104,-6.01448189,0.11671847,4.0822865,0,ceq,SVCH
0.006,0.289426612,495.5358374,-6.14041225,0.11563012,4.09042361,0,ceq,SVCH
0.006,0.366524124,463.6992804,-6.26343903,0.11461483,4.09808386,0,ceq,SVCH
0.006,0.464158883,435.1598591,-6.38099488,0.11366535,4.10530942,0,ceq,SVCH
0.006,0.587801607,408.5358472,-6.4976405,0.11275911,4.1122623,0,ceq,SVCH
0.006,0.744380301,385.3901102,-6.6056491,0.1118923,4.11896515,0,ceq,SVCH
0.006,0.942668455,363.3680265,-6.71445541,0.11104797,4.12554437,0,ceq,SVCH
0.006,1.19377664,344.8911976,-6.8115093,0.11023073,4.13196019,0,ceq,SVCH
0.006,1.51177507,331.1105341,-6.88901648,0.10938701,4.13863401,0,ceq,SVCH
0.006,1.91448198,316.0250092,-6.97697177,0.10851777,4.14556376,0,ceq,SVCH
0.006,2.42446202,299.7791582,-7.07567739,0.10764322,4.15259217,0,ceq,SVCH
0.006,3.07029063,285.5885317,-7.16696108,0.10677246,4.15964697,0,ceq,SVCH
0.006,3.88815518,270.3750577,-7.26914931,0.10590428,4.16673849,0,ceq,SVCH
0.006,4.92388263,254.1583068,-7.38357938,0.10505801,4.17370711,0,ceq,SVCH
0.006,6.23550734,242.5779162,-7.47143591,0.10423363,4.18054974,0,ceq,SVCH
0.006,7.89652287,231.5724128,-7.55917443,0.10338801,4.18762514,0,ceq,SVCH
0.006,10,219.3008033,-7.66090095,0.10254034,4.19477595,0,ceq,SVCH
0.007,0.001,2116.879055,-3.01454037,0.23161229,3.5539917,0,ceq,SVCH
0.007,0.00126638,2061.12409,-3.11380327,0.21792837,3.60688747,0,ceq,SVCH
0.007,0.001603719,2000.888065,-3.21573235,0.2056458,3.65727414,0,ceq,SVCH
0.007,0.002030918,1929.370764,-3.32639207,0.19471697,3.704707,0,ceq,SVCH
0.007,0.002571914,1862.915994,-3.43174779,0.18499247,3.74920488,0,ceq,SVCH
0.007,0.003257021,1792.24614,-3.54124167,0.17620445,3.79147952,0,ceq,SVCH
0.007,0.004124626,1695.096502,-3.67647753,0.16858087,3.82989782,0,ceq,SVCH
0.007,0.005223345,1614.529152,-3.79604971,0.16192482,3.86488763,0,ceq,SVCH
0.007,0.006614741,1539.440604,-3.9113126,0.15596993,3.89743226,0,ceq,SVCH
0.007,0.008376776,1451.267913,-4.04395714,0.15064468,3.92760651,0,ceq,SVCH
0.007,0.010608184,1362.351656,-4.1803626,0.14610474,3.95418458,0,ceq,SVCH
0.007,0.013433993,1285.688249,-4.30551552,0.14203797,3.97870461,0,ceq,SVCH
0.007,0.017012543,1206.943078,-4.43771429,0.13842268,4.0010992,0,ceq,SVCH
0.007,0.021544347,1134.888762,-4.56505894,0.13520691,4.02151599,0,ceq,SVCH
0.007,0.027283334,1066.950478,-4.69112724,0.13231014,4.04032734,0,ceq,SVCH
0.007,0.034551073,1000.531528,-4.82018635,0.12968082,4.0577619,0,ceq,SVCH
0.007,0.043754794,938.9727333,-4.94657619,0.12730577,4.07381705,0,ceq,SVCH
0.007,0.055410203,877.5699053,-5.07881127,0.12515909,4.08858795,0,ceq,SVCH
0.007,0.070170383,816.0406382,-5.21851849,0.12323625,4.1020354,0,ceq,SVCH
0.007,0.088862382,760.8047708,-5.35250562,0.12151998,4.11421749,0,ceq,SVCH
0.007,0.112533558,708.0797831,-5.48842115,0.1199675,4.12538543,0,ceq,SVCH
0.007,0.142510267,660.5203363,-5.61943336,0.11855961,4.13563877,0,ceq,SVCH
0.007,0.180472177,615.4862573,-5.75157646,0.11727747,4.14508336,0,ceq,SVCH
0.007,0.228546386,576.193053,-5.87496231,0.11609676,4.15387233,0,ceq,SVCH
0.007,0.289426612,539.6974181,-5.99696643,0.11498445,4.1622342,0,ceq,SVCH
0.007,0.366524124,505.3027038,-6.11932641,0.11393804,4.17017495,0,ceq,SVCH
0.007,0.464158883,473.0454294,-6.24140712,0.11295919,4.17766927,0,ceq,SVCH
0.007,0.587801607,443.0822129,-6.36214913,0.11204455,4.18473087,0,ceq,SVCH
0.007,0.744380301,416.2447152,-6.47748106,0.11117237,4.19151859,0,ceq,SVCH
0.007,0.942668455,391.5109115,-6.59040484,0.11034289,4.19802363,0,ceq,SVCH
0.007,1.19377664,369.5354838,-6.6971143,0.10953482,4.20440793,0,ceq,SVCH
0.007,1.51177507,348.4178771,-6.80556069,0.10875397,4.21062208,0,ceq,SVCH
0.007,1.91448198,334.852272,-6.88091732,0.10796089,4.21697936,0,ceq,SVCH
0.007,2.42446202,319.8904365,-6.96695632,0.10713839,4.22362204,0,ceq,SVCH
0.007,3.07029063,303.6379288,-7.06429049,0.10630792,4.23038103,0,ceq,SVCH
0.007,3.88815518,289.0231702,-7.15675861,0.10548298,4.23714747,0,ceq,SVCH
0.007,4.92388263,274.0091518,-7.25627024,0.10465565,4.24398694,0,ceq,SVCH
0.007,6.23550734,257.8754759,-7.36842513,0.10384452,4.25074514,0,ceq,SVCH
0.007,7.89652287,244.8525805,-7.4650153,0.10306392,4.25729898,0,ceq,SVCH
0.007,10,234.0679096,-7.55003471,0.10226476,4.26406025,0,ceq,SVCH
0.008,0.001,2208.653729,-2.89993239,0.24277277,3.57110446,0,ceq,SVCH
0.008,0.00126638,2157.959485,-2.99610494,0.22766185,3.62692596,0,ceq,SVCH
0.008,0.001603719,2099.536845,-3.09697037,0.2141424,3.68009977,0,ceq,SVCH
0.008,0.002030918,2038.671129,-3.19859804,0.20204111,3.73062711,0,ceq,SVCH
0.008,0.002571914,1970.352941,-3.30565999,0.19120756,3.77849483,0,ceq,SVCH
0.008,0.003257021,1895.293069,-3.4178085,0.18162029,3.82317792,0,ceq,SVCH
0.008,0.004124626,1824.000655,-3.52644199,0.17304375,3.86519418,0,ceq,SVCH
0.008,0.005223345,1734.042397,-3.65325261,0.16545648,3.90413887,0,ceq,SVCH
0.008,0.006614741,1646.781325,-3.77813369,0.158888,3.939324,0,ceq,SVCH
0.008,0.008376776,1566.893555,-3.89693501,0.15306905,3.97173135,0,ceq,SVCH
0.008,0.010608184,1488.693391,-4.01627255,0.14780572,4.00212355,0,ceq,SVCH
0.008,0.013433993,1384.154981,-4.16948443,0.14332518,4.02886038,0,ceq,SVCH
0.008,0.017012543,1307.182616,-4.29311616,0.13938014,4.05310305,0,ceq,SVCH
0.008,0.021544347,1228.377347,-4.42334992,0.1358615,4.07531254,0,ceq,SVCH
0.008,0.027283334,1154.042518,-4.55205995,0.1327278,4.09558087,0,ceq,SVCH
0.008,0.034551073,1082.754559,-4.68144461,0.12991266,4.11420214,0,ceq,SVCH
0.008,0.043754794,1015.42502,-4.81016581,0.12736801,4.13138415,0,ceq,SVCH
0.008,0.055410203,952.7701379,-4.93657384,0.12507247,4.14718093,0,ceq,SVCH
0.008,0.070170383,890.9345089,-5.06774299,0.12298846,4.16177597,0,ceq,SVCH
0.008,0.088862382,827.725913,-5.20888216,0.12112245,4.17505552,0,ceq,SVCH
0.008,0.112533558,769.7104696,-5.34706149,0.11946732,4.18700653,0,ceq,SVCH
0.008,0.142510267,715.9129159,-5.4838404,0.11797551,4.19792053,0,ceq,SVCH
0.008,0.180472177,668.0936683,-5.61391074,0.11662861,4.20789433,0,ceq,SVCH
0.008,0.228546386,623.3587122,-5.74358249,0.115391,4.21716071,0,ceq,SVCH
0.008,0.289426612,581.9406429,-5.87162349,0.11425364,4.22576437,0,ceq,SVCH
0.008,0.366524124,543.6800932,-5.99785686,0.11319289,4.23386611,0,ceq,SVCH
0.008,0.464158883,510.1883537,-6.11601858,0.1121922,4.24157904,0,ceq,SVCH
0.008,0.587801607,477.9585952,-6.23669043,0.11125183,4.24889003,0,ceq,SVCH
0.008,0.744380301,447.1417472,-6.35936266,0.11037205,4.25578611,0,ceq,SVCH
0.008,0.942668455,420.1326015,-6.47419354,0.10953386,4.26240748,0,ceq,SVCH
0.008,1.19377664,394.4261059,-6.59023966,0.10873706,4.26874906,0,ceq,SVCH
0.008,1.51177507,372.4884484,-6.69585245,0.10796246,4.2749587,0,ceq,SVCH
0.008,1.91448198,350.1479798,-6.80937044,0.10721223,4.28101557,0,ceq,SVCH
0.008,2.42446202,336.5483738,-6.88431439,0.10645823,4.28714572,0,ceq,SVCH
0.008,3.07029063,321.5299931,-6.97001598,0.10567463,4.29356279,0,ceq,SVCH
0.008,3.88815518,305.2246181,-7.0669681,0.10488294,4.30009455,0,ceq,SVCH
0.008,4.92388263,290.4075703,-7.15995269,0.10409691,4.30662858,0,ceq,SVCH
0.008,6.23550734,275.441454,-7.25847252,0.10330676,4.31324676,0,ceq,SVCH
0.008,7.89652287,259.3871432,-7.3693391,0.10253305,4.3197765,0,ceq,SVCH
0.008,10,245.7673561,-7.46938184,0.10178784,4.32611245,0,ceq,SVCH
0.009,0.001,2277.798501,-2.8080972,0.25371061,3.58398171,0,ceq,SVCH
0.009,0.00126638,2237.009865,-2.89705583,0.23744328,3.64153944,0,ceq,SVCH
0.009,0.001603719,2190.572185,-2.98942902,0.22263715,3.69746408,0,ceq,SVCH
0.009,0.002030918,2130.021627,-3.09149371,0.20936981,3.75083099,0,ceq,SVCH
0.009,0.002571914,2065.782948,-3.1951215,0.19755781,3.80127088,0,ceq,SVCH
0.009,0.003257021,1998.907654,-3.30008856,0.18698082,3.84906466,0,ceq,SVCH
0.009,0.004124626,1921.862219,-3.41312162,0.17759122,3.8938161,0,ceq,SVCH
0.009,0.005223345,1844.317883,-3.52635264,0.16926906,3.9355038,0,ceq,SVCH
0.009,0.006614741,1756.955483,-3.64928348,0.16190532,3.97413624,0,ceq,SVCH
0.009,0.008376776,1667.879778,-3.77479024,0.15549275,4.00923784,0,ceq,SVCH
0.009,0.010608184,1581.962046,-3.89871201,0.14985858,4.04129564,0,ceq,SVCH
0.009,0.013433993,1504.225969,-4.01610156,0.14479603,4.0711453,0,ceq,SVCH
0.009,0.017012543,1396.594174,-4.17161859,0.1404337,4.09771439,0,ceq,SVCH
0.009,0.021544347,1318.999518,-4.2947661,0.13663498,4.12153308,0,ceq,SVCH
0.009,0.027283334,1240.486557,-4.42323381,0.13323788,4.14340247,0,ceq,SVCH
0.009,0.034551073,1165.18585,-4.55203546,0.1302021,4.16342133,0,ceq,SVCH
0.009,0.043754794,1091.789065,-4.68346931,0.12747562,4.18180346,0,ceq,SVCH
0.009,0.055410203,1023.468379,-4.81260125,0.12502262,4.19868046,0,ceq,SVCH
0.009,0.070170383,959.7491206,-4.93977303,0.12281207,4.21417526,0,ceq,SVCH
0.009,0.088862382,897.4592095,-5.07067577,0.12079646,4.22854838,0,ceq,SVCH
0.009,0.112533558,832.8558498,-5.21352038,0.11899744,4.2415817,0,ceq,SVCH
0.009,0.142510267,773.1604773,-5.35437183,0.11741034,4.25324456,0,ceq,SVCH
0.009,0.180472177,718.7369602,-5.4918035,0.11598409,4.26386027,0,ceq,SVCH
0.009,0.228546386,670.8023061,-5.6213835,0.11469402,4.27357532,0,ceq,SVCH
0.009,0.289426612,626.3637304,-5.74954748,0.11350426,4.28263263,0,ceq,SVCH
0.009,0.366524124,583.4372522,-5.88127948,0.1124089,4.29105554,0,ceq,SVCH
0.009,0.464158883,543.8827685,-6.0110854,0.11139701,4.29890968,0,ceq,SVCH
0.009,0.587801607,511.4892163,-6.12523183,0.11044284,4.30638179,0,ceq,SVCH
0.009,0.744380301,479.5781984,-6.24428716,0.10953973,4.31351349,0,ceq,SVCH
0.009,0.942668455,448.2620994,-6.36831645,0.10869244,4.32025812,0,ceq,SVCH
0.009,1.19377664,420.9323233,-6.48406959,0.10788622,4.32672479,0,ceq,SVCH
0.009,1.51177507,394.8890968,-6.60120316,0.10712046,4.33291185,0,ceq,SVCH
0.009,1.91448198,372.9578398,-6.70652775,0.10637717,4.33895987,0,ceq,SVCH
0.009,2.42446202,350.5929125,-6.81984804,0.10565588,4.34486941,0,ceq,SVCH
0.009,3.07029063,336.6520782,-6.89630493,0.10493198,4.35084097,0,ceq,SVCH
0.009,3.88815518,321.4357188,-6.98289912,0.10418118,4.35707823,0,ceq,SVCH
0.009,4.92388263,305.0331662,-7.0802221,0.10342493,4.36340627,0,ceq,SVCH
0.009,6.23550734,290.2707955,-7.1726848,0.10267552,4.36972292,0,ceq,SVCH
0.009,7.89652287,275.2518737,-7.27139139,0.10192142,4.37612581,0,ceq,SVCH
0.009,10,259.1156592,-7.38268384,0.1011817,4.38245277,0,ceq,SVCH
0.01,0.001,2336.637798,-2.72871098,0.26417258,3.59464161,0,ceq,SVCH
0.01,0.00126638,2299.852702,-2.81470872,0.2469815,3.65308818,0,ceq,SVCH
0.01,0.001603719,2258.398626,-2.90364494,0.2312096,3.7104053,0,ceq,SVCH
0.01,0.002030918,2212.816196,-2.99475584,0.21684823,3.76610419,0,ceq,SVCH
0.01,0.002571914,2152.732057,-3.09599734,0.20391639,3.81951258,0,ceq,SVCH
0.01,0.003257021,2083.868294,-3.20266433,0.19246376,3.86971865,0,ceq,SVCH
0.01,0.004124626,2015.857768,-3.30765801,0.18225487,3.91705839,0,ceq,SVCH
0.01,0.005223345,1938.877017,-3.41964863,0.17317794,3.96143106,0,ceq,SVCH
0.01,0.006614741,1856.806631,-3.53593814,0.1651655,4.00257775,0,ceq,SVCH
0.01,0.008376776,1769.430362,-3.65754816,0.15811838,4.04045045,0,ceq,SVCH
0.01,0.010608184,1678.487052,-3.78361484,0.15197973,4.07484471,0,ceq,SVCH
0.01,0.013433993,1590.470118,-3.90850879,0.14659792,4.10615941,0,ceq,SVCH
0.01,0.017012543,1511.340624,-4.02612333,0.14179034,4.13512252,0,ceq,SVCH
0.01,0.021544347,1406.143372,-4.1773994,0.13761818,4.16106389,0,ceq,SVCH
0.01,0.027283334,1327.098572,-4.30105066,0.13399957,4.18420852,0,ceq,SVCH
0.01,0.034551073,1249.510909,-4.42707345,0.1307422,4.20558299,0,ceq,SVCH
0.01,0.043754794,1173.5632,-4.55563067,0.12782157,4.22520713,0,ceq,SVCH
0.01,0.055410203,1099.03694,-4.68767123,0.12519145,4.24326591,0,ceq,SVCH
0.01,0.070170383,1030.073552,-4.816791,0.12282799,4.25982046,0,ceq,SVCH
0.01,0.088862382,965.3827581,-4.94471555,0.12069222,4.27505655,0,ceq,SVCH
0.01,0.112533558,902.5137346,-5.07586221,0.1187397,4.2892231,0,ceq,SVCH
0.01,0.142510267,836.4748949,-5.22072101,0.11699521,4.30207866,0,ceq,SVCH
0.01,0.180472177,775.1559801,-5.3644506,0.11545982,4.31355279,0,ceq,SVCH
0.01,0.228546386,719.9703229,-5.50314983,0.11408589,4.32395059,0,ceq,SVCH
0.01,0.289426612,672.1754925,-5.63198554,0.11284584,4.33344349,0,ceq,SVCH
0.01,0.366524124,627.5034232,-5.76035426,0.11169271,4.34236489,0,ceq,SVCH
0.01,0.464158883,583.0190245,-5.89637941,0.11063156,4.35065636,0,ceq,SVCH
0.01,0.587801607,542.6538983,-6.0286495,0.10966248,4.35829807,0,ceq,SVCH
0.01,0.744380301,511.0874408,-6.14005225,0.10874736,4.36557688,0,ceq,SVCH
0.01,0.942668455,479.2112785,-6.25890625,0.10787651,4.37256052,0,ceq,SVCH
0.01,1.19377664,447.5423199,-6.38426073,0.10705817,4.37917465,0,ceq,SVCH
0.01,1.51177507,419.797738,-6.50177753,0.10628006,4.38551066,0,ceq,SVCH
0.01,1.91448198,393.8340007,-6.61873482,0.10554288,4.39155634,0,ceq,SVCH
0.01,2.42446202,371.7666939,-6.72482185,0.10482648,4.39747224,0,ceq,SVCH
0.01,3.07029063,349.5851869,-6.83746433,0.10413123,4.4032522,0,ceq,SVCH
0.01,3.88815518,335.5873303,-6.914325,0.10343105,4.40911235,0,ceq,SVCH
0.01,4.92388263,320.0641044,-7.0026985,0.10270777,4.41520767,0,ceq,SVCH
0.01,6.23550734,303.4706675,-7.10135274,0.1019814,4.42137227,0,ceq,SVCH
0.01,7.89652287,288.8171756,-7.19348277,0.10125967,4.42754122,0,ceq,SVCH
0.01,10,273.522175,-7.29431348,0.10053244,4.43380178,0,ceq,SVCH
0.011,0.001,2388.221153,-2.65817621,0.27427528,3.60343395,0,ceq,SVCH
0.011,0.00126638,2355.138144,-2.74169414,0.25618509,3.66269951,0,ceq,SVCH
0.011,0.001603719,2316.655182,-2.82862966,0.23954512,3.72103258,0,ceq,SVCH
0.011,0.002030918,2273.450775,-2.91826584,0.22434407,3.77797858,0,ceq,SVCH
0.011,0.002571914,2227.129673,-3.00922808,0.21053309,3.83316888,0,ceq,SVCH
0.011,0.003257021,2168.810568,-3.10838862,0.1980525,3.88624751,0,ceq,SVCH
0.011,0.004124626,2095.049314,-3.21814817,0.18705057,3.93589137,0,ceq,SVCH
0.011,0.005223345,2026.031114,-3.32275288,0.17732183,3.98228483,0,ceq,SVCH
0.011,0.006614741,1948.67149,-3.43360059,0.16871074,4.02552244,0,ceq,SVCH
0.011,0.008376776,1865.208225,-3.54930326,0.16118086,4.06518058,0,ceq,SVCH
0.011,0.010608184,1780.580854,-3.6661626,0.15460755,4.10134632,0,ceq,SVCH
0.011,0.013433993,1690.552173,-3.78881478,0.14892336,4.13388336,0,ceq,SVCH
0.011,0.017012543,1604.47356,-3.90899316,0.14396687,4.16328338,0,ceq,SVCH
0.011,0.021544347,1527.652513,-4.02120507,0.13956638,4.19024702,0,ceq,SVCH
0.011,0.027283334,1433.676841,-4.15605799,0.13567663,4.21479771,0,ceq,SVCH
0.011,0.034551073,1351.862069,-4.27983041,0.13232779,4.23650628,0,ceq,SVCH
0.011,0.043754794,1278.047674,-4.39767278,0.12926787,4.25682601,0,ceq,SVCH
0.011,0.055410203,1204.106284,-4.52025318,0.12646648,4.27585672,0,ceq,SVCH
0.011,0.070170383,1131.308941,-4.64643245,0.1238982,4.29367786,0,ceq,SVCH
0.011,0.088862382,1060.318239,-4.77554345,0.12156128,4.31021734,0,ceq,SVCH
0.011,0.112533558,992.0761302,-4.9065361,0.11942075,4.32564812,0,ceq,SVCH
0.011,0.142510267,928.610867,-5.03590232,0.1174408,4.34016951,0,ceq,SVCH
0.011,0.180472177,861.2010365,-5.18023049,0.11564032,4.35358891,0,ceq,SVCH
0.011,0.228546386,794.1974857,-5.33293022,0.11405682,4.36556489,0,ceq,SVCH
0.011,0.289426612,735.955779,-5.47600001,0.11265197,4.37632966,0,ceq,SVCH
0.011,0.366524124,683.7765493,-5.61345747,0.1113946,4.38607869,0,ceq,SVCH
0.011,0.464158883,637.5387219,-5.74427445,0.11022638,4.39523602,0,ceq,SVCH
0.011,0.587801607,590.5558208,-5.88576228,0.10915191,4.40374441,0,ceq,SVCH
0.011,0.744380301,546.5514138,-6.02798043,0.10818452,4.41147676,0,ceq,SVCH
0.011,0.942668455,514.9143933,-6.13890721,0.10727469,4.4188124,0,ceq,SVCH
0.011,1.19377664,482.1896487,-6.26009823,0.10639984,4.42592501,0,ceq,SVCH
0.011,1.51177507,448.6944187,-6.39191892,0.10557587,4.43267758,0,ceq,SVCH
0.011,1.91448198,419.7695512,-6.51410106,0.10479782,4.4391024,0,ceq,SVCH
0.011,2.42446202,393.1041379,-6.63422003,0.1040647,4.44520008,0,ceq,SVCH
0.011,3.07029063,370.3855671,-6.74357893,0.10335442,4.45114878,0,ceq,SVCH
0.011,3.88815518,348.3890782,-6.85570499,0.10266864,4.45693129,0,ceq,SVCH
0.011,4.92388263,333.7842235,-6.93598372,0.10197716,4.46280111,0,ceq,SVCH
0.011,6.23550734,317.7991872,-7.02726429,0.10126859,4.46885736,0,ceq,SVCH
0.011,7.89652287,300.784206,-7.12897545,0.10056065,4.4749508,0,ceq,SVCH
0.011,10,286.2393381,-7.22122306,0.09985289,4.48108562,0,ceq,SVCH
0.012,0.001,2434.645553,-2.59348191,0.28432401,3.60997118,0,ceq,SVCH
0.012,0.00126638,2403.128229,-2.67692053,0.26510068,3.67077464,0,ceq,SVCH
0.012,0.001603719,2369.030105,-2.7608123,0.24766897,3.72985345,0,ceq,SVCH
0.012,0.002030918,2328.873933,-2.84853474,0.23166987,3.78785753,0,ceq,SVCH
0.012,0.002571914,2283.921054,-2.93874977,0.2171157,3.84421381,0,ceq,SVCH
0.012,0.003257021,2236.702742,-3.02937958,0.20394535,3.89857046,0,ceq,SVCH
0.012,0.004124626,2179.741068,-3.12619834,0.19209543,3.95056399,0,ceq,SVCH
0.012,0.005223345,2103.037675,-3.23635853,0.18178111,3.99849851,0,ceq,SVCH
0.012,0.006614741,2034.685302,-3.33731027,0.17289277,4.04204421,0,ceq,SVCH
0.012,0.008376776,1962.13514,-3.43985365,0.16521395,4.08150294,0,ceq,SVCH
0.012,0.010608184,1886.152124,-3.54332594,0.15871097,4.11638271,0,ceq,SVCH
0.012,0.013433993,1816.979537,-3.63894618,0.1531966,4.147099,0,ceq,SVCH
0.012,0.017012543,1744.31644,-3.73682847,0.14851416,4.17406123,0,ceq,SVCH
0.012,0.021544347,1674.487783,-3.83124324,0.14455449,4.19753256,0,ceq,SVCH
0.012,0.027283334,1610.728764,-3.91968531,0.14110301,4.21852438,0,ceq,SVCH
0.012,0.034551073,1552.96118,-4.00268728,0.13796528,4.23805665,0,ceq,SVCH
0.012,0.043754794,1490.270713,-4.09305642,0.13501219,4.25685097,0,ceq,SVCH
0.012,0.055410203,1414.753437,-4.20066776,0.13235097,4.27414137,0,ceq,SVCH
0.012,0.070170383,1353.676407,-4.29392094,0.1298507,4.2907078,0,ceq,SVCH
0.012,0.088862382,1289.552869,-4.39556082,0.12728505,4.30804174,0,ceq,SVCH
0.012,0.112533558,1219.174756,-4.51116122,0.12465985,4.32614349,0,ceq,SVCH
0.012,0.142510267,1142.093056,-4.64307385,0.12203713,4.34461155,0,ceq,SVCH
0.012,0.180472177,1061.92148,-4.78770296,0.11950846,4.36279903,0,ceq,SVCH
0.012,0.228546386,982.2776643,-4.94087487,0.11709295,4.3805348,0,ceq,SVCH
0.012,0.289426612,903.436889,-5.10322042,0.1148223,4.39754349,0,ceq,SVCH
0.012,0.366524124,818.6841115,-5.28947995,0.11284141,4.41265888,0,ceq,SVCH
0.012,0.464158883,745.8835361,-5.46419317,0.11117495,4.42558195,0,ceq,SVCH
0.012,0.587801607,683.2021837,-5.62802345,0.10972857,4.43695605,0,ceq,SVCH
0.012,0.744380301,628.1348839,-5.7845406,0.10840886,4.4474662,0,ceq,SVCH
0.012,0.942668455,573.0158339,-5.95347705,0.10723942,4.45688659,0,ceq,SVCH
0.012,1.19377664,530.4899016,-6.09573541,0.10621926,4.46518895,0,ceq,SVCH
0.012,1.51177507,495.1976796,-6.22329487,0.10524847,4.47316393,0,ceq,SVCH
0.012,1.91448198,457.4127291,-6.36868683,0.10434525,4.48065015,0,ceq,SVCH
0.012,2.42446202,424.7855558,-6.50411421,0.1035194,4.48755202,0,ceq,SVCH
0.012,3.07029063,395.4487845,-6.63488984,0.10275606,4.49398059,0,ceq,SVCH
0.012,3.88815518,371.5121817,-6.74950317,0.10202859,4.50015171,0,ceq,SVCH
0.012,4.92388263,348.4410544,-6.86682897,0.10133197,4.50610248,0,ceq,SVCH
0.012,6.23550734,333.1471109,-6.95081276,0.10063469,4.51210002,0,ceq,SVCH
0.012,7.89652287,316.5495389,-7.04572053,0.09992429,4.51825331,0,ceq,SVCH
0.012,10,299.1173046,-7.15030351,0.09921879,4.52440758,0,ceq,SVCH
0.013,0.001,2477.391773,-2.53323067,0.29431798,3.61472696,0,ceq,SVCH
0.013,0.00126638,2445.493877,-2.61822219,0.27389738,3.67718412,0,ceq,SVCH
0.013,0.001603719,2414.277837,-2.70060672,0.25559203,3.73726576,0,ceq,SVCH
0.013,0.002030918,2379.348892,-2.7847003,0.23887268,3.79602744,0,ceq,SVCH
0.013,0.002571914,2337.064467,-2.87318277,0.2236145,3.85336044,0,ceq,SVCH
0.013,0.003257021,2290.750507,-2.96294399,0.20989012,3.9083743,0,ceq,SVCH
0.013,0.004124626,2243.842517,-3.05090711,0.19769068,3.9603864,0,ceq,SVCH
0.013,0.005223345,2191.632923,-3.1398802,0.18704823,4.0084529,0,ceq,SVCH
0.013,0.006614741,2120.672849,-3.23873093,0.17828255,4.05014234,0,ceq,SVCH
0.013,0.008376776,2063.311445,-3.32097566,0.17132315,4.08472552,0,ceq,SVCH
0.013,0.010608184,2014.729305,-3.3906322,0.16583356,4.11301361,0,ceq,SVCH
0.013,0.013433993,1969.41688,-3.45295942,0.16153416,4.13582928,0,ceq,SVCH
0.013,0.017012543,1928.396636,-3.50802144,0.15813087,4.15432468,0,ceq,SVCH
0.013,0.021544347,1891.609221,-3.55733089,0.15527515,4.17015481,0,ceq,SVCH
0.013,0.027283334,1859.066482,-3.60203966,0.15269279,4.18472346,0,ceq,SVCH
0.013,0.034551073,1824.628954,-3.64935911,0.15010662,4.1995619,0,ceq,SVCH
0.013,0.043754794,1783.439812,-3.7050457,0.14736852,4.21555738,0,ceq,SVCH
0.013,0.055410203,1730.722071,-3.77454524,0.14445415,4.23290936,0,ceq,SVCH
0.013,0.070170383,1667.187205,-3.86012499,0.14107027,4.2534996,0,ceq,SVCH
0.013,0.088862382,1585.751058,-3.9730521,0.13691558,4.27945971,0,ceq,SVCH
0.013,0.112533558,1464.186927,-4.14621226,0.13156339,4.31408867,0,ceq,SVCH
0.013,0.142510267,1322.728522,-4.3583158,0.1262792,4.34969528,0,ceq,SVCH
0.013,0.180472177,1188.380398,-4.57808606,0.12147205,4.38340582,0,ceq,SVCH
0.013,0.228546386,1062.73931,-4.80053836,0.11757371,4.41173786,0,ceq,SVCH
0.013,0.289426612,955.7199445,-5.0081691,0.11447041,4.4349718,0,ceq,SVCH
0.013,0.366524124,856.9102294,-5.21674883,0.11199339,4.45397336,0,ceq,SVCH
0.013,0.464158883,769.4271734,-5.41875732,0.11008334,4.46891481,0,ceq,SVCH
0.013,0.587801607,698.2266418,-5.5996722,0.10854569,4.4811327,0,ceq,SVCH
0.013,0.744380301,642.2394067,-5.75555823,0.10721766,4.49182511,0,ceq,SVCH
0.013,0.942668455,587.2725471,-5.92038613,0.10606201,4.501238,0,ceq,SVCH
0.013,1.19377664,540.6542756,-6.07215094,0.1050786,4.50932908,0,ceq,SVCH
0.013,1.51177507,507.4728024,-6.18979864,0.10415968,4.5169583,0,ceq,SVCH
0.013,1.91448198,471.4618708,-6.32493314,0.10329307,4.52421522,0,ceq,SVCH
0.013,2.42446202,437.8201094,-6.46020331,0.10250229,4.53089047,0,ceq,SVCH
0.013,3.07029063,408.092024,-6.58859782,0.10176832,4.53713235,0,ceq,SVCH
0.013,3.88815518,383.8445156,-6.70090328,0.10107833,4.54304144,0,ceq,SVCH
0.013,4.92388263,360.9980974,-6.81331099,0.10040651,4.5488338,0,ceq,SVCH
0.013,6.23550734,342.3739554,-6.91096893,0.09975519,4.55448656,0,ceq,SVCH
0.013,7.89652287,326.8084534,-6.99763442,0.09908872,4.56030917,0,ceq,SVCH
0.013,10,309.9979347,-7.09529438,0.09841548,4.56623079,0,ceq,SVCH
0.014,0.001,2511.225189,-2.48211268,0.30380643,3.61935003,0,ceq,SVCH
0.014,0.00126638,2486.682443,-2.56166892,0.28271688,3.68184142,0,ceq,SVCH
0.014,0.001603719,2454.093734,-2.64626103,0.26334212,3.74350259,0,ceq,SVCH
0.014,0.002030918,2422.75585,-2.7278814,0.24595976,3.80281583,0,ceq,SVCH
0.014,0.002571914,2386.177385,-2.81212861,0.23012238,3.86062523,0,ceq,SVCH
0.014,0.003257021,2343.243687,-2.89872057,0.21599031,3.91567634,0,ceq,SVCH
0.014,0.004124626,2298.339547,-2.9828384,0.20379076,3.96617537,0,ceq,SVCH
0.014,0.005223345,2257.28298,-3.05808907,0.19373227,4.01014071,0,ceq,SVCH
0.014,0.006614741,2218.528041,-3.12379327,0.18594688,4.04576616,0,ceq,SVCH
0.014,0.008376776,2181.467044,-3.17978044,0.18031848,4.07246245,0,ceq,SVCH
0.014,0.010608184,2148.652015,-3.22508795,0.1764179,4.09145722,0,ceq,SVCH
0.014,0.013433993,2123.741912,-3.25925853,0.17361336,4.10537746,0,ceq,SVCH
0.014,0.017012543,2102.031375,-3.28899961,0.17125652,4.11725066,0,ceq,SVCH
0.014,0.021544347,2081.515114,-3.3183709,0.16884025,4.12959047,0,ceq,SVCH
0.014,0.027283334,2055.037699,-3.3562407,0.16583067,4.14521656,0,ceq,SVCH
0.014,0.034551073,2015.771477,-3.41170922,0.1616917,4.16717183,0,ceq,SVCH
0.014,0.043754794,1949.540488,-3.50073165,0.15602909,4.19813417,0,ceq,SVCH
0.014,0.055410203,1837.737289,-3.65096803,0.14769911,4.24578863,0,ceq,SVCH
0.014,0.070170383,1666.673666,-3.87821295,0.1382371,4.30329497,0,ceq,SVCH
0.014,0.088862382,1488.633405,-4.12721433,0.13009033,4.3560536,0,ceq,SVCH
0.014,0.112533558,1322.246039,-4.37389294,0.12412352,4.3968354,0,ceq,SVCH
0.014,0.142510267,1193.694079,-4.58324609,0.11967858,4.42851043,0,ceq,SVCH
0.014,0.180472177,1080.320975,-4.78170444,0.11627097,4.45359995,0,ceq,SVCH
0.014,0.228546386,984.0144334,-4.96440112,0.11356064,4.4740872,0,ceq,SVCH
0.014,0.289426612,901.297752,-5.13393771,0.11136134,4.49107363,0,ceq,SVCH
0.014,0.366524124,818.1745976,-5.31603947,0.10958069,4.50507449,0,ceq,SVCH
0.014,0.464158883,749.8253336,-5.47921148,0.10812053,4.51672616,0,ceq,SVCH
0.014,0.587801607,690.3815523,-5.63273898,0.10687268,4.52680886,0,ceq,SVCH
0.014,0.744380301,640.6041498,-5.7719667,0.10574716,4.53600492,0,ceq,SVCH
0.014,0.942668455,591.7304366,-5.91812876,0.1047426,4.54429572,0,ceq,SVCH
0.014,1.19377664,546.8030434,-6.06262792,0.10386004,4.55164537,0,ceq,SVCH
0.014,1.51177507,515.9119678,-6.17060888,0.10302977,4.55861686,0,ceq,SVCH
0.014,1.91448198,482.7142189,-6.29294241,0.10223047,4.56538161,0,ceq,SVCH
0.014,2.42446202,448.9262539,-6.42532263,0.10148815,4.57171164,0,ceq,SVCH
0.014,3.07029063,420.5268023,-6.54479448,0.10079481,4.57766596,0,ceq,SVCH
0.014,3.88815518,394.4377438,-6.66170017,0.1001418,4.58331152,0,ceq,SVCH
0.014,4.92388263,373.0517329,-6.76409549,0.09950375,4.58886334,0,ceq,SVCH
0.014,6.23550734,350.9399926,-6.87569585,0.09888017,4.59432383,0,ceq,SVCH
0.014,7.89652287,336.0525423,-6.95645559,0.09825918,4.59979603,0,ceq,SVCH
0.014,10,320.1598387,-7.04628354,0.09762065,4.6054589,0,ceq,SVCH
0.015,0.001,2538.200008,-2.43802575,0.31286695,3.6237892,0,ceq,SVCH
0.015,0.00126638,2520.912679,-2.51171077,0.29137811,3.6855944,0,ceq,SVCH
0.015,0.001603719,2492.938105,-2.59359454,0.2711456,3.74810316,0,ceq,SVCH
0.015,0.002030918,2460.949465,-2.67632903,0.25295801,3.80841029,0,ceq,SVCH
0.015,0.002571914,2429.058874,-2.75659188,0.23673314,3.86599012,0,ceq,SVCH
0.015,0.003257021,2392.90334,-2.83656356,0.22248254,3.91991553,0,ceq,SVCH
0.015,0.004124626,2354.48256,-2.91171337,0.21075271,3.96696148,0,ceq,SVCH
0.015,0.005223345,2321.059411,-2.97351383,0.20197837,4.00389811,0,ceq,SVCH
0.015,0.006614741,2295.397994,-3.01893911,0.19599575,4.03001307,0,ceq,SVCH
0.015,0.008376776,2277.77231,-3.0500594,0.19202885,4.04777335,0,ceq,SVCH
0.015,0.010608184,2264.528868,-3.07296132,0.18923432,4.06050617,0,ceq,SVCH
0.015,0.013433993,2252.118197,-3.09387921,0.18676811,4.07190208,0,ceq,SVCH
0.015,0.017012543,2236.785484,-3.11922105,0.1838925,4.08538039,0,ceq,SVCH
0.015,0.021544347,2213.428985,-3.15683593,0.17983396,4.1047644,0,ceq,SVCH
0.015,0.027283334,2168.081472,-3.22178951,0.17392963,4.13375878,0,ceq,SVCH
0.015,0.034551073,2082.129753,-3.33991065,0.16460632,4.18161359,0,ceq,SVCH
0.015,0.043754794,1938.306867,-3.53480374,0.15177028,4.25213335,0,ceq,SVCH
0.015,0.055410203,1745.600149,-3.79072921,0.13937071,4.32616331,0,ceq,SVCH
0.015,0.070170383,1557.954392,-4.04435048,0.13066068,4.38221731,0,ceq,SVCH
0.015,0.088862382,1393.516475,-4.2779218,0.12480565,4.42203774,0,ceq,SVCH
0.015,0.112533558,1277.698739,-4.45874059,0.12055938,4.45210437,0,ceq,SVCH
0.015,0.142510267,1171.376706,-4.63448566,0.11716668,4.47689797,0,ceq,SVCH
0.015,0.180472177,1074.922766,-4.80459548,0.11438944,4.49773446,0,ceq,SVCH
0.015,0.228546386,989.6500486,-4.96575398,0.11209859,4.51530584,0,ceq,SVCH
0.015,0.289426612,914.9846334,-5.11713298,0.11016699,4.53040318,0,ceq,SVCH
0.015,0.366524124,839.0211908,-5.28070568,0.10852683,4.54343161,0,ceq,SVCH
0.015,0.464158883,772.4291601,-5.43550926,0.10714539,4.55455896,0,ceq,SVCH
0.015,0.587801607,713.1177896,-5.58410727,0.10594244,4.5643659,0,ceq,SVCH
0.015,0.744380301,662.9339453,-5.71976602,0.10485933,4.57329152,0,ceq,SVCH
0.015,0.942668455,615.3257101,-5.8574628,0.1038702,4.58152371,0,ceq,SVCH
0.015,1.19377664,569.6068944,-5.99902157,0.10298439,4.58896277,0,ceq,SVCH
0.015,1.51177507,533.3159931,-6.12020301,0.10217968,4.59577648,0,ceq,SVCH
0.015,1.91448198,501.7380361,-6.2328688,0.10139939,4.60243485,0,ceq,SVCH
0.015,2.42446202,468.0012269,-6.36015995,0.10065873,4.60880261,0,ceq,SVCH
0.015,3.07029063,437.1662268,-6.48452373,0.09997171,4.61475126,0,ceq,SVCH
0.015,3.88815518,409.2346159,-6.60486304,0.0993226,4.62040929,0,ceq,SVCH
0.015,4.92388263,386.3795989,-6.71013119,0.09870293,4.62584537,0,ceq,SVCH
0.015,6.23550734,365.0960456,-6.81397635,0.09808879,4.63126674,0,ceq,SVCH
0.015,7.89652287,345.6819365,-6.91422641,0.09748905,4.63659379,0,ceq,SVCH
0.015,10,330.5656224,-6.99734991,0.09687858,4.64204992,0,ceq,SVCH
0.016,0.001,2564.60115,-2.39532121,0.32190498,3.62708059,0,ceq,SVCH
0.016,0.00126638,2548.197688,-2.46873306,0.29963724,3.68934578,0,ceq,SVCH
0.016,0.001603719,2527.634537,-2.54475171,0.27901162,3.75129219,0,ceq,SVCH
0.016,0.002030918,2497.464819,-2.6268631,0.26001283,3.81254725,0,ceq,SVCH
0.016,0.002571914,2467.20787,-2.70511106,0.24347258,3.86963471,0,ceq,SVCH
0.016,0.003257021,2437.266527,-2.77743287,0.22956323,3.92073233,0,ceq,SVCH
0.016,0.004124626,2408.825269,-2.83907688,0.21891298,3.96199235,0,ceq,SVCH
0.016,0.005223345,2386.069719,-2.88431096,0.21178867,3.9907297,0,ceq,SVCH
0.016,0.006614741,2370.26211,-2.91414101,0.20737811,4.00900914,0,ceq,SVCH
0.016,0.008376776,2359.315686,-2.9342994,0.20450485,4.02112705,0,ceq,SVCH
0.016,0.010608184,2349.520523,-2.95201584,0.20204565,4.03163623,0,ceq,SVCH
0.016,0.013433993,2336.900916,-2.97458357,0.19899912,4.0448331,0,ceq,SVCH
0.016,0.017012543,2317.422534,-3.0086945,0.19456316,4.06441351,0,ceq,SVCH
0.016,0.021544347,2284.797155,-3.06468047,0.18766787,4.09575451,0,ceq,SVCH
0.016,0.027283334,2216.114892,-3.17555008,0.1755767,4.15360211,0,ceq,SVCH
0.016,0.034551073,2060.222442,-3.39119612,0.15848973,4.24253258,0,ceq,SVCH
0.016,0.043754794,1864.228733,-3.65061695,0.1435895,4.32828963,0,ceq,SVCH
0.016,0.055410203,1684.587246,-3.88607506,0.13409157,4.38773135,0,ceq,SVCH
0.016,0.070170383,1536.670993,-4.08836972,0.12766908,4.43036417,0,ceq,SVCH
0.016,0.088862382,1395.238868,-4.28901632,0.1229173,4.46330882,0,ceq,SVCH
0.016,0.112533558,1291.357735,-4.44993626,0.11922549,4.48979656,0,ceq,SVCH
0.016,0.142510267,1194.280104,-4.60852912,0.11613447,4.51261289,0,ceq,SVCH
0.016,0.180472177,1101.625095,-4.76855645,0.11352329,4.53236479,0,ceq,SVCH
0.016,0.228546386,1019.433052,-4.92025088,0.11132466,4.5493519,0,ceq,SVCH
0.016,0.289426612,945.2173345,-5.06635268,0.10944565,4.56413765,0,ceq,SVCH
0.016,0.366524124,872.6695244,-5.2181296,0.10781286,4.57719349,0,ceq,SVCH
0.016,0.464158883,803.7128852,-5.37249324,0.10641388,4.58853808,0,ceq,SVCH
0.016,0.587801607,744.4714303,-5.51548952,0.10519499,4.59854449,0,ceq,SVCH
0.016,0.744380301,688.7799443,-5.65958633,0.10410816,4.60756483,0,ceq,SVCH
0.016,0.942668455,641.2196931,-5.79222551,0.1031102,4.61593099,0,ceq,SVCH
0.016,1.19377664,595.7266587,-5.92771521,0.10220627,4.62357922,0,ceq,SVCH
0.016,1.51177507,552.0852929,-6.06682657,0.10139115,4.63053415,0,ceq,SVCH
0.016,1.91448198,520.3647499,-6.17622928,0.10062369,4.63713379,0,ceq,SVCH
0.016,2.42446202,487.418775,-6.29625457,0.09988275,4.64355327,0,ceq,SVCH
0.016,3.07029063,454.1932705,-6.42495797,0.09919021,4.6495966,0,ceq,SVCH
0.016,3.88815518,425.7234426,-6.54308934,0.09854246,4.65528741,0,ceq,SVCH
0.016,4.92388263,398.5938975,-6.66290261,0.09792799,4.6607205,0,ceq,SVCH
0.016,6.23550734,378.2222892,-6.75936827,0.09732757,4.66606248,0,ceq,SVCH
0.016,7.89652287,357.0185327,-6.8649218,0.09673297,4.6713852,0,ceq,SVCH
0.016,10,340.2032407,-6.95402056,0.09614831,4.67665093,0,ceq,SVCH
0.017,0.001,2591.968774,-2.3522256,0.33117077,3.62876203,0,ceq,SVCH
0.017,0.00126638,2572.799341,-2.4290419,0.30767777,3.69267333,0,ceq,SVCH
0.017,0.001603719,2556.515758,-2.50158113,0.28664015,3.7541917,0,ceq,SVCH
0.017,0.002030918,2531.237721,-2.57971589,0.2672408,3.81506038,0,ceq,SVCH
0.017,0.002571914,2502.890321,-2.65545816,0.25049921,3.87125247,0,ceq,SVCH
0.017,0.003257021,2478.046097,-2.71969768,0.23733671,3.91813483,0,ceq,SVCH
0.017,0.004124626,2457.945149,-2.76776469,0.22824071,3.95207823,0,ceq,SVCH
0.017,0.005223345,2444.030589,-2.79903209,0.22268749,3.97347205,0,ceq,SVCH
0.017,0.006614741,2434.926143,-2.81861833,0.21935472,3.98656949,0,ceq,SVCH
0.017,0.008376776,2427.471386,-2.83424072,0.21676943,3.99686809,0,ceq,SVCH
0.017,0.010608184,2418.110344,-2.85310348,0.21375575,4.00902942,0,ceq,SVCH
0.017,0.013433993,2403.600286,-2.8816447,0.2093481,4.02712694,0,ceq,SVCH
0.017,0.017012543,2377.66577,-2.92983358,0.20239906,4.05644692,0,ceq,SVCH
0.017,0.021544347,2323.063438,-3.02569826,0.18986712,4.11196428,0,ceq,SVCH
0.017,0.027283334,2202.996908,-3.21679667,0.1694297,4.2108841,0,ceq,SVCH
0.017,0.034551073,2019.253438,-3.4659055,0.15139014,4.30867005,0,ceq,SVCH
0.017,0.043754794,1852.391092,-3.68316654,0.14008151,4.37610362,0,ceq,SVCH
0.017,0.055410203,1693.23141,-3.88923258,0.13224599,4.42609905,0,ceq,SVCH
0.017,0.070170383,1557.970696,-4.07248534,0.12649657,4.46470717,0,ceq,SVCH
0.017,0.088862382,1425.553985,-4.25793704,0.12203824,4.49587245,0,ceq,SVCH
0.017,0.112533558,1323.335644,-4.41252861,0.11853223,4.52119098,0,ceq,SVCH
0.017,0.142510267,1230.818316,-4.56066772,0.11553543,4.54343355,0,ceq,SVCH
0.017,0.180472177,1139.610684,-4.71410224,0.11294451,4.56313325,0,ceq,SVCH
0.017,0.228546386,1055.447269,-4.86439671,0.11075176,4.58016228,0,ceq,SVCH
0.017,0.289426612,978.7619958,-5.0103437,0.10886844,4.59505984,0,ceq,SVCH
0.017,0.366524124,908.2691658,-5.15349389,0.10721696,4.60833656,0,ceq,SVCH
0.017,0.464158883,838.5774315,-5.30393045,0.10577461,4.62010029,0,ceq,SVCH
0.017,0.587801607,776.4244095,-5.44802927,0.10452496,4.63042331,0,ceq,SVCH
0.017,0.744380301,718.057209,-5.59313099,0.1034097,4.63974084,0,ceq,SVCH
0.017,0.942668455,667.0671446,-5.72957678,0.10240187,4.64824737,0,ceq,SVCH
0.017,1.19377664,620.751779,-5.86239708,0.10147978,4.65610417,0,ceq,SVCH
0.017,1.51177507,576.9254103,-5.99679947,0.1006425,4.66330031,0,ceq,SVCH
0.017,1.91448198,538.503325,-6.12317097,0.09987633,4.669938,0,ceq,SVCH
0.017,2.42446202,506.0856525,-6.23747932,0.09913895,4.67637457,0,ceq,SVCH
0.017,3.07029063,472.7626799,-6.36192873,0.09843961,4.68252336,0,ceq,SVCH
0.017,3.88815518,441.5501616,-6.48634795,0.09778934,4.68828016,0,ceq,SVCH
0.017,4.92388263,413.7999643,-6.60459981,0.09717302,4.69377173,0,ceq,SVCH
0.017,6.23550734,390.1198936,-6.71223499,0.09658513,4.69904264,0,ceq,SVCH
0.017,7.89652287,369.6211161,-6.81127699,0.09600007,4.70432005,0,ceq,SVCH
0.017,10,349.0287532,-6.91608028,0.09542655,4.70952472,0,ceq,SVCH
0.018,0.001,2615.843696,-2.31241504,0.34040149,3.62970672,0,ceq,SVCH
0.018,0.00126638,2597.692708,-2.38973901,0.31577451,3.69493383,0,ceq,SVCH
0.018,0.001603719,2580.934902,-2.46301287,0.29401293,3.75695565,0,ceq,SVCH
0.018,0.002030918,2562.477974,-2.53489662,0.27457368,3.81637028,0,ceq,SVCH
0.018,0.002571914,2536.364074,-2.6068792,0.25796968,3.87055015,0,ceq,SVCH
0.018,0.003257021,2515.516011,-2.66284262,0.24589351,3.91219461,0,ceq,SVCH
0.018,0.004124626,2502.20641,-2.69899866,0.23838628,3.93912493,0,ceq,SVCH
0.018,0.005223345,2493.730457,-2.72054332,0.23412519,3.95479138,0,ceq,SVCH
0.018,0.006614741,2487.799456,-2.7351754,0.23132053,3.96525946,0,ceq,SVCH
0.018,0.008376776,2481.445425,-2.75034129,0.22847979,3.97599271,0,ceq,SVCH
0.018,0.010608184,2471.816739,-2.77255926,0.22444683,3.99146015,0,ceq,SVCH
0.018,0.013433993,2454.737765,-2.80931051,0.21815048,4.01617576,0,ceq,SVCH
0.018,0.017012543,2419.303613,-2.88021605,0.20698108,4.06182544,0,ceq,SVCH
0.018,0.021544347,2331.665674,-3.03629572,0.18618537,4.15379603,0,ceq,SVCH
0.018,0.027283334,2179.836985,-3.26802793,0.16314037,4.26856627,0,ceq,SVCH
0.018,0.034551073,2021.920809,-3.47962086,0.14862398,4.34951101,0,ceq,SVCH
0.018,0.043754794,1870.338357,-3.67440015,0.13879708,4.40892818,0,ceq,SVCH
0.018,0.055410203,1729.464384,-3.85724342,0.13151625,4.45572887,0,ceq,SVCH
0.018,0.070170383,1593.566717,-4.03694108,0.1259525,4.49327395,0,ceq,SVCH
0.018,0.088862382,1468.009717,-4.21045603,0.1215488,4.52418619,0,ceq,SVCH
0.018,0.112533558,1361.511149,-4.36640674,0.11808234,4.54931777,0,ceq,SVCH
0.018,0.142510267,1269.261904,-4.51041372,0.11511366,4.57143394,0,ceq,SVCH
0.018,0.180472177,1181.080411,-4.65543582,0.1125038,4.59135323,0,ceq,SVCH
0.018,0.228546386,1092.171134,-4.80876971,0.1102741,4.60874047,0,ceq,SVCH
0.018,0.289426612,1014.088383,-4.95282923,0.108356,4.62398092,0,ceq,SVCH
0.018,0.366524124,942.7959375,-5.09303093,0.1066821,4.63750417,0,ceq,SVCH
0.018,0.464158883,873.4654077,-5.23785954,0.10519994,4.64965624,0,ceq,SVCH
0.018,0.587801607,808.4411718,-5.38299511,0.10390688,4.66039858,0,ceq,SVCH
0.018,0.744380301,749.5610665,-5.52402051,0.10275867,4.67005015,0,ceq,SVCH
0.018,0.942668455,692.0751008,-5.67137731,0.10172901,4.67879726,0,ceq,SVCH
0.018,1.19377664,645.1185518,-5.80145384,0.10079089,4.68684428,0,ceq,SVCH
0.018,1.51177507,601.0688413,-5.93173063,0.09993493,4.6942522,0,ceq,SVCH
0.018,1.91448198,558.1611736,-6.06722213,0.0991512,4.70109083,0,ceq,SVCH
0.018,2.42446202,523.8027118,-6.18402444,0.09841839,4.70753426,0,ceq,SVCH
0.018,3.07029063,490.5977817,-6.30402368,0.09771646,4.71375133,0,ceq,SVCH
0.018,3.88815518,457.7188171,-6.43038471,0.09705918,4.71961354,0,ceq,SVCH
0.018,4.92388263,428.9114415,-6.54885271,0.09644313,4.72514414,0,ceq,SVCH
0.018,6.23550734,401.0904229,-6.67064319,0.09585683,4.73044063,0,ceq,SVCH
0.018,7.89652287,381.115359,-6.76454664,0.09528672,4.73562199,0,ceq,SVCH
0.018,10,360.6693236,-6.86553472,0.09471978,4.74080534,0,ceq,SVCH
0.019,0.001,2636.381849,-2.27650145,0.34926546,3.63085746,0,ceq,SVCH
0.019,0.00126638,2620.519606,-2.3522034,0.32400162,3.69607563,0,ceq,SVCH
0.019,0.001603719,2603.339062,-2.42662912,0.30133766,3.75906106,0,ceq,SVCH
0.019,0.002030918,2588.836579,-2.49423888,0.28190329,3.81697028,0,ceq,SVCH
0.019,0.002571914,2569.920862,-2.55734868,0.2660213,3.86733772,0,ceq,SVCH
0.019,0.003257021,2551.825551,-2.60569787,0.25519942,3.90340991,0,ceq,SVCH
0.019,0.004124626,2541.049669,-2.63417968,0.24906109,3.92455673,0,ceq,SVCH
0.019,0.005223345,2535.045201,-2.65037439,0.24562265,3.93663206,0,ceq,SVCH
0.019,0.006614741,2530.239999,-2.66343981,0.24287775,3.94639367,0,ceq,SVCH
0.019,0.008376776,2523.915053,-2.6804988,0.23934473,3.95912119,0,ceq,SVCH
0.019,0.010608184,2514.029745,-2.70694272,0.23399882,3.97874102,0,ceq,SVCH
0.019,0.013433993,2494.776322,-2.75439947,0.22499053,4.01284015,0,ceq,SVCH
0.019,0.017012543,2443.106753,-2.86203836,0.20726428,4.08411929,0,ceq,SVCH
0.019,0.021544347,2323.481821,-3.07318622,0.17970341,4.2080552,0,ceq,SVCH
0.019,0.027283334,2185.919911,-3.27836368,0.16031634,4.30721451,0,ceq,SVCH
0.019,0.034551073,2043.196151,-3.4679921,0.1475083,4.37953715,0,ceq,SVCH
0.019,0.043754794,1898.327466,-3.65158484,0.1383238,4.43537564,0,ceq,SVCH
0.019,0.055410203,1777.830919,-3.81120126,0.13123688,4.48105708,0,ceq,SVCH
0.019,0.070170383,1635.646004,-3.99331565,0.12571649,4.51838462,0,ceq,SVCH
0.019,0.088862382,1512.76505,-4.16023832,0.12127319,4.54963925,0,ceq,SVCH
0.019,0.112533558,1402.139513,-4.31765127,0.11776566,4.57513158,0,ceq,SVCH
0.019,0.142510267,1307.500222,-4.46135976,0.11478143,4.59742538,0,ceq,SVCH
0.019,0.180472177,1222.261222,-4.59858093,0.11215358,4.61754187,0,ceq,SVCH
0.019,0.228546386,1133.332214,-4.74776901,0.10985635,4.63551792,0,ceq,SVCH
0.019,0.289426612,1051.562915,-4.89349992,0.10789778,4.65114329,0,ceq,SVCH
0.019,0.366524124,976.8266934,-5.03545252,0.10618738,4.66502239,0,ceq,SVCH
0.019,0.464158883,907.3083618,-5.1762162,0.10466928,4.67752981,0,ceq,SVCH
0.019,0.587801607,841.1873317,-5.31884577,0.10333218,4.68869711,0,ceq,SVCH
0.019,0.744380301,780.0785673,-5.4598354,0.1021507,4.69868536,0,ceq,SVCH
0.019,0.942668455,720.4234574,-5.60713021,0.10108682,4.70777896,0,ceq,SVCH
0.019,1.19377664,668.8931141,-5.74427925,0.10013386,4.71600603,0,ceq,SVCH
0.019,1.51177507,623.9464396,-5.87270424,0.09926159,4.72360544,0,ceq,SVCH
0.019,1.91448198,581.065653,-6.00342676,0.09845935,4.73065394,0,ceq,SVCH
0.019,2.42446202,541.0535731,-6.13390981,0.09772045,4.73719695,0,ceq,SVCH
0.019,3.07029063,507.6975694,-6.25072523,0.0970183,4.74346048,0,ceq,SVCH
0.019,3.88815518,474.5457376,-6.3739812,0.09635533,4.74941637,0,ceq,SVCH
0.019,4.92388263,443.3107586,-6.49785374,0.09573657,4.75501213,0,ceq,SVCH
0.019,6.23550734,415.4739272,-6.61585557,0.09514886,4.76036068,0,ceq,SVCH
0.019,7.89652287,391.5785033,-6.72387747,0.0945902,4.76547556,0,ceq,SVCH
0.019,10,371.958069,-6.81829617,0.09403498,4.77058895,0,ceq,SVCH
0.02,0.001,2655.19841,-2.24320136,0.3577963,3.63217498,0,ceq,SVCH
0.02,0.00126638,2641.787875,-2.31671772,0.33209966,3.69691002,0,ceq,SVCH
0.02,0.001603719,2624.128381,-2.39159664,0.30878132,3.76014504,0,ceq,SVCH
0.02,0.002030918,2610.553224,-2.45719886,0.28931193,3.81671304,0,ceq,SVCH
0.02,0.002571914,2599.249817,-2.51028411,0.27452585,3.86227929,0,ceq,SVCH
0.02,0.003257021,2587.920338,-2.54802991,0.26516195,3.89242254,0,ceq,SVCH
0.02,0.004124626,2579.950277,-2.57023354,0.26006441,3.9092829,0,ceq,SVCH
0.02,0.005223345,2574.689494,-2.58420678,0.2569663,3.9196926,0,ceq,SVCH
0.02,0.006614741,2569.213273,-2.59847168,0.25386089,3.93025371,0,ceq,SVCH
0.02,0.008376776,2561.188272,-2.61932743,0.24939267,3.94567806,0,ceq,SVCH
0.02,0.010608184,2548.552244,-2.6530249,0.2422879,3.97078174,0,ceq,SVCH
0.02,0.013433993,2523.322746,-2.71895338,0.22909319,4.01942065,0,ceq,SVCH
0.02,0.017012543,2448.43546,-2.87852001,0.20248151,4.12667364,0,ceq,SVCH
0.02,0.021544347,2328.737825,-3.08661011,0.17614989,4.24767956,0,ceq,SVCH
0.02,0.027283334,2205.677316,-3.26927468,0.15911238,4.3360372,0,ceq,SVCH
0.02,0.034551073,2072.687388,-3.44502562,0.14717704,4.40376564,0,ceq,SVCH
0.02,0.043754794,1938.657709,-3.61558704,0.13823993,4.45817915,0,ceq,SVCH
0.02,0.055410203,1821.122647,-3.76931049,0.1312474,4.50326482,0,ceq,SVCH
0.02,0.070170383,1679.831585,-3.94732628,0.12567164,4.54097122,0,ceq,SVCH
0.02,0.088862382,1558.634059,-4.10926223,0.1211475,4.57281643,0,ceq,SVCH
0.02,0.112533558,1448.465648,-4.26276877,0.11754993,4.59899991,0,ceq,SVCH
0.02,0.142510267,1350.136092,-4.40763278,0.11451552,4.62171576,0,ceq,SVCH
0.02,0.180472177,1260.897135,-4.54674601,0.11186656,4.64204446,0,ceq,SVCH
0.02,0.228546386,1176.513354,-4.68562163,0.10950187,4.66060138,0,ceq,SVCH
0.02,0.289426612,1087.817881,-4.83800022,0.10747953,4.6767929,0,ceq,SVCH
0.02,0.366524124,1011.129235,-4.97929419,0.105726,4.69108116,0,ceq,SVCH
0.02,0.464158883,940.1855437,-5.11851554,0.10417364,4.70392907,0,ceq,SVCH
0.02,0.587801607,872.8440096,-5.25918307,0.10279687,4.71548487,0,ceq,SVCH
0.02,0.744380301,810.1313896,-5.399038,0.10157968,4.72583092,0,ceq,SVCH
0.02,0.942668455,750.1986143,-5.54199385,0.10048276,4.7352613,0,ceq,SVCH
0.02,1.19377664,691.9831468,-5.69081358,0.09950341,4.74376842,0,ceq,SVCH
0.02,1.51177507,646.1951175,-5.81749357,0.09861649,4.75154521,0,ceq,SVCH
0.02,1.91448198,603.0771887,-5.94467987,0.09779903,4.75877514,0,ceq,SVCH
0.02,2.42446202,560.060787,-6.07997303,0.0970433,4.76551316,0,ceq,SVCH
0.02,3.07029063,524.3096246,-6.20088407,0.09634122,4.77181993,0,ceq,SVCH
0.02,3.88815518,490.6702285,-6.32209402,0.09567533,4.77784433,0,ceq,SVCH
0.02,4.92388263,458.1252108,-6.44698621,0.09505105,4.78353035,0,ceq,SVCH
0.02,6.23550734,429.2823477,-6.56535166,0.09446391,4.78891239,0,ceq,SVCH
0.02,7.89652287,401.5388166,-6.68653845,0.093906,4.79405751,0,ceq,SVCH
0.02,10,382.423723,-6.77628877,0.09336698,4.79905759,0,ceq,SVCH
0.021,0.001,2672.818061,-2.21214344,0.36595015,3.63379277,0,ceq,SVCH
0.021,0.00126638,2660.78437,-2.28521746,0.33946839,3.69903794,0,ceq,SVCH
0.021,0.001603719,2644.459998,-2.36126868,0.31486238,3.76439395,0,ceq,SVCH
0.021,0.002030918,2628.314929,-2.43132578,0.29403743,3.82382936,0,ceq,SVCH
0.021,0.002571914,2618.650404,-2.4812048,0.2796823,3.86730589,0,ceq,SVCH
0.021,0.003257021,2612.567608,-2.50956936,0.27196233,3.89161648,0,ceq,SVCH
0.021,0.004124626,2609.114102,-2.5231549,0.26844418,3.90292592,0,ceq,SVCH
0.021,0.005223345,2606.441871,-2.53298242,0.26597812,3.91094222,0,ceq,SVCH
0.021,0.006614741,2602.826059,-2.54513506,0.26300865,3.92069381,0,ceq,SVCH
0.021,0.008376776,2596.476624,-2.56382733,0.25866464,3.93515985,0,ceq,SVCH
0.021,0.010608184,2583.473525,-2.59814624,0.25115565,3.96074794,0,ceq,SVCH
0.021,0.013433993,2555.723058,-2.67052123,0.2361247,4.01435087,0,ceq,SVCH
0.021,0.017012543,2475.666057,-2.8516685,0.20426986,4.14022678,0,ceq,SVCH
0.021,0.021544347,2363.064951,-3.05255919,0.17790829,4.26024278,0,ceq,SVCH
0.021,0.027283334,2247.09486,-3.22850888,0.16067098,4.34876048,0,ceq,SVCH
0.021,0.034551073,2120.387277,-3.3983019,0.14840569,4.41773321,0,ceq,SVCH
0.021,0.043754794,1995.626727,-3.55977106,0.13911807,4.47386805,0,ceq,SVCH
0.021,0.055410203,1864.656598,-3.72424738,0.13185837,4.5204201,0,ceq,SVCH
0.021,0.070170383,1738.809829,-3.88491145,0.12603051,4.55968351,0,ceq,SVCH
0.021,0.088862382,1610.131926,-4.05156004,0.12132012,4.59276923,0,ceq,SVCH
0.021,0.112533558,1497.004124,-4.20561043,0.11753834,4.62027559,0,ceq,SVCH
0.021,0.142510267,1395.105429,-4.35163818,0.11439278,4.64383722,0,ceq,SVCH
0.021,0.180472177,1299.419798,-4.49599596,0.11166872,4.66477131,0,ceq,SVCH
0.021,0.228546386,1218.839945,-4.62624679,0.10924601,4.68382259,0,ceq,SVCH
0.021,0.289426612,1129.003974,-4.77632007,0.10712213,4.70087513,0,ceq,SVCH
0.021,0.366524124,1047.510469,-4.92125886,0.10531452,4.71565772,0,ceq,SVCH
0.021,0.464158883,972.9986333,-5.06269502,0.10371933,4.72891448,0,ceq,SVCH
0.021,0.587801607,903.946843,-5.20251028,0.10230129,4.74087154,0,ceq,SVCH
0.021,0.744380301,840.5719212,-5.33952693,0.10104648,4.75159151,0,ceq,SVCH
0.021,0.942668455,779.2284103,-5.48091052,0.0999167,4.76135739,0,ceq,SVCH
0.021,1.19377664,718.1892406,-5.63148145,0.09890066,4.7702352,0,ceq,SVCH
0.021,1.51177507,667.8982861,-5.76557138,0.09799894,4.77819081,0,ceq,SVCH
0.021,1.91448198,624.1499525,-5.89064963,0.0971685,4.78558252,0,ceq,SVCH
0.021,2.42446202,581.0511763,-6.02186656,0.09639694,4.79250702,0,ceq,SVCH
0.021,3.07029063,540.570542,-6.15374738,0.09568697,4.79892793,0,ceq,SVCH
0.021,3.88815518,506.400337,-6.27326715,0.09501852,4.80501704,0,ceq,SVCH
0.021,4.92388263,473.4700841,-6.39583822,0.09438989,4.81078261,0,ceq,SVCH
0.021,6.23550734,442.5323159,-6.51865571,0.09380071,4.81622131,0,ceq,SVCH
0.021,7.89652287,414.9008025,-6.63585543,0.09324215,4.82140892,0,ceq,SVCH
0.021,10,392.0962166,-6.73896154,0.09271538,4.82632996,0,ceq,SVCH
0.022,0.001,2689.662248,-2.18190432,0.3741761,3.63468729,0,ceq,SVCH
0.022,0.00126638,2678.546343,-2.25454274,0.34702524,3.70011737,0,ceq,SVCH
0.022,0.001603719,2664.954264,-2.32766267,0.32227083,3.76439687,0,ceq,SVCH
0.022,0.002030918,2648.991792,-2.39440188,0.30204022,3.82070877,0,ceq,SVCH
0.022,0.002571914,2639.461278,-2.43802808,0.28932113,3.85807686,0,ceq,SVCH
0.022,0.003257021,2635.36174,-2.45963722,0.28308587,3.87700131,0,ceq,SVCH
0.022,0.004124626,2633.400275,-2.47040587,0.28002493,3.88644421,0,ceq,SVCH
0.022,0.005223345,2631.557339,-2.47980616,0.27739242,3.89464793,0,ceq,SVCH
0.022,0.006614741,2628.901923,-2.49285594,0.27380913,3.90594162,0,ceq,SVCH
0.022,0.008376776,2624.034192,-2.51425296,0.26813372,3.92413406,0,ceq,SVCH
0.022,0.010608184,2611.975944,-2.55644877,0.25778278,3.95832971,0,ceq,SVCH
0.022,0.013433993,2569.838197,-2.66694703,0.23449755,4.04056033,0,ceq,SVCH
0.022,0.017012543,2479.247706,-2.86980283,0.19947318,4.18106872,0,ceq,SVCH
0.022,0.021544347,2378.152831,-3.04888019,0.17640078,4.28783851,0,ceq,SVCH
0.022,0.027283334,2271.932653,-3.21085771,0.16040351,4.3704107,0,ceq,SVCH
0.022,0.034551073,2154.57094,-3.36944229,0.14859023,4.4368586,0,ceq,SVCH
0.022,0.043754794,2033.638725,-3.5253628,0.13938028,4.49243612,0,ceq,SVCH
0.022,0.055410203,1900.206141,-3.690136,0.13205732,4.539314,0,ceq,SVCH
0.022,0.070170383,1792.783968,-3.83069721,0.12618919,4.57879373,0,ceq,SVCH
0.022,0.088862382,1656.444736,-4.00188329,0.12137651,4.61256902,0,ceq,SVCH
0.022,0.112533558,1541.779558,-4.15498788,0.11745966,4.64106049,0,ceq,SVCH
0.022,0.142510267,1438.688299,-4.29942547,0.11423226,4.66525941,0,ceq,SVCH
0.022,0.180472177,1341.694692,-4.44217185,0.11143874,4.68676515,0,ceq,SVCH
0.022,0.228546386,1254.95197,-4.57761549,0.10898566,4.70609904,0,ceq,SVCH
0.022,0.289426612,1171.631626,-4.71468885,0.10678534,4.72381442,0,ceq,SVCH
0.022,0.366524124,1081.571806,-4.86901421,0.1049115,4.73919133,0,ceq,SVCH
0.022,0.464158883,1004.829052,-5.01051142,0.10327713,4.75282916,0,ceq,SVCH
0.022,0.587801607,934.5317116,-5.14880313,0.10182418,4.76513547,0,ceq,SVCH
0.022,0.744380301,869.5328339,-5.28509632,0.10053603,4.7761939,0,ceq,SVCH
0.022,0.942668455,807.3450788,-5.42407386,0.09937545,4.78627887,0,ceq,SVCH
0.022,1.19377664,745.6953833,-5.57125885,0.09832635,4.7954972,0,ceq,SVCH
0.022,1.51177507,688.7307262,-5.71750703,0.09740191,4.80370199,0,ceq,SVCH
0.022,1.91448198,644.4270377,-5.84054709,0.09656105,4.81123295,0,ceq,SVCH
0.022,2.42446202,601.2668816,-5.96806628,0.09577718,4.81831287,0,ceq,SVCH
0.022,3.07029063,558.0244439,-6.10431656,0.09505204,4.824914,0,ceq,SVCH
0.022,3.88815518,521.978368,-6.22646608,0.09438142,4.83106392,0,ceq,SVCH
0.022,4.92388263,488.2540951,-6.3483258,0.09374946,4.83689939,0,ceq,SVCH
0.022,6.23550734,456.0423504,-6.47241447,0.09315609,4.84241438,0,ceq,SVCH
0.022,7.89652287,427.8465917,-6.58848207,0.09259905,4.84762383,0,ceq,SVCH
0.022,10,401.4188932,-6.70416344,0.09207545,4.85254921,0,ceq,SVCH
0.023,0.001,2704.961111,-2.15321821,0.38237368,3.63516622,0,ceq,SVCH
0.023,0.00126638,2695.32319,-2.22513332,0.35451578,3.70087174,0,ceq,SVCH
0.023,0.001603719,2683.745915,-2.295261,0.32984974,3.76351265,0,ceq,SVCH
0.023,0.002030918,2670.78301,-2.35571118,0.31066559,3.81555805,0,ceq,SVCH
0.023,0.002571914,2661.331443,-2.3940174,0.29937509,3.84771123,0,ceq,SVCH
0.023,0.003257021,2657.153536,-2.41205256,0.2941461,3.86301655,0,ceq,SVCH
0.023,0.004124626,2655.049246,-2.42188091,0.29130021,3.87146116,0,ceq,SVCH
0.023,0.005223345,2652.897414,-2.43233568,0.28828178,3.88050835,0,ceq,SVCH
0.023,0.006614741,2649.93952,-2.44752416,0.2839161,3.89376246,0,ceq,SVCH
0.023,0.008376776,2645.144316,-2.47290809,0.27673601,3.91601108,0,ceq,SVCH
0.023,0.010608184,2633.409424,-2.52611784,0.26261724,3.96149604,0,ceq,SVCH
0.023,0.013433993,2577.138206,-2.67985486,0.22973263,4.07769673,0,ceq,SVCH
0.023,0.017012543,2491.198061,-2.87097259,0.1972927,4.2099208,0,ceq,SVCH
0.023,0.021544347,2398.798746,-3.03555418,0.17606344,4.30880569,0,ceq,SVCH
0.023,0.027283334,2300.906037,-3.18697305,0.16074704,4.38785862,0,ceq,SVCH
0.023,0.034551073,2190.615534,-3.33751008,0.14912054,4.45306917,0,ceq,SVCH
0.023,0.043754794,2072.305961,-3.48957795,0.13987275,4.5086772,0,ceq,SVCH
0.023,0.055410203,1946.787709,-3.64572341,0.13241357,4.55627914,0,ceq,SVCH
0.023,0.070170383,1833.745684,-3.78945144,0.12648054,4.59609543,0,ceq,SVCH
0.023,0.088862382,1703.362051,-3.95227449,0.12152705,4.63079736,0,ceq,SVCH
0.023,0.112533558,1586.602383,-4.10519479,0.11746086,4.66035649,0,ceq,SVCH
0.023,0.142510267,1480.814863,-4.2500068,0.1141361,4.68529716,0,ceq,SVCH
0.023,0.180472177,1384.125378,-4.38947738,0.11126013,4.70746359,0,ceq,SVCH
0.023,0.228546386,1288.835043,-4.53319106,0.10874963,4.72728651,0,ceq,SVCH
0.023,0.289426612,1211.931154,-4.65824234,0.10650174,4.74542906,0,ceq,SVCH
0.023,0.366524124,1118.310659,-4.8140834,0.1045374,4.76159905,0,ceq,SVCH
0.023,0.464158883,1038.315603,-4.95706001,0.10286092,4.77564184,0,ceq,SVCH
0.023,0.587801607,964.6047055,-5.09762364,0.10137153,4.78831039,0,ceq,SVCH
0.023,0.744380301,897.3019135,-5.23468459,0.10005032,4.79970552,0,ceq,SVCH
0.023,0.942668455,835.380409,-5.36925128,0.09886182,4.8100849,0,ceq,SVCH
0.023,1.19377664,772.5534757,-5.51458856,0.09778332,4.81961251,0,ceq,SVCH
0.023,1.51177507,711.2020912,-5.66688511,0.09682671,4.82815172,0,ceq,SVCH
0.023,1.91448198,664.0235159,-5.79378384,0.09597688,4.83580882,0,ceq,SVCH
0.023,2.42446202,620.8135442,-5.91788691,0.09518297,4.8430236,0,ceq,SVCH
0.023,3.07029063,577.3792092,-6.05065257,0.09444352,4.84979776,0,ceq,SVCH
0.023,3.88815518,537.354653,-6.18170818,0.09376481,4.85606234,0,ceq,SVCH
0.023,4.92388263,502.6077616,-6.30374041,0.09312918,4.86197053,0,ceq,SVCH
0.023,6.23550734,470.2166481,-6.4250526,0.09253267,4.86755185,0,ceq,SVCH
0.023,7.89652287,440.3889244,-6.54416089,0.09197589,4.8727941,0,ceq,SVCH
0.023,10,414.2668586,-6.65532929,0.09145215,4.87775421,0,ceq,SVCH
0.024,0.001,2718.265356,-2.12654649,0.39044857,3.63550012,0,ceq,SVCH
0.024,0.00126638,2709.932217,-2.19748947,0.36205025,3.70108963,0,ceq,SVCH
0.024,0.001603719,2700.980842,-2.26393736,0.33760321,3.76181247,0,ceq,SVCH
0.024,0.002030918,2691.459518,-2.31735579,0.31972259,3.80908125,0,ceq,SVCH
0.024,0.002571914,2684.378882,-2.34934499,0.30978735,3.83649864,0,ceq,SVCH
0.024,0.003257021,2680.722218,-2.36458474,0.30523857,3.84934739,0,ceq,SVCH
0.024,0.004124626,2678.199154,-2.37455312,0.30231455,3.85770755,0,ceq,SVCH
0.024,0.005223345,2675.191397,-2.38684667,0.29874044,3.86803778,0,ceq,SVCH
0.024,0.006614741,2670.711771,-2.40561143,0.29333895,3.88388647,0,ceq,SVCH
0.024,0.008376776,2663.764427,-2.43786268,0.28411601,3.91163442,0,ceq,SVCH
0.024,0.010608184,2649.767662,-2.50884123,0.26459398,3.9734657,0,ceq,SVCH
0.024,0.013433993,2584.443428,-2.6917876,0.22532099,4.11302388,0,ceq,SVCH
0.024,0.017012543,2506.10014,-2.86549708,0.19619254,4.23326106,0,ceq,SVCH
0.024,0.021544347,2420.308408,-3.01927694,0.17621614,4.32653671,0,ceq,SVCH
0.024,0.027283334,2329.026142,-3.1625778,0.16135532,4.40306117,0,ceq,SVCH
0.024,0.034551073,2225.966618,-3.30575549,0.14979867,4.46761139,0,ceq,SVCH
0.024,0.043754794,2110.956096,-3.45370319,0.14047761,4.52341183,0,ceq,SVCH
0.024,0.055410203,1993.672988,-3.60131028,0.13288391,4.57168279,0,ceq,SVCH
0.024,0.070170383,1871.779548,-3.75146056,0.12682019,4.61224992,0,ceq,SVCH
0.024,0.088862382,1757.509025,-3.89635786,0.12174549,4.64772076,0,ceq,SVCH
0.024,0.112533558,1631.886042,-4.05583695,0.11752562,4.6783608,0,ceq,SVCH
0.024,0.142510267,1522.945872,-4.20172057,0.11407772,4.70422486,0,ceq,SVCH
0.024,0.180472177,1425.840662,-4.33897204,0.11112473,4.72700504,0,ceq,SVCH
0.024,0.228546386,1327.682829,-4.48336365,0.10853426,4.74749266,0,ceq,SVCH
0.024,0.289426612,1245.251988,-4.61312685,0.10625386,4.76593655,0,ceq,SVCH
0.024,0.366524124,1160.13114,-4.75307863,0.10420388,4.78285793,0,ceq,SVCH
0.024,0.464158883,1070.768935,-4.90688276,0.10247015,4.79743137,0,ceq,SVCH
0.024,0.587801607,994.2160261,-5.04879172,0.10094156,4.81048565,0,ceq,SVCH
0.024,0.744380301,925.1636725,-5.18559401,0.09958571,4.82223163,0,ceq,SVCH
0.024,0.942668455,862.1046791,-5.31884673,0.09837432,4.83286217,0,ceq,SVCH
0.024,1.19377664,798.6844493,-5.46141826,0.09726777,4.84268765,0,ceq,SVCH
0.024,1.51177507,736.3251242,-5.61152836,0.09627838,4.85156796,0,ceq,SVCH
0.024,1.91448198,682.9892395,-5.74998643,0.09541206,4.85941891,0,ceq,SVCH
0.024,2.42446202,639.6465598,-5.87122775,0.09461009,4.86675054,0,ceq,SVCH
0.024,3.07029063,596.0477464,-6.00077543,0.09385928,4.87367105,0,ceq,SVCH
0.024,3.88815518,552.9607561,-6.13754058,0.0931674,4.88009752,0,ceq,SVCH
0.024,4.92388263,517.2537926,-6.25946878,0.09252824,4.88607685,0,ceq,SVCH
0.024,6.23550734,483.9389493,-6.38078557,0.09192977,4.89171312,0,ceq,SVCH
0.024,7.89652287,452.8364663,-6.50146768,0.09137089,4.89700975,0,ceq,SVCH
0.024,10,426.8412267,-6.60913521,0.09084894,4.90198571,0,ceq,SVCH
0.025,0.001,2731.104591,-2.10094204,0.39836337,3.63579854,0,ceq,SVCH
0.025,0.00126638,2723.339329,-2.1709956,0.36959221,3.70091169,0,ceq,SVCH
0.025,0.001603719,2715.373516,-2.23457465,0.34552534,3.75939682,0,ceq,SVCH
0.025,0.002030918,2708.803188,-2.28146117,0.32896147,3.80206435,0,ceq,SVCH
0.025,0.002571914,2704.68899,-2.30719366,0.32033233,3.82515324,0,ceq,SVCH
0.025,0.003257021,2702.490069,-2.3196781,0.31627376,3.83622868,0,ceq,SVCH
0.025,0.004124626,2700.607706,-2.32959159,0.31311162,3.84495637,0,ceq,SVCH
0.025,0.005223345,2697.669038,-2.34317051,0.30893064,3.8566328,0,ceq,SVCH
0.025,0.006614741,2692.397923,-2.36528743,0.30234796,3.8753408,0,ceq,SVCH
0.025,0.008376776,2682.21986,-2.40668354,0.2904667,3.91016186,0,ceq,SVCH
0.025,0.010608184,2662.797067,-2.50376315,0.26355522,3.99461116,0,ceq,SVCH
0.025,0.013433993,2595.373271,-2.69387488,0.22289235,4.14016471,0,ceq,SVCH
0.025,0.017012543,2522.974318,-2.85485157,0.19595972,4.25202128,0,ceq,SVCH
0.025,0.021544347,2443.166987,-3.00008514,0.17679894,4.34139729,0,ceq,SVCH
0.025,0.027283334,2357.701339,-3.13676031,0.16220786,4.4162124,0,ceq,SVCH
0.025,0.034551073,2261.541106,-3.27343471,0.15062459,4.48056437,0,ceq,SVCH
0.025,0.043754794,2150.416122,-3.41710384,0.14119913,4.53669247,0,ceq,SVCH
0.025,0.055410203,2035.313033,-3.56162193,0.1334597,4.58565421,0,ceq,SVCH
0.025,0.070170383,1911.549257,-3.7122941,0.12720706,4.6273318,0,ceq,SVCH
0.025,0.088862382,1807.742188,-3.84530991,0.12204114,4.6633424,0,ceq,SVCH
0.025,0.112533558,1676.953021,-4.00754255,0.11765664,4.69512251,0,ceq,SVCH
0.025,0.142510267,1565.894127,-4.15349559,0.11406451,4.72205422,0,ceq,SVCH
0.025,0.180472177,1465.476858,-4.29206862,0.11102829,4.74548746,0,ceq,SVCH
0.025,0.228546386,1369.52546,-4.43090533,0.10835475,4.76665923,0,ceq,SVCH
0.025,0.289426612,1276.716911,-4.57167467,0.10602579,4.78553203,0,ceq,SVCH
0.025,0.366524124,1201.434537,-4.69465027,0.10392161,4.80294325,0,ceq,SVCH
0.025,0.464158883,1103.196827,-4.85820504,0.10210174,4.8182885,0,ceq,SVCH
0.025,0.587801607,1025.180236,-4.99905436,0.10053481,4.83172184,0,ceq,SVCH
0.025,0.744380301,952.8697184,-5.13820401,0.0991447,4.84381555,0,ceq,SVCH
0.025,0.942668455,887.4692562,-5.27260822,0.09790747,4.85472274,0,ceq,SVCH
0.025,1.19377664,825.0646921,-5.40935694,0.09677726,4.86480763,0,ceq,SVCH
0.025,1.51177507,761.1957405,-5.55850955,0.09575758,4.87400794,0,ceq,SVCH
0.025,1.91448198,701.7972399,-5.70777492,0.09486553,4.88213739,0,ceq,SVCH
0.025,2.42446202,657.8705165,-5.8274841,0.09405722,4.88957,0,ceq,SVCH
0.025,3.07029063,614.2361297,-5.95378853,0.09329669,4.89662181,0,ceq,SVCH
0.025,3.88815518,570.6371119,-6.08827451,0.09259156,4.90321139,0,ceq,SVCH
0.025,4.92388263,531.6800029,-6.21718288,0.09194631,4.90928564,0,ceq,SVCH
0.025,6.23550734,497.201903,-6.3393283,0.09134565,4.9149785,0,ceq,SVCH
0.025,7.89652287,466.3248855,-6.45605548,0.09078486,4.92032735,0,ceq,SVCH
0.025,10,439.0936714,-6.56559702,0.09026391,4.92532595,0,ceq,SVCH
0.026,0.001,2743.553176,-2.07623415,0.40614977,3.63601827,0,ceq,SVCH
0.026,0.00126638,2736.307324,-2.14521606,0.37713348,3.7003999,0,ceq,SVCH
0.026,0.001603719,2729.152283,-2.20568422,0.35360811,3.75634606,0,ceq,SVCH
0.026,0.002030918,2723.80927,-2.24731868,0.33838519,3.79456601,0,ceq,SVCH
0.026,0.002571914,2720.815578,-2.26891757,0.33079749,3.8142632,0,ceq,SVCH
0.026,0.003257021,2719.288751,-2.27971791,0.32708223,3.82407432,0,ceq,SVCH
0.026,0.004124626,2717.754287,-2.28988246,0.32364323,3.83325513,0,ceq,SVCH
0.026,0.005223345,2715.441528,-2.30451735,0.31877619,3.84641645,0,ceq,SVCH
0.026,0.006614741,2711.084701,-2.3290888,0.3108795,3.86820394,0,ceq,SVCH
0.026,0.008376776,2700.34394,-2.37958001,0.29566171,3.91179762,0,ceq,SVCH
0.026,0.010608184,2672.319206,-2.50875668,0.26017406,4.02285962,0,ceq,SVCH
0.026,0.013433993,2607.66211,-2.6902798,0.22170954,4.16182178,0,ceq,SVCH
0.026,0.017012543,2541.241976,-2.84088393,0.19628693,4.26760577,0,ceq,SVCH
0.026,0.021544347,2466.583691,-2.97927026,0.17766763,4.354171,0,ceq,SVCH
0.026,0.027283334,2386.273607,-3.11035967,0.16322917,4.42779393,0,ceq,SVCH
0.026,0.034551073,2297.197731,-3.24080411,0.151577,4.49212322,0,ceq,SVCH
0.026,0.043754794,2188.696177,-3.38149451,0.14200645,4.54877377,0,ceq,SVCH
0.026,0.055410203,2075.72624,-3.52321313,0.13411744,4.59841774,0,ceq,SVCH
0.026,0.070170383,1958.12676,-3.6673659,0.12766475,4.64124722,0,ceq,SVCH
0.026,0.088862382,1846.742122,-3.80581445,0.12237894,4.67797539,0,ceq,SVCH
0.026,0.112533558,1724.730725,-3.95738876,0.11783802,4.71081679,0,ceq,SVCH
0.026,0.142510267,1608.17521,-4.10699312,0.11409387,4.73886388,0,ceq,SVCH
0.026,0.180472177,1503.214304,-4.24842109,0.11096265,4.76303495,0,ceq,SVCH
0.026,0.228546386,1410.206283,-4.38115944,0.10821534,4.78481089,0,ceq,SVCH
0.026,0.289426612,1308.889928,-4.53022169,0.10580787,4.80435226,0,ceq,SVCH
0.026,0.366524124,1233.245938,-4.65130135,0.1036749,4.82204119,0,ceq,SVCH
0.026,0.464158883,1143.091417,-4.7993801,0.10176302,4.8382083,0,ceq,SVCH
0.026,0.587801607,1055.702106,-4.95138106,0.1001492,4.85209268,0,ceq,SVCH
0.026,0.744380301,980.2345548,-5.09269626,0.09872474,4.86453603,0,ceq,SVCH
0.026,0.942668455,912.7241612,-5.22787025,0.09745934,4.87574099,0,ceq,SVCH
0.026,1.19377664,850.3285489,-5.36116556,0.09631015,4.88604363,0,ceq,SVCH
0.026,1.51177507,785.6584014,-5.5080828,0.09526241,4.89554456,0,ceq,SVCH
0.026,1.91448198,724.5597651,-5.65716789,0.09434018,4.90399424,0,ceq,SVCH
0.026,2.42446202,675.4830886,-5.7865569,0.09352284,4.91155227,0,ceq,SVCH
0.026,3.07029063,631.9100157,-5.90956178,0.09275483,4.91871448,0,ceq,SVCH
0.026,3.88815518,587.8089313,-6.04196093,0.09203832,4.9254502,0,ceq,SVCH
0.026,4.92388263,545.9247292,-6.17657302,0.09138323,4.93165458,0,ceq,SVCH
0.026,6.23550734,510.9657849,-6.29729794,0.09077937,4.93741322,0,ceq,SVCH
0.026,7.89652287,479.5572239,-6.41288554,0.09021808,4.94280038,0,ceq,SVCH
0.026,10,451.131921,-6.5241072,0.08969483,4.94785272,0,ceq,SVCH
0.027,0.001,2755.603039,-2.0523075,0.41384905,3.63609711,0,ceq,SVCH
0.027,0.00126638,2748.820842,-2.11992105,0.38473441,3.69945646,0,ceq,SVCH
0.027,0.001603719,2742.530111,-2.17720138,0.36185021,3.75272243,0,ceq,SVCH
0.027,0.002030918,2738.087993,-2.2141616,0.34790026,3.78686937,0,ceq,SVCH
0.027,0.002571914,2735.787092,-2.23243385,0.34123076,3.803682,0,ceq,SVCH
0.027,0.003257021,2734.448649,-2.24251085,0.33762177,3.81291713,0,ceq,SVCH
0.027,0.004124626,2733.026218,-2.25318913,0.33384102,3.8226992,0,ceq,SVCH
0.027,0.005223345,2730.843915,-2.26917213,0.32827713,3.83729738,0,ceq,SVCH
0.027,0.006614741,2726.798973,-2.29683933,0.31893175,3.8623831,0,ceq,SVCH
0.027,0.008376776,2715.377005,-2.3580889,0.29972286,3.91633847,0,ceq,SVCH
0.027,0.010608184,2681.847176,-2.51207028,0.25735241,4.0487247,0,ceq,SVCH
0.027,0.013433993,2621.098038,-2.68198424,0.2215515,4.17883101,0,ceq,SVCH
0.027,0.017012543,2560.486137,-2.82408265,0.19712029,4.28031663,0,ceq,SVCH
0.027,0.021544347,2490.344753,-2.95698905,0.17881565,4.36496913,0,ceq,SVCH
0.027,0.027283334,2414.126572,-3.08394533,0.16441317,4.43790697,0,ceq,SVCH
0.027,0.034551073,2329.023734,-3.21064545,0.15267032,4.50227103,0,ceq,SVCH
0.027,0.043754794,2226.632118,-3.34614036,0.14291013,4.55965409,0,ceq,SVCH
0.027,0.055410203,2116.005662,-3.48500771,0.13486235,4.6099983,0,ceq,SVCH
0.027,0.070170383,2003.447222,-3.62392052,0.12820568,4.65396533,0,ceq,SVCH
0.027,0.088862382,1884.676909,-3.76789395,0.12274557,4.69176752,0,ceq,SVCH
0.027,0.112533558,1775.437693,-3.90523204,0.11808768,4.72537034,0,ceq,SVCH
0.027,0.142510267,1651.215152,-4.06054811,0.11416909,4.7546812,0,ceq,SVCH
0.027,0.180472177,1543.866802,-4.20237613,0.11092552,4.77971619,0,ceq,SVCH
0.027,0.228546386,1447.50819,-4.33663672,0.10811055,4.80204297,0,ceq,SVCH
0.027,0.289426612,1349.514391,-4.47871314,0.1056156,4.82232252,0,ceq,SVCH
0.027,0.366524124,1262.718073,-4.61221376,0.10344455,4.84036347,0,ceq,SVCH
0.027,0.464158883,1184.361831,-4.74029912,0.1014664,4.85713396,0,ceq,SVCH
0.027,0.587801607,1085.2426,-4.9066196,0.09978654,4.87163463,0,ceq,SVCH
0.027,0.744380301,1007.7754,-5.04809809,0.09832332,4.88446498,0,ceq,SVCH
0.027,0.942668455,938.4724699,-5.18336536,0.09702935,4.89597207,0,ceq,SVCH
0.027,1.19377664,874.4549901,-5.31664059,0.0958612,4.90649244,0,ceq,SVCH
0.027,1.51177507,809.9078401,-5.45959365,0.09478829,4.91626868,0,ceq,SVCH
0.027,1.91448198,746.9964184,-5.60882105,0.09383764,4.9250238,0,ceq,SVCH
0.027,2.42446202,692.3996861,-5.74841673,0.09300424,4.93277248,0,ceq,SVCH
0.027,3.07029063,648.9802131,-5.86817565,0.09223127,4.94002159,0,ceq,SVCH
0.027,3.88815518,604.5533201,-5.99823435,0.09150508,4.94688756,0,ceq,SVCH
0.027,4.92388263,561.5637283,-6.13269132,0.09083846,4.95323848,0,ceq,SVCH
0.027,6.23550734,524.8851541,-6.25589766,0.09023102,4.95906622,0,ceq,SVCH
0.027,7.89652287,492.4716207,-6.37204986,0.0896681,4.9645021,0,ceq,SVCH
0.027,10,464.4325347,-6.47900797,0.08914179,4.96961529,0,ceq,SVCH
0.028,0.001,2767.267307,-2.02914462,0.42146025,3.63606204,0,ceq,SVCH
0.028,0.00126638,2761.049917,-2.0952414,0.3923391,3.69825087,0,ceq,SVCH
0.028,0.001603719,2755.397469,-2.14904003,0.37028267,3.74850604,0,ceq,SVCH
0.028,0.002030918,2751.751636,-2.18182205,0.35751562,3.77898267,0,ceq,SVCH
0.028,0.002571914,2749.879519,-2.1976295,0.35154269,3.79361667,0,ceq,SVCH
0.028,0.003257021,2748.720966,-2.20733511,0.34793221,3.80258365,0,ceq,SVCH
0.028,0.004124626,2747.304519,-2.2188566,0.34370042,3.81321274,0,ceq,SVCH
0.028,0.005223345,2745.069475,-2.23654128,0.33732095,3.82948623,0,ceq,SVCH
0.028,0.006614741,2740.879904,-2.26831374,0.32620273,3.85859762,0,ceq,SVCH
0.028,0.008376776,2728.504477,-2.34364041,0.30182569,3.92606014,0,ceq,SVCH
0.028,0.010608184,2692.061391,-2.5116689,0.25551592,4.07073661,0,ceq,SVCH
0.028,0.013433993,2635.026972,-2.67174548,0.22181364,4.19359783,0,ceq,SVCH
0.028,0.017012543,2579.728988,-2.80660316,0.19814546,4.29160414,0,ceq,SVCH
0.028,0.021544347,2513.262369,-2.93509727,0.18005411,4.37476633,0,ceq,SVCH
0.028,0.027283334,2440.581965,-3.05853088,0.16564508,4.44721656,0,ceq,SVCH
0.028,0.034551073,2359.356772,-3.1816237,0.15382186,4.51153717,0,ceq,SVCH
0.028,0.043754794,2263.656121,-3.31161655,0.14387747,4.56958818,0,ceq,SVCH
0.028,0.055410203,2155.530097,-3.44771748,0.13566306,4.62064975,0,ceq,SVCH
0.028,0.070170383,2044.102978,-3.58498508,0.12880558,4.66570501,0,ceq,SVCH
0.028,0.088862382,1926.306704,-3.72715552,0.12314083,4.70476899,0,ceq,SVCH
0.028,0.112533558,1819.645109,-3.8603304,0.11838483,4.73898179,0,ceq,SVCH
0.028,0.142510267,1693.561277,-4.01562832,0.11429022,4.76955458,0,ceq,SVCH
0.028,0.180472177,1583.437262,-4.15847528,0.11091656,4.79557974,0,ceq,SVCH
0.028,0.228546386,1482.455496,-4.29586221,0.10802663,4.81851104,0,ceq,SVCH
0.028,0.289426612,1389.839932,-4.42883421,0.10545851,4.83940955,0,ceq,SVCH
0.028,0.366524124,1290.359978,-4.57646723,0.10322432,4.85800895,0,ceq,SVCH
0.028,0.464158883,1218.228552,-4.69347095,0.10121419,4.87509023,0,ceq,SVCH
0.028,0.587801607,1118.934591,-4.85651316,0.0994422,4.89043136,0,ceq,SVCH
0.028,0.744380301,1036.286117,-5.00300464,0.09794355,4.90362081,0,ceq,SVCH
0.028,0.942668455,963.8545525,-5.14070855,0.09661835,4.91545336,0,ceq,SVCH
0.028,1.19377664,897.4196148,-5.27553762,0.09542885,4.92621306,0,ceq,SVCH
0.028,1.51177507,834.0412226,-5.41276939,0.09433574,4.93621983,0,ceq,SVCH
0.028,1.91448198,769.2164224,-5.56236815,0.09335762,4.94527274,0,ceq,SVCH
0.028,2.42446202,711.0356383,-5.70698518,0.09250177,4.9532722,0,ceq,SVCH
0.028,3.07029063,665.4957657,-5.82930207,0.09172472,4.96059953,0,ceq,SVCH
0.028,3.88815518,621.1689009,-5.95600553,0.09099042,4.96758092,0,ceq,SVCH
0.028,4.92388263,577.5350569,-6.08903709,0.09031336,4.97406824,0,ceq,SVCH
0.028,6.23550734,538.7027111,-6.21587627,0.08969936,4.97999361,0,ceq,SVCH
0.028,7.89652287,505.5178506,-6.33182262,0.08913314,4.98549385,0,ceq,SVCH
0.028,10,477.4774497,-6.43611794,0.08860554,4.99065046,0,ceq,SVCH
0.029,0.001,2778.530558,-2.00667311,0.42899471,3.63591137,0,ceq,SVCH
0.029,0.00126638,2772.878087,-2.07100459,0.39999606,3.69670378,0,ceq,SVCH
0.029,0.001603719,2767.917031,-2.12128343,0.37886092,3.74385344,0,ceq,SVCH
0.029,0.002030918,2764.891745,-2.15029836,0.36721866,3.77096287,0,ceq,SVCH
0.029,0.002571914,2763.392927,-2.1640436,0.36184459,3.78376874,0,ceq,SVCH
0.029,0.003257021,2762.31448,-2.17367264,0.35813165,3.7927275,0,ceq,SVCH
0.029,0.004124626,2760.889358,-2.1861146,0.35339781,3.80428457,0,ceq,SVCH
0.029,0.005223345,2758.592936,-2.20570475,0.34609272,3.82242761,0,ceq,SVCH
0.029,0.006614741,2754.056894,-2.24228914,0.33291517,3.85614554,0,ceq,SVCH
0.029,0.008376776,2740.175859,-2.3348553,0.30230039,3.93993494,0,ceq,SVCH
0.029,0.010608184,2702.841876,-2.50707221,0.25482964,4.08831549,0,ceq,SVCH
0.029,0.013433993,2649.750971,-2.65900479,0.22259731,4.20577525,0,ceq,SVCH
0.029,0.017012543,2598.937881,-2.78803898,0.19944286,4.30117802,0,ceq,SVCH
0.029,0.021544347,2535.628529,-2.91301823,0.18144362,4.3833309,0,ceq,SVCH
0.029,0.027283334,2466.391019,-3.03331197,0.16697155,4.4555273,0,ceq,SVCH
0.029,0.034551073,2389.181696,-3.15289411,0.15505137,4.51986269,0,ceq,SVCH
0.029,0.043754794,2299.821993,-3.27771259,0.14493503,4.57846771,0,ceq,SVCH
0.029,0.055410203,2193.76762,-3.41165313,0.13652634,4.63038084,0,ceq,SVCH
0.029,0.070170383,2084.022074,-3.54698054,0.12945895,4.67654828,0,ceq,SVCH
0.029,0.088862382,1970.247419,-3.68476922,0.12359508,4.71681179,0,ceq,SVCH
0.029,0.112533558,1857.774923,-3.82196067,0.11870515,4.75187454,0,ceq,SVCH
0.029,0.142510267,1740.417139,-3.96695927,0.11445948,4.78350931,0,ceq,SVCH
0.029,0.180472177,1623.327343,-4.11505233,0.11094128,4.81062601,0,ceq,SVCH
0.029,0.228546386,1518.346221,-4.25481462,0.1079636,4.83425847,0,ceq,SVCH
0.029,0.289426612,1426.255603,-4.3849189,0.10533507,4.85566663,0,ceq,SVCH
0.029,0.366524124,1324.422998,-4.53296414,0.10301297,4.87502849,0,ceq,SVCH
0.029,0.464158883,1245.918914,-4.65642705,0.10098134,4.89233043,0,ceq,SVCH
0.029,0.587801607,1158.767066,-4.79847897,0.09913166,4.90838797,0,ceq,SVCH
0.029,0.744380301,1064.22439,-4.95998884,0.09758226,4.92207051,0,ceq,SVCH
0.029,0.942668455,988.8452757,-5.09977914,0.09622447,4.93424151,0,ceq,SVCH
0.029,1.19377664,921.4183223,-5.23349753,0.09501109,4.94526378,0,ceq,SVCH
0.029,1.51177507,857.1130818,-5.36935575,0.09390229,4.95545993,0,ceq,SVCH
0.029,1.91448198,791.1738459,-5.51775143,0.09289821,4.96479752,0,ceq,SVCH
0.029,2.42446202,731.3556934,-5.66260239,0.09201876,4.97305951,0,ceq,SVCH
0.029,3.07029063,681.4538704,-5.79279196,0.09123328,4.98050563,0,ceq,SVCH
0.029,3.88815518,637.3957242,-5.9159986,0.09049297,4.98758256,0,ceq,SVCH
0.029,4.92388263,593.1377649,-6.04759174,0.08980641,4.99419756,0,ceq,SVCH
0.029,6.23550734,552.7392002,-6.17619437,0.08918366,5.00024161,0,ceq,SVCH
0.029,7.89652287,519.195889,-6.29052373,0.08861401,5.00580747,0,ceq,SVCH
0.029,10,490.148025,-6.39575708,0.08808445,5.01101369,0,ceq,SVCH
0.03,0.001,2789.488199,-1.98483753,0.43646423,3.63564118,0,ceq,SVCH
0.03,0.00126638,2784.41325,-2.04723288,0.40770016,3.6948561,0,ceq,SVCH
0.03,0.001603719,2780.074973,-2.09386075,0.38759485,3.73878093,0,ceq,SVCH
0.03,0.002030918,2777.508785,-2.11961104,0.37696743,3.76292818,0,ceq,SVCH
0.03,0.002571914,2776.263507,-2.13192786,0.37199166,3.77446969,0,ceq,SVCH
0.03,0.003257021,2775.245539,-2.14174262,0.3680842,3.78364166,0,ceq,SVCH
0.03,0.004124626,2773.832387,-2.15510762,0.36283435,3.79611923,0,ceq,SVCH
0.03,0.005223345,2771.459983,-2.17691066,0.35444783,3.81643132,0,ceq,SVCH
0.03,0.006614741,2766.493241,-2.21938935,0.33874156,3.85579901,0,ceq,SVCH
0.03,0.008376776,2750.50467,-2.33240022,0.3008848,3.95873502,0,ceq,SVCH
0.03,0.010608184,2713.058077,-2.50124596,0.25461371,4.10377467,0,ceq,SVCH
0.03,0.013433993,2664.618532,-2.64545481,0.22357714,4.21668346,0,ceq,SVCH
0.03,0.017012543,2616.146911,-2.77056854,0.20082107,4.30991898,0,ceq,SVCH
0.03,0.021544347,2557.446451,-2.89130451,0.18287906,4.39121008,0,ceq,SVCH
0.03,0.027283334,2491.433624,-3.00869465,0.16833909,4.46316755,0,ceq,SVCH
0.03,0.034551073,2417.268097,-3.12558918,0.15630791,4.52757604,0,ceq,SVCH
0.03,0.043754794,2331.569162,-3.24726076,0.14604923,4.58653928,0,ceq,SVCH
0.03,0.055410203,2231.500288,-3.37634956,0.13742442,4.63940983,0,ceq,SVCH
0.03,0.070170383,2123.086237,-3.5100123,0.13016364,4.68655827,0,ceq,SVCH
0.03,0.088862382,2012.124565,-3.64470687,0.12409876,4.72800253,0,ceq,SVCH
0.03,0.112533558,1894.612362,-3.78539381,0.11903954,4.76415424,0,ceq,SVCH
0.03,0.142510267,1786.689803,-3.91969805,0.11467991,4.79656199,0,ceq,SVCH
0.03,0.180472177,1663.328109,-4.07229694,0.11100056,4.82488545,0,ceq,SVCH
0.03,0.228546386,1556.160292,-4.21241417,0.1079235,4.84930457,0,ceq,SVCH
0.03,0.289426612,1459.676041,-4.34551008,0.10523458,4.87121965,0,ceq,SVCH
0.03,0.366524124,1363.04889,-4.48456013,0.10283325,4.89126906,0,ceq,SVCH
0.03,0.464158883,1271.876602,-4.62250648,0.10075917,4.90896661,0,ceq,SVCH
0.03,0.587801607,1199.267464,-4.74113579,0.09886177,4.9254789,0,ceq,SVCH
0.03,0.744380301,1091.547675,-4.91900345,0.09723847,4.9398594,0,ceq,SVCH
0.03,0.942668455,1014.36405,-5.05896072,0.09584638,4.95238441,0,ceq,SVCH
0.03,1.19377664,945.0599719,-5.19316533,0.09460918,4.96366914,0,ceq,SVCH
0.03,1.51177507,879.0648064,-5.32928434,0.09348526,4.97404933,0,ceq,SVCH
0.03,1.91448198,813.2524702,-5.47406207,0.09245796,4.98364686,0,ceq,SVCH
0.03,2.42446202,751.4936232,-5.61977415,0.09155508,4.99217062,0,ceq,SVCH
0.03,3.07029063,696.847885,-5.75856362,0.09075551,4.99978951,0,ceq,SVCH
0.03,3.88815518,653.1482806,-5.87821115,0.09001099,5.00694443,0,ceq,SVCH
0.03,4.92388263,608.562862,-6.00775835,0.08931625,5.01367453,0,ceq,SVCH
0.03,6.23550734,567.539137,-6.13517051,0.08868572,5.01982814,0,ceq,SVCH
0.03,7.89652287,532.6976745,-6.25085585,0.08811232,5.02546224,0,ceq,SVCH
0.03,10,502.712801,-6.35676488,0.08757837,5.03074172,0,ceq,SVCH
0.031,0.001,2800.200796,-1.96337179,0.44398402,3.63504426,0,ceq,SVCH
0.031,0.00126638,2795.584227,-2.02381522,0.41550055,3.6926332,0,ceq,SVCH
0.031,0.001603719,2791.878155,-2.06687785,0.39645169,3.73339709,0,ceq,SVCH
0.031,0.002030918,2789.749981,-2.08973106,0.38674617,3.75492426,0,ceq,SVCH
0.031,0.002571914,2788.68415,-2.10100368,0.38205087,3.76553415,0,ceq,SVCH
0.031,0.003257021,2787.694966,-2.11119647,0.37786801,3.77509592,0,ceq,SVCH
0.031,0.004124626,2786.247564,-2.12564127,0.37201723,3.78865025,0,ceq,SVCH
0.031,0.005223345,2783.745394,-2.14984469,0.36244286,3.81129685,0,ceq,SVCH
0.031,0.006614741,2778.272611,-2.19944543,0.34367521,3.85747993,0,ceq,SVCH
0.031,0.008376776,2760.301733,-2.33219488,0.29882769,3.97893438,0,ceq,SVCH
0.031,0.010608184,2723.365188,-2.49386162,0.25484443,4.11722858,0,ceq,SVCH
0.031,0.013433993,2679.772408,-2.63102901,0.22475768,4.22634931,0,ceq,SVCH
0.031,0.017012543,2632.854315,-2.75320827,0.20228746,4.31784081,0,ceq,SVCH
0.031,0.021544347,2578.74185,-2.86980013,0.1843788,4.39835611,0,ceq,SVCH
0.031,0.027283334,2515.26812,-2.98485288,0.16975441,4.47013593,0,ceq,SVCH
0.031,0.034551073,2443.960575,-3.09943959,0.15758631,4.53474147,0,ceq,SVCH
0.031,0.043754794,2362.284693,-3.2176743,0.1472046,4.59393553,0,ceq,SVCH
0.031,0.055410203,2268.072095,-3.34220382,0.13835933,4.64776069,0,ceq,SVCH
0.031,0.070170383,2160.963126,-3.4743156,0.13090881,4.69583924,0,ceq,SVCH
0.031,0.088862382,2051.171504,-3.60750844,0.12464131,4.73845239,0,ceq,SVCH
0.031,0.112533558,1935.6402,-3.74558681,0.11939612,4.77579593,0,ceq,SVCH
0.031,0.142510267,1826.742126,-3.87923206,0.11493716,4.80885654,0,ceq,SVCH
0.031,0.180472177,1702.964853,-4.03066413,0.11109363,4.83839796,0,ceq,SVCH
0.031,0.228546386,1592.890023,-4.17201573,0.10790679,4.86367942,0,ceq,SVCH
0.031,0.289426612,1491.075759,-4.30928241,0.10514677,4.88618462,0,ceq,SVCH
0.031,0.366524124,1401.039003,-4.43805082,0.10268477,4.90676474,0,ceq,SVCH
0.031,0.464158883,1296.346438,-4.59125129,0.10054367,4.92506718,0,ceq,SVCH
0.031,0.587801607,1226.208975,-4.70461076,0.09862708,4.94178429,0,ceq,SVCH
0.031,0.744380301,1126.096718,-4.86781622,0.09691397,4.95700372,0,ceq,SVCH
0.031,0.942668455,1040.203749,-5.01849934,0.09548558,4.9699006,0,ceq,SVCH
0.031,1.19377664,968.2411115,-5.15460326,0.09422242,4.98146753,0,ceq,SVCH
0.031,1.51177507,899.9660679,-5.29220575,0.09308123,4.99205179,0,ceq,SVCH
0.031,1.91448198,835.1482178,-5.43187991,0.0920356,5.00186423,0,ceq,SVCH
0.031,2.42446202,771.6017905,-5.5781505,0.09110871,5.01065616,0,ceq,SVCH
0.031,3.07029063,715.2184183,-5.71783327,0.09028963,5.01850021,0,ceq,SVCH
0.031,3.88815518,668.498282,-5.84239027,0.08954043,5.02573755,0,ceq,SVCH
0.031,4.92388263,623.8459306,-5.96933002,0.08883938,5.03256492,0,ceq,SVCH
0.031,6.23550734,582.0609754,-6.09601835,0.08820207,5.03881837,0,ceq,SVCH
0.031,7.89652287,545.957343,-6.21297994,0.08762419,5.04452788,0,ceq,SVCH
0.031,10,516.2163703,-6.31561584,0.08708526,5.04988661,0,ceq,SVCH
0.032,0.001,2809.214715,-1.94298543,0.45160978,3.63404043,0,ceq,SVCH
0.032,0.00126638,2805.575126,-2.00098,0.42353336,3.68979181,0,ceq,SVCH
0.032,0.001603719,2802.84587,-2.04055507,0.40545068,3.72768917,0,ceq,SVCH
0.032,0.002030918,2801.357021,-2.0608031,0.39653904,3.74699246,0,ceq,SVCH
0.032,0.002571914,2800.53051,-2.07129826,0.39200462,3.7569825,0,ceq,SVCH
0.032,0.003257021,2799.622468,-2.08189779,0.3874983,3.76702464,0,ceq,SVCH
0.032,0.004124626,2798.193186,-2.09755143,0.38097681,3.78176762,0,ceq,SVCH
0.032,0.005223345,2795.556389,-2.12443029,0.37006327,3.80701237,0,ceq,SVCH
0.032,0.006614741,2789.501754,-2.1825516,0.34761722,3.86136201,0,ceq,SVCH
0.032,0.008376776,2770.284316,-2.33007726,0.29740079,3.99688285,0,ceq,SVCH
0.032,0.010608184,2733.693858,-2.48527644,0.25544443,4.12897432,0,ceq,SVCH
0.032,0.013433993,2695.152167,-2.6158264,0.22612355,4.23487541,0,ceq,SVCH
0.032,0.017012543,2649.102341,-2.73590146,0.20383841,4.32499506,0,ceq,SVCH
0.032,0.021544347,2599.477461,-2.84853304,0.18594682,4.40478946,0,ceq,SVCH
0.032,0.027283334,2538.311161,-2.96159084,0.17121377,4.47648764,0,ceq,SVCH
0.032,0.034551073,2469.648202,-3.07410451,0.15889227,4.54135936,0,ceq,SVCH
0.032,0.043754794,2392.123663,-3.18887005,0.14839528,4.60072572,0,ceq,SVCH
0.032,0.055410203,2303.11153,-3.30944891,0.13934007,4.65541453,0,ceq,SVCH
0.032,0.070170383,2197.586803,-3.43993853,0.13169562,4.70442307,0,ceq,SVCH
0.032,0.088862382,2089.39432,-3.57139869,0.12522509,4.74818196,0,ceq,SVCH
0.032,0.112533558,1976.515208,-3.70637633,0.1197969,4.7866746,0,ceq,SVCH
0.032,0.142510267,1863.549075,-3.84251849,0.11521125,4.82057556,0,ceq,SVCH
0.032,0.180472177,1746.17137,-3.98609355,0.11122724,4.85114304,0,ceq,SVCH
0.032,0.228546386,1630.299925,-4.13162141,0.1079145,4.87740562,0,ceq,SVCH
0.032,0.289426612,1525.394491,-4.27035758,0.10507433,4.90057191,0,ceq,SVCH
0.032,0.366524124,1433.1652,-4.39968546,0.10256331,4.92158109,0,ceq,SVCH
0.032,0.464158883,1330.860292,-4.5474071,0.1003374,4.94063925,0,ceq,SVCH
0.032,0.587801607,1251.05505,-4.67174837,0.09840131,4.95756305,0,ceq,SVCH
0.032,0.744380301,1165.11692,-4.81124891,0.09662056,4.97342538,0,ceq,SVCH
0.032,0.942668455,1065.646675,-4.9796733,0.09514212,4.98681884,0,ceq,SVCH
0.032,1.19377664,991.1228106,-5.11747085,0.09385105,4.99868609,0,ceq,SVCH
0.032,1.51177507,923.0141212,-5.25195406,0.09268966,5.00950168,0,ceq,SVCH
0.032,1.91448198,856.5704766,-5.39176026,0.09162729,5.01951462,0,ceq,SVCH
0.032,2.42446202,791.3204193,-5.53844878,0.09067725,5.02856752,0,ceq,SVCH
0.032,3.07029063,733.8428701,-5.67749476,0.08983957,5.03662884,0,ceq,SVCH
0.032,3.88815518,683.5077818,-5.80829702,0.08908212,5.0439831,0,ceq,SVCH
0.032,4.92388263,638.9130708,-5.93243114,0.08837613,5.05089427,0,ceq,SVCH
0.032,6.23550734,596.3274255,-6.05857635,0.08773221,5.0572461,0,ceq,SVCH
0.032,7.89652287,559.8571065,-6.17405094,0.08714763,5.063053,0,ceq,SVCH
0.032,10,529.5627608,-6.27610462,0.08660478,5.06848047,0,ceq,SVCH
0.033,0.001,2818.100505,-1.92295933,0.45923659,3.63285794,0,ceq,SVCH
0.033,0.00126638,2814.764881,-1.97887094,0.43162652,3.68671345,0,ceq,SVCH
0.033,0.001603719,2812.453862,-2.01527261,0.41458657,3.72169824,0,ceq,SVCH
0.033,0.002030918,2811.27281,-2.03339093,0.40637526,3.73907403,0,ceq,SVCH
0.033,0.002571914,2810.552107,-2.04341222,0.40191798,3.74865352,0,ceq,SVCH
0.033,0.003257021,2809.767784,-2.0544652,0.39706062,3.75921458,0,ceq,SVCH
0.033,0.004124626,2808.478768,-2.0712015,0.38983814,3.77515964,0,ceq,SVCH
0.033,0.005223345,2806.098426,-2.10076355,0.37743365,3.80324742,0,ceq,SVCH
0.033,0.006614741,2800.169176,-2.16830544,0.35066844,3.86713503,0,ceq,SVCH
0.033,0.008376776,2779.95547,-2.32550509,0.29689117,4.0117349,0,ceq,SVCH
0.033,0.010608184,2744.024401,-2.47532644,0.25644277,4.13894783,0,ceq,SVCH
0.033,0.013433993,2709.810672,-2.60037164,0.22770104,4.24220064,0,ceq,SVCH
0.033,0.017012543,2665.033214,-2.71841469,0.2055012,4.33130131,0,ceq,SVCH
0.033,0.021544347,2618.233953,-2.8283629,0.18759634,4.41048078,0,ceq,SVCH
0.033,0.027283334,2560.737372,-2.93863137,0.17273241,4.48218259,0,ceq,SVCH
0.033,0.034551073,2494.509725,-3.04934386,0.16024373,4.54736866,0,ceq,SVCH
0.033,0.043754794,2419.908233,-3.16167914,0.14961697,4.60696888,0,ceq,SVCH
0.033,0.055410203,2334.109815,-3.2798646,0.14036358,4.66241951,0,ceq,SVCH
0.033,0.070170383,2234.303531,-3.40572921,0.13251956,4.71237042,0,ceq,SVCH
0.033,0.088862382,2126.245626,-3.53669379,0.1258498,4.75722394,0,ceq,SVCH
0.033,0.112533558,2015.684093,-3.66907054,0.12023814,4.79684544,0,ceq,SVCH
0.033,0.142510267,1899.202528,-3.80741056,0.11550049,4.83176072,0,ceq,SVCH
0.033,0.180472177,1788.320909,-3.9433074,0.11140166,4.86314622,0,ceq,SVCH
0.033,0.228546386,1667.521256,-4.09212594,0.10794909,4.89049123,0,ceq,SVCH
0.033,0.289426612,1560.477567,-4.2312535,0.10502216,4.91436688,0,ceq,SVCH
0.033,0.366524124,1463.267609,-4.36446971,0.10245765,4.93584001,0,ceq,SVCH
0.033,0.464158883,1367.672023,-4.50153638,0.1001589,4.95554928,0,ceq,SVCH
0.033,0.587801607,1274.595688,-4.64130518,0.09818398,4.97284764,0,ceq,SVCH
0.033,0.744380301,1203.337255,-4.75744192,0.0963675,4.98906755,0,ceq,SVCH
0.033,0.942668455,1090.644923,-4.94237113,0.09481426,5.00318098,0,ceq,SVCH
0.033,1.19377664,1014.668474,-5.08000921,0.09349321,5.01536817,0,ceq,SVCH
0.033,1.51177507,945.7547091,-5.21324328,0.0923109,5.02642225,0,ceq,SVCH
0.033,1.91448198,877.2745953,-5.35403579,0.09123063,5.03664689,0,ceq,SVCH
0.033,2.42446202,810.9724037,-5.4998282,0.09025894,5.04594776,0,ceq,SVCH
0.033,3.07029063,751.9471818,-5.63936628,0.08940433,5.05421106,0,ceq,SVCH
0.033,3.88815518,698.1145928,-5.77593441,0.08863547,5.06171304,0,ceq,SVCH
0.033,4.92388263,653.7751887,-5.89691953,0.08792596,5.06869394,0,ceq,SVCH
0.033,6.23550734,610.9033903,-6.021179,0.08727515,5.07514699,0,ceq,SVCH
0.033,7.89652287,573.9974154,-6.13532234,0.08668454,5.08104492,0,ceq,SVCH
0.033,10,542.6769271,-6.23830839,0.08613601,5.08655868,0,ceq,SVCH
0.034,0.001,2826.813343,-1.90335771,0.46683067,3.63157707,0,ceq,SVCH
0.034,0.00126638,2823.7121,-1.95703754,0.43980481,3.68337536,0,ceq,SVCH
0.034,0.001603719,2821.743955,-1.99055299,0.42374797,3.71567871,0,ceq,SVCH
0.034,0.002030918,2820.764617,-2.00698888,0.41610341,3.73149097,0,ceq,SVCH
0.034,0.002571914,2820.14638,-2.01675619,0.41163049,3.7408786,0,ceq,SVCH
0.034,0.003257021,2819.391025,-2.02841012,0.40636416,3.75206278,0,ceq,SVCH
0.034,0.004124626,2818.127895,-2.04643338,0.39836936,3.76932185,0,ceq,SVCH
0.034,0.005223345,2815.68504,-2.07928659,0.38424378,3.80067968,0,ceq,SVCH
0.034,0.006614741,2809.094468,-2.15888078,0.35224386,3.87620648,0,ceq,SVCH
0.034,0.008376776,2789.428853,-2.32024234,0.29666833,4.02535275,0,ceq,SVCH
0.034,0.010608184,2754.300523,-2.46514882,0.25753321,4.14822837,0,ceq,SVCH
0.034,0.013433993,2723.736363,-2.58539043,0.22929918,4.24908953,0,ceq,SVCH
0.034,0.017012543,2680.554728,-2.70127396,0.20717849,4.33720669,0,ceq,SVCH
0.034,0.021544347,2636.261443,-2.80884442,0.18924947,4.41582429,0,ceq,SVCH
0.034,0.027283334,2582.472279,-2.91629766,0.17426132,4.48749367,0,ceq,SVCH
0.034,0.034551073,2518.010119,-3.02569152,0.16160956,4.55296164,0,ceq,SVCH
0.034,0.043754794,2446.18412,-3.13587711,0.15083689,4.61288006,0,ceq,SVCH
0.034,0.055410203,2364.147731,-3.25113208,0.14141946,4.66887653,0,ceq,SVCH
0.034,0.070170383,2269.783441,-3.37281435,0.13336943,4.71978214,0,ceq,SVCH
0.034,0.088862382,2161.862638,-3.50330992,0.12650776,4.76566095,0,ceq,SVCH
0.034,0.112533558,2053.101436,-3.63373033,0.12071008,4.80640678,0,ceq,SVCH
0.034,0.142510267,1937.995599,-3.76993819,0.11581098,4.84239448,0,ceq,SVCH
0.034,0.180472177,1826.286343,-3.90520057,0.11160807,4.87450326,0,ceq,SVCH
0.034,0.228546386,1704.527103,-4.05350351,0.10800982,4.90296753,0,ceq,SVCH
0.034,0.289426612,1594.489756,-4.19407114,0.10499094,4.92759052,0,ceq,SVCH
0.034,0.366524124,1491.650336,-4.33190155,0.10236366,4.9496024,0,ceq,SVCH
0.034,0.464158883,1403.50772,-4.45788362,0.10001329,4.96977858,0,ceq,SVCH
0.034,0.587801607,1296.736494,-4.61327688,0.09797058,4.98770244,0,ceq,SVCH
0.034,0.744380301,1227.261981,-4.72528556,0.0961411,5.0040756,0,ceq,SVCH
0.034,0.942668455,1122.669517,-4.89496497,0.09450573,5.01897733,0,ceq,SVCH
0.034,1.19377664,1038.407761,-5.04300687,0.09315261,5.03150335,0,ceq,SVCH
0.034,1.51177507,967.9483429,-5.17636563,0.09194789,5.04280975,0,ceq,SVCH
0.034,1.91448198,897.4113856,-5.31824808,0.09084803,5.05326218,0,ceq,SVCH
0.034,2.42446202,830.8919959,-5.46159531,0.08985625,5.06279664,0,ceq,SVCH
0.034,3.07029063,769.6702502,-5.60299632,0.08898438,5.07126564,0,ceq,SVCH
0.034,3.88815518,715.044054,-5.73856602,0.088202,5.07893629,0,ceq,SVCH
0.034,4.92388263,668.4504018,-5.86266075,0.08748897,5.08598658,0,ceq,SVCH
0.034,6.23550734,625.618762,-5.98424393,0.08683178,5.09253572,0,ceq,SVCH
0.034,7.89652287,588.0281444,-6.09789061,0.08623517,5.09852433,0,ceq,SVCH
0.034,10,556.0608437,-6.20062231,0.08567832,5.10415128,0,ceq,SVCH
0.035,0.001,2835.353557,-1.88410751,0.47441278,3.63017215,0,ceq,SVCH
0.035,0.00126638,2832.547316,-1.93552589,0.44803895,3.67985315,0,ceq,SVCH
0.035,0.001603719,2830.780782,-1.96638376,0.43292604,3.70965525,0,ceq,SVCH
0.035,0.002030918,2829.969959,-1.98125461,0.42583298,3.72400394,0,ceq,SVCH
0.035,0.002571914,2829.371045,-1.99092033,0.42128889,3.73332227,0,ceq,SVCH
0.035,0.003257021,2828.672479,-2.00316683,0.4156066,3.74511766,0,ceq,SVCH
0.035,0.004124626,2827.430628,-2.02256223,0.40677556,3.76377308,0,ceq,SVCH
0.035,0.005223345,2825.003224,-2.05896839,0.39075447,3.79867446,0,ceq,SVCH
0.035,0.006614741,2817.736591,-2.15186983,0.35292152,3.88712601,0,ceq,SVCH
0.035,0.008376776,2799.198769,-2.31287349,0.2971111,4.03664726,0,ceq,SVCH
0.035,0.010608184,2764.752871,-2.45385804,0.25892647,4.15613036,0,ceq,SVCH
0.035,0.013433993,2737.321482,-2.57011657,0.23105774,4.25504209,0,ceq,SVCH
0.035,0.017012543,2695.944797,-2.68389069,0.20895558,4.34237698,0,ceq,SVCH
0.035,0.021544347,2653.688375,-2.78953227,0.19096367,4.42058103,0,ceq,SVCH
0.035,0.027283334,2603.383002,-2.8944577,0.17584081,4.49224488,0,ceq,SVCH
0.035,0.034551073,2540.69332,-3.00259109,0.16301558,4.55802668,0,ceq,SVCH
0.035,0.043754794,2471.479357,-3.11090647,0.15207449,4.61837187,0,ceq,SVCH
0.035,0.055410203,2393.482972,-3.22303328,0.14251197,4.6747811,0,ceq,SVCH
0.035,0.070170383,2303.718167,-3.34129666,0.13425308,4.72663449,0,ceq,SVCH
0.035,0.088862382,2196.53117,-3.47093959,0.12719729,4.77352822,0,ceq,SVCH
0.035,0.112533558,2089.721117,-3.59937761,0.12121714,4.81535614,0,ceq,SVCH
0.035,0.142510267,1975.933296,-3.73372615,0.1161519,4.85243142,0,ceq,SVCH
0.035,0.180472177,1862.0132,-3.8697743,0.11183251,4.8853468,0,ceq,SVCH
0.035,0.228546386,1743.816864,-4.01319811,0.10810106,4.91482361,0,ceq,SVCH
0.035,0.289426612,1629.421435,-4.15653674,0.10497775,4.94028885,0,ceq,SVCH
0.035,0.366524124,1523.440723,-4.29598175,0.10227818,4.96291694,0,ceq,SVCH
0.035,0.464158883,1432.571979,-4.42335747,0.0998883,4.98345385,0,ceq,SVCH
0.035,0.587801607,1329.48223,-4.57176977,0.09776532,5.00211331,0,ceq,SVCH
0.035,0.744380301,1249.598965,-4.69593695,0.09592173,5.01864854,0,ceq,SVCH
0.035,0.942668455,1159.036472,-4.84212903,0.09422919,5.03411177,0,ceq,SVCH
0.035,1.19377664,1062.033915,-5.00691859,0.09282963,5.04710923,0,ceq,SVCH
0.035,1.51177507,989.6761068,-5.14108912,0.09160048,5.05868685,0,ceq,SVCH
0.035,1.91448198,919.5674475,-5.27942103,0.09047988,5.06937823,0,ceq,SVCH
0.035,2.42446202,850.6394994,-5.42450803,0.08946878,5.07913921,0,ceq,SVCH
0.035,3.07029063,787.1285159,-5.56801128,0.08857868,5.08782385,0,ceq,SVCH
0.035,3.88815518,732.0527026,-5.70185378,0.08778381,5.09565345,0,ceq,SVCH
0.035,4.92388263,682.9683537,-5.82955992,0.0870643,5.1028021,0,ceq,SVCH
0.035,6.23550734,640.3264675,-5.94819024,0.08640132,5.10944148,0,ceq,SVCH
0.035,7.89652287,601.9224215,-6.06173845,0.08579663,5.11554178,0,ceq,SVCH
0.035,10,569.9604438,-6.16225044,0.08523193,5.1212776,0,ceq,SVCH
0.036,0.001,2843.73972,-1.8652113,0.48199134,3.62864096,0,ceq,SVCH
0.036,0.00126638,2841.145696,-1.91432393,0.45632167,3.67617541,0,ceq,SVCH
0.036,0.001603719,2839.639866,-1.94269722,0.44213196,3.70361323,0,ceq,SVCH
0.036,0.002030918,2838.869866,-1.95634956,0.43546644,3.71680788,0,ceq,SVCH
0.036,0.002571914,2838.37693,-1.96611774,0.43075718,3.7262523,0,ceq,SVCH
0.036,0.003257021,2837.619092,-1.97904616,0.42460819,3.73874036,0,ceq,SVCH
0.036,0.004124626,2836.450329,-1.99997211,0.41485565,3.75892309,0,ceq,SVCH
0.036,0.005223345,2833.916371,-2.0405473,0.39661633,3.79797594,0,ceq,SVCH
0.036,0.006614741,2826.017211,-2.14818501,0.35235509,3.9007557,0,ceq,SVCH
0.036,0.008376776,2807.825185,-2.30581692,0.29769173,4.04718402,0,ceq,SVCH
0.036,0.010608184,2775.361321,-2.44239514,0.26036759,4.16354595,0,ceq,SVCH
0.036,0.013433993,2750.052236,-2.55545833,0.23281427,4.26069987,0,ceq,SVCH
0.036,0.017012543,2710.278964,-2.66731315,0.21073955,4.34722725,0,ceq,SVCH
0.036,0.021544347,2670.415006,-2.77087435,0.19267779,4.4250548,0,ceq,SVCH
0.036,0.027283334,2622.291623,-2.87410387,0.17742372,4.49669373,0,ceq,SVCH
0.036,0.034551073,2562.551251,-2.98018826,0.16443314,4.56274013,0,ceq,SVCH
0.036,0.043754794,2495.761898,-3.08685843,0.15331433,4.6235538,0,ceq,SVCH
0.036,0.055410203,2420.55102,-3.19676273,0.14362289,4.68027005,0,ceq,SVCH
0.036,0.070170383,2333.924112,-3.31281357,0.13515908,4.73302637,0,ceq,SVCH
0.036,0.088862382,2231.819434,-3.43838909,0.12791181,4.78089569,0,ceq,SVCH
0.036,0.112533558,2124.404917,-3.5669545,0.12174921,4.82378487,0,ceq,SVCH
0.036,0.142510267,2012.625285,-3.69900402,0.11651896,4.86192471,0,ceq,SVCH
0.036,0.180472177,1896.695041,-3.83583741,0.11207397,4.89570843,0,ceq,SVCH
0.036,0.228546386,1782.128734,-3.97446783,0.10822358,4.92607386,0,ceq,SVCH
0.036,0.289426612,1663.965439,-4.12001009,0.10498652,4.95245066,0,ceq,SVCH
0.036,0.366524124,1556.394486,-4.25936988,0.10221184,4.97571506,0,ceq,SVCH
0.036,0.464158883,1460.000341,-4.39137582,0.09977597,4.99666537,0,ceq,SVCH
0.036,0.587801607,1363.8765,-4.52897088,0.0975881,5.01592356,0,ceq,SVCH
0.036,0.744380301,1271.224174,-4.66805025,0.09571166,5.03278777,0,ceq,SVCH
0.036,0.942668455,1194.422297,-4.79212013,0.09398617,5.04858938,0,ceq,SVCH
0.036,1.19377664,1085.512718,-4.97182906,0.0925231,5.06221663,0,ceq,SVCH
0.036,1.51177507,1011.447374,-5.10644609,0.09126736,5.07408586,0,ceq,SVCH
0.036,1.91448198,941.459322,-5.24192198,0.09012795,5.08499779,0,ceq,SVCH
0.036,2.42446202,870.1426629,-5.38876546,0.08909653,5.0949952,0,ceq,SVCH
0.036,3.07029063,804.5695758,-5.53380367,0.08818701,5.10390747,0,ceq,SVCH
0.036,3.88815518,748.7522385,-5.66667352,0.08738047,5.11188794,0,ceq,SVCH
0.036,4.92388263,697.2830766,-5.79765844,0.08665142,5.11916533,0,ceq,SVCH
0.036,6.23550734,654.9841114,-5.91308617,0.08598351,5.1258864,0,ceq,SVCH
0.036,7.89652287,616.4690035,-6.02457942,0.08537001,5.13210602,0,ceq,SVCH
0.036,10,583.7172626,-6.12527395,0.08479741,5.13795154,0,ceq,SVCH
0.037,0.001,2851.964107,-1.84666752,0.48955769,3.62701109,0,ceq,SVCH
0.037,0.00126638,2849.663974,-1.89332691,0.46470486,3.67226396,0,ceq,SVCH
0.037,0.001603719,2848.294803,-1.91947351,0.45135627,3.69757761,0,ceq,SVCH
0.037,0.002030918,2847.615534,-1.93205624,0.44507134,3.70975689,0,ceq,SVCH
0.037,0.002571914,2847.101169,-1.94197844,0.44018049,3.7193549,0,ceq,SVCH
0.037,0.003257021,2846.412885,-1.95562033,0.43353732,3.73256318,0,ceq,SVCH
0.037,0.004124626,2845.179062,-1.97812842,0.42280762,3.75433086,0,ceq,SVCH
0.037,0.005223345,2842.612748,-2.02333556,0.40208662,3.79797688,0,ceq,SVCH
0.037,0.006614741,2834.190972,-2.14482363,0.35168978,3.91429649,0,ceq,SVCH
0.037,0.008376776,2816.458277,-2.29758496,0.29869087,4.05617441,0,ceq,SVCH
0.037,0.010608184,2786.279267,-2.43006149,0.26202305,4.16993918,0,ceq,SVCH
0.037,0.013433993,2762.177267,-2.54093155,0.2346705,4.265701,0,ceq,SVCH
0.037,0.017012543,2724.31568,-2.65072863,0.21258925,4.35153599,0,ceq,SVCH
0.037,0.021544347,2686.535226,-2.75252485,0.19443618,4.42906472,0,ceq,SVCH
0.037,0.027283334,2640.571861,-2.85412811,0.17904209,4.50070831,0,ceq,SVCH
0.037,0.034551073,2583.798503,-2.95823595,0.16588091,4.56702444,0,ceq,SVCH
0.037,0.043754794,2518.968283,-3.06369505,0.15457451,4.62834166,0,ceq,SVCH
0.037,0.055410203,2446.322302,-3.17157919,0.14474953,4.68538351,0,ceq,SVCH
0.037,0.070170383,2363.269984,-3.28511182,0.13609331,4.73894398,0,ceq,SVCH
0.037,0.088862382,2266.280771,-3.40669665,0.12865978,4.78773091,0,ceq,SVCH
0.037,0.112533558,2157.896347,-3.53580505,0.12231106,4.83168595,0,ceq,SVCH
0.037,0.142510267,2048.472148,-3.66538123,0.11691647,4.87086652,0,ceq,SVCH
0.037,0.180472177,1932.794663,-3.8011029,0.1123316,4.90561317,0,ceq,SVCH
0.037,0.228546386,1818.435117,-3.9382069,0.10837465,4.93676177,0,ceq,SVCH
0.037,0.289426612,1697.909301,-4.08468971,0.10501479,4.96411512,0,ceq,SVCH
0.037,0.366524124,1588.319886,-4.22452586,0.10216304,4.98802935,0,ceq,SVCH
0.037,0.464158883,1486.088076,-4.36153065,0.09967213,5.00946912,0,ceq,SVCH
0.037,0.587801607,1397.312845,-4.4882251,0.09743861,5.02915459,0,ceq,SVCH
0.037,0.744380301,1292.087054,-4.64161858,0.09550674,5.04654857,0,ceq,SVCH
0.037,0.942668455,1219.377441,-4.75819758,0.09376777,5.06250937,0,ceq,SVCH
0.037,1.19377664,1112.370624,-4.93211688,0.09223148,5.07685793,0,ceq,SVCH
0.037,1.51177507,1033.394788,-5.07220736,0.09094787,5.08903099,0,ceq,SVCH
0.037,1.91448198,962.7140307,-5.20641894,0.08978998,5.10016024,0,ceq,SVCH
0.037,2.42446202,889.2541874,-5.35453247,0.08873747,5.1104019,0,ceq,SVCH
0.037,3.07029063,822.7037609,-5.49880815,0.08780855,5.11954237,0,ceq,SVCH
0.037,3.88815518,765.1377199,-5.63294372,0.08699012,5.12767609,0,ceq,SVCH
0.037,4.92388263,713.3380843,-5.76213769,0.08624986,5.13509921,0,ceq,SVCH
0.037,6.23550734,669.5627079,-5.87898813,0.08557716,5.14190018,0,ceq,SVCH
0.037,7.89652287,631.0096114,-5.98832451,0.08495512,5.14823688,0,ceq,SVCH
0.037,10,597.2417139,-6.08984089,0.08437308,5.15420813,0,ceq,SVCH
0.038,0.001,2859.998996,-1.82841736,0.49714074,3.62524211,0,ceq,SVCH
0.038,0.00126638,2858.002843,-1.87266755,0.47311623,3.6682636,0,ceq,SVCH
0.038,0.001603719,2856.789262,-1.89672316,0.46058063,3.69158688,0,ceq,SVCH
0.038,0.002030918,2856.190947,-1.90847283,0.45457981,3.70297817,0,ceq,SVCH
0.038,0.002571914,2855.685607,-1.91868949,0.44943008,3.71287363,0,ceq,SVCH
0.038,0.003257021,2854.932513,-1.93314121,0.44224296,3.72687632,0,ceq,SVCH
0.038,0.004124626,2853.68231,-1.95743582,0.43042241,3.75040847,0,ceq,SVCH
0.038,0.005223345,2850.999014,-2.0080822,0.40680264,3.7994306,0,ceq,SVCH
0.038,0.006614741,2842.256659,-2.14156566,0.35101008,3.9275593,0,ceq,SVCH
0.038,0.008376776,2824.917125,-2.28925503,0.299763,4.06464478,0,ceq,SVCH
0.038,0.010608184,2797.396385,-2.41755386,0.2637167,4.17592411,0,ceq,SVCH
0.038,0.013433993,2773.479742,-2.52700769,0.23651758,4.27047234,0,ceq,SVCH
0.038,0.017012543,2738.408324,-2.63426031,0.214436,4.35560268,0,ceq,SVCH
0.038,0.021544347,2701.865663,-2.73483913,0.19618719,4.4328579,0,ceq,SVCH
0.038,0.027283334,2658.155922,-2.83482392,0.18065752,4.50448713,0,ceq,SVCH
0.038,0.034551073,2604.09325,-2.93703467,0.16733801,4.57101119,0,ceq,SVCH
0.038,0.043754794,2541.245402,-3.04129086,0.15584466,4.63281588,0,ceq,SVCH
0.038,0.055410203,2471.080926,-3.14734587,0.14587357,4.69024699,0,ceq,SVCH
0.038,0.070170383,2391.821299,-3.25817752,0.13704998,4.74444225,0,ceq,SVCH
0.038,0.088862382,2299.444737,-3.37628883,0.12943261,4.79411192,0,ceq,SVCH
0.038,0.112533558,2190.45476,-3.50565481,0.12289477,4.83913274,0,ceq,SVCH
0.038,0.142510267,2083.549623,-3.63277291,0.11733821,4.87932018,0,ceq,SVCH
0.038,0.180472177,1968.128152,-3.76747272,0.11261105,4.91503761,0,ceq,SVCH
0.038,0.228546386,1853.071511,-3.90406983,0.10854479,4.9469802,0,ceq,SVCH
0.038,0.289426612,1733.362928,-4.04834898,0.10506832,4.97525539,0,ceq,SVCH
0.038,0.366524124,1620.653525,-4.18979816,0.1021293,4.99989786,0,ceq,SVCH
0.038,0.464158883,1514.303195,-4.32971719,0.09957558,5.02189305,0,ceq,SVCH
0.038,0.587801607,1424.394306,-4.45604826,0.09730776,5.0419037,0,ceq,SVCH
0.038,0.744380301,1319.582781,-4.60686355,0.09530773,5.05994218,0,ceq,SVCH
0.038,0.942668455,1241.200856,-4.72934676,0.09355709,5.07604498,0,ceq,SVCH
0.038,1.19377664,1144.80144,-4.88474363,0.09196167,5.09098438,0,ceq,SVCH
0.038,1.51177507,1055.097232,-5.03903317,0.09064122,5.10354651,0,ceq,SVCH
0.038,1.91448198,983.3194693,-5.17279252,0.08946422,5.11489916,0,ceq,SVCH
0.038,2.42446202,909.0522069,-5.31967992,0.08839048,5.12538691,0,ceq,SVCH
0.038,3.07029063,840.7256111,-5.46477723,0.08744313,5.13474644,0,ceq,SVCH
0.038,3.88815518,781.2321209,-5.60057746,0.08661191,5.14304264,0,ceq,SVCH
0.038,4.92388263,729.6308707,-5.72684866,0.08586153,5.15060062,0,ceq,SVCH
0.038,6.23550734,683.9786841,-5.84598927,0.08518138,5.15750844,0,ceq,SVCH
0.038,7.89652287,645.5392673,-5.95291504,0.08455129,5.16395738,0,ceq,SVCH
0.038,10,611.2544988,-6.05383708,0.08395795,5.17007413,0,ceq,SVCH
0.039,0.001,2867.89546,-1.81046599,0.50473459,3.62335563,0,ceq,SVCH
0.039,0.00126638,2866.154455,-1.85234003,0.48156427,3.66417044,0,ceq,SVCH
0.039,0.001603719,2865.124006,-1.87445198,0.46979466,3.68566304,0,ceq,SVCH
0.039,0.002030918,2864.596643,-1.88558253,0.46398849,3.69646509,0,ceq,SVCH
0.039,0.002571914,2864.07047,-1.89612639,0.45855543,3.70669566,0,ceq,SVCH
0.039,0.003257021,2863.333455,-1.91145707,0.45077098,3.72156742,0,ceq,SVCH
0.039,0.004124626,2861.99296,-1.93772764,0.4377434,3.74703985,0,ceq,SVCH
0.039,0.005223345,2859.190544,-1.99470518,0.41076251,3.8022975,0,ceq,SVCH
0.039,0.006614741,2850.302868,-2.13744778,0.35068896,3.93963736,0,ceq,SVCH
0.039,0.008376776,2833.317247,-2.28065889,0.30095788,4.07246868,0,ceq,SVCH
0.039,0.010608184,2807.783618,-2.40532621,0.26548298,4.18140774,0,ceq,SVCH
0.039,0.013433993,2784.235005,-2.51346988,0.23838003,4.27494012,0,ceq,SVCH
0.039,0.017012543,2752.487641,-2.61781339,0.21630595,4.35934464,0,ceq,SVCH
0.039,0.021544347,2715.757702,-2.71819445,0.19794371,4.43639819,0,ceq,SVCH
0.039,0.027283334,2675.01108,-2.8160491,0.18228156,4.50799614,0,ceq,SVCH
0.039,0.034551073,2622.742237,-2.91708688,0.16880081,4.57473169,0,ceq,SVCH
0.039,0.043754794,2562.760624,-3.01949969,0.15712817,4.63697248,0,ceq,SVCH
0.039,0.055410203,2494.92163,-3.12401914,0.1469957,4.69487049,0,ceq,SVCH
0.039,0.070170383,2418.127395,-3.23300092,0.13802791,4.74954557,0,ceq,SVCH
0.039,0.088862382,2329.094435,-3.34869937,0.13022635,4.80008342,0,ceq,SVCH
0.039,0.112533558,2223.684934,-3.47520582,0.12350202,4.84613195,0,ceq,SVCH
0.039,0.142510267,2116.760037,-3.60197383,0.11778652,4.88728819,0,ceq,SVCH
0.039,0.180472177,2002.505625,-3.73509151,0.11291063,4.92401021,0,ceq,SVCH
0.039,0.228546386,1886.850005,-3.87116497,0.1087357,4.95673593,0,ceq,SVCH
0.039,0.289426612,1768.153609,-4.01319842,0.10514321,4.985917,0,ceq,SVCH
0.039,0.366524124,1653.065556,-4.1555402,0.10211352,5.01131313,0,ceq,SVCH
0.039,0.464158883,1545.452104,-4.29504331,0.09949189,5.03390412,0,ceq,SVCH
0.039,0.587801607,1449.776448,-4.42645637,0.09718631,5.05426943,0,ceq,SVCH
0.039,0.744380301,1351.045948,-4.56757502,0.09512648,5.07287657,0,ceq,SVCH
0.039,0.942668455,1262.253006,-4.70204098,0.09335146,5.08923714,0,ceq,SVCH
0.039,1.19377664,1176.872086,-4.8390631,0.09171657,5.10458354,0,ceq,SVCH
0.039,1.51177507,1076.559324,-5.0068708,0.09034723,5.11764931,0,ceq,SVCH
0.039,1.91448198,1003.534082,-5.14047709,0.08915007,5.12923557,0,ceq,SVCH
0.039,2.42446202,930.0212031,-5.28336449,0.08805665,5.13995456,0,ceq,SVCH
0.039,3.07029063,858.6188184,-5.43171455,0.08709015,5.14954073,0,ceq,SVCH
0.039,3.88815518,796.9947038,-5.5695629,0.08624506,5.15801035,0,ceq,SVCH
0.039,4.92388263,745.6386428,-5.69295193,0.08548568,5.16569205,0,ceq,SVCH
0.039,6.23550734,698.2255658,-5.81411374,0.08479564,5.17273175,0,ceq,SVCH
0.039,7.89652287,660.0263301,-5.91840615,0.08415836,5.17928432,0,ceq,SVCH
0.039,10,625.4596071,-6.01812931,0.08355363,5.18554818,0,ceq,SVCH
0.04,0.001,2875.656482,-1.79277482,0.51235183,3.62134033,0,ceq,SVCH
0.04,0.00126638,2874.171347,-1.83227988,0.49007943,3.65994201,0,ceq,SVCH
0.04,0.001603719,2873.264043,-1.85265164,0.47901012,3.67978549,0,ceq,SVCH
0.04,0.002030918,2872.821334,-1.86333072,0.47331103,3.69018114,0,ceq,SVCH
0.04,0.002571914,2872.320949,-1.87422641,0.4675736,3.70077474,0,ceq,SVCH
0.04,0.003257021,2871.52858,-1.89045651,0.45916081,3.71654503,0,ceq,SVCH
0.04,0.004124626,2870.199323,-1.91888344,0.44479483,3.74415506,0,ceq,SVCH
0.04,0.005223345,2867.106926,-1.98318709,0.41393644,3.80660715,0,ceq,SVCH
0.04,0.006614741,2858.405777,-2.13246328,0.35071287,3.95057354,0,ceq,SVCH
0.04,0.008376776,2841.641655,-2.27175189,0.30228582,4.07963961,0,ceq,SVCH
0.04,0.010608184,2817.89179,-2.39312603,0.26731125,4.18644249,0,ceq,SVCH
0.04,0.013433993,2794.631632,-2.50014888,0.24027283,4.27906809,0,ceq,SVCH
0.04,0.017012543,2766.40637,-2.60151071,0.21819502,4.36278701,0,ceq,SVCH
0.04,0.021544347,2729.357361,-2.70186721,0.1996994,4.43972138,0,ceq,SVCH
0.04,0.027283334,2691.351111,-2.79774773,0.1839121,4.51125546,0,ceq,SVCH
0.04,0.034551073,2640.832745,-2.89762977,0.17026773,4.57820956,0,ceq,SVCH
0.04,0.043754794,2583.679354,-2.99825172,0.15842774,4.64081445,0,ceq,SVCH
0.04,0.055410203,2517.587889,-3.10168349,0.14812192,4.69923734,0,ceq,SVCH
0.04,0.070170383,2442.990026,-3.2089776,0.13902479,4.75429212,0,ceq,SVCH
0.04,0.088862382,2357.625951,-3.3221851,0.13103447,4.80570362,0,ceq,SVCH
0.04,0.112533558,2256.781677,-3.44507518,0.12413777,4.85266727,0,ceq,SVCH
0.04,0.142510267,2148.139148,-3.57293107,0.11825868,4.89480945,0,ceq,SVCH
0.04,0.180472177,2036.841454,-3.70306439,0.11323412,4.93252052,0,ceq,SVCH
0.04,0.228546386,1920.654785,-3.83865804,0.10894311,4.96607623,0,ceq,SVCH
0.04,0.289426612,1802.27429,-3.97920597,0.10524133,4.99610158,0,ceq,SVCH
0.04,0.366524124,1684.845451,-4.12244534,0.10211513,5.02229451,0,ceq,SVCH
0.04,0.464158883,1575.639996,-4.26203999,0.09942521,5.04548205,0,ceq,SVCH
0.04,0.587801607,1474.420667,-4.39817926,0.09707214,5.06628524,0,ceq,SVCH
0.04,0.744380301,1382.060892,-4.5296199,0.0949661,5.08533743,0,ceq,SVCH
0.04,0.942668455,1282.598182,-4.67612123,0.09315045,5.10210503,0,ceq,SVCH
0.04,1.19377664,1205.766044,-4.79901056,0.09149445,5.1176851,0,ceq,SVCH
0.04,1.51177507,1098.072737,-4.97520227,0.09006599,5.13135276,0,ceq,SVCH
0.04,1.91448198,1024.092873,-5.10821155,0.08884774,5.14318149,0,ceq,SVCH
0.04,2.42446202,950.592925,-5.24851705,0.08773615,5.15411711,0,ceq,SVCH
0.04,3.07029063,876.3446724,-5.39961454,0.08674868,5.16394846,0,ceq,SVCH
0.04,3.88815518,813.5088447,-5.53754243,0.08588871,5.17260209,0,ceq,SVCH
0.04,4.92388263,761.3504485,-5.66043867,0.08512131,5.1803976,0,ceq,SVCH
0.04,6.23550734,713.9982896,-5.77917254,0.0844195,5.18758862,0,ceq,SVCH
0.04,7.89652287,674.4555647,-5.88480401,0.08377537,5.19424153,0,ceq,SVCH
0.04,10,639.6254644,-5.98332188,0.08315954,5.20065004,0,ceq,SVCH
0.041,0.001,2883.282272,-1.77532952,0.51998359,3.61922094,0,ceq,SVCH
0.041,0.00126638,2881.936094,-1.81254852,0.49862908,3.65564378,0,ceq,SVCH
0.041,0.001603719,2881.234883,-1.83139029,0.4881736,3.67404968,0,ceq,SVCH
0.041,0.002030918,2880.810066,-1.84167693,0.48256633,3.6840847,0,ceq,SVCH
0.041,0.002571914,2880.306586,-1.85298883,0.47648364,3.69510232,0,ceq,SVCH
0.041,0.003257021,2879.581711,-1.87015276,0.46739801,3.71182447,0,ceq,SVCH
0.041,0.004124626,2878.213382,-1.90093812,0.45155591,3.74177539,0,ceq,SVCH
0.041,0.005223345,2874.909648,-1.97361757,0.41625617,3.81247691,0,ceq,SVCH
0.041,0.006614741,2866.447805,-2.12677071,0.35103166,3.96050682,0,ceq,SVCH
0.041,0.008376776,2849.841473,-2.26259346,0.3037307,4.08622236,0,ceq,SVCH
0.041,0.010608184,2827.859679,-2.38092175,0.26918702,4.19109033,0,ceq,SVCH
0.041,0.013433993,2804.231883,-2.48729967,0.24218545,4.2829025,0,ceq,SVCH
0.041,0.017012543,2779.819918,-2.58554269,0.22009957,4.36596062,0,ceq,SVCH
0.041,0.021544347,2742.728189,-2.68573012,0.2014646,4.44280251,0,ceq,SVCH
0.041,0.027283334,2706.600137,-2.78023345,0.1855503,4.5142749,0,ceq,SVCH
0.041,0.034551073,2658.397909,-2.87860774,0.17174583,4.58142738,0,ceq,SVCH
0.041,0.043754794,2603.595977,-2.97773103,0.15973882,4.6443794,0,ceq,SVCH
0.041,0.055410203,2539.314302,-3.08012386,0.14925566,4.703339,0,ceq,SVCH
0.041,0.070170383,2467.083773,-3.18569113,0.14002875,4.75876543,0,ceq,SVCH
0.041,0.088862382,2385.341818,-3.2963879,0.13186562,4.81093729,0,ceq,SVCH
0.041,0.112533558,2289.052894,-3.41580343,0.12480197,4.8587574,0,ceq,SVCH
0.041,0.142510267,2178.701525,-3.54480987,0.11874993,4.90193332,0,ceq,SVCH
0.041,0.180472177,2070.549789,-3.67190601,0.11358184,4.94058133,0,ceq,SVCH
0.041,0.228546386,1953.945001,-3.80700884,0.10916855,4.97500465,0,ceq,SVCH
0.041,0.289426612,1835.738571,-3.94622972,0.10536152,5.00583427,0,ceq,SVCH
0.041,0.366524124,1716.834673,-4.08960619,0.10213442,5.03285486,0,ceq,SVCH
0.041,0.464158883,1605.178493,-4.23024242,0.09937097,5.05667913,0,ceq,SVCH
0.041,0.587801607,1498.736134,-4.37069876,0.0969669,5.07795185,0,ceq,SVCH
0.041,0.744380301,1410.072874,-4.49603743,0.0948255,5.09734851,0,ceq,SVCH
0.041,0.942668455,1304.226073,-4.64891615,0.09295366,5.11466562,0,ceq,SVCH
0.041,1.19377664,1226.964303,-4.77073997,0.09128564,5.13039349,0,ceq,SVCH
0.041,1.51177507,1125.272505,-4.93528592,0.08979901,5.14465511,0,ceq,SVCH
0.041,1.91448198,1044.276076,-5.07715203,0.08855683,5.15675394,0,ceq,SVCH
0.041,2.42446202,970.7654995,-5.21509816,0.08742773,5.16789971,0,ceq,SVCH
0.041,3.07029063,893.8989363,-5.36848999,0.0864181,5.17798865,0,ceq,SVCH
0.041,3.88815518,830.120864,-5.50590905,0.08554342,5.1868249,0,ceq,SVCH
0.041,4.92388263,776.6770196,-5.62941511,0.08476758,5.19473852,0,ceq,SVCH
0.041,6.23550734,729.8184435,-5.74485899,0.08405551,5.20206571,0,ceq,SVCH
0.041,7.89652287,688.6996525,-5.85237019,0.0834013,5.20885249,0,ceq,SVCH
0.041,10,653.7405345,-5.94944545,0.08277491,5.21540064,0,ceq,SVCH
0.042,0.001,2890.82739,-1.75808625,0.52763834,3.61699195,0,ceq,SVCH
0.042,0.00126638,2889.630162,-1.79312991,0.50719969,3.65130634,0,ceq,SVCH
0.042,0.001603719,2888.998151,-1.81052282,0.49735769,3.66832649,0,ceq,SVCH
0.042,0.002030918,2888.614198,-1.82061535,0.4917389,3.67819448,0,ceq,SVCH
0.042,0.002571914,2888.153914,-1.83239527,0.48526921,3.6896981,0,ceq,SVCH
0.042,0.003257021,2887.450491,-1.85057528,0.47545316,3.70744852,0,ceq,SVCH
0.042,0.004124626,2886.035358,-1.88392667,0.45798261,3.73996568,0,ceq,SVCH
0.042,0.005223345,2882.541533,-1.96612479,0.41764772,3.82004343,0,ceq,SVCH
0.042,0.006614741,2874.520249,-2.12058895,0.35156212,3.96966204,0,ceq,SVCH
0.042,0.008376776,2857.980773,-2.25332558,0.30524518,4.09236689,0,ceq,SVCH
0.042,0.010608184,2837.545158,-2.36884675,0.27109126,4.19543537,0,ceq,SVCH
0.042,0.013433993,2813.23252,-2.47484913,0.24411178,4.28648919,0,ceq,SVCH
0.042,0.017012543,2792.519987,-2.57011453,0.22201131,4.36891423,0,ceq,SVCH
0.042,0.021544347,2755.958277,-2.66976678,0.20323077,4.44568725,0,ceq,SVCH
0.042,0.027283334,2720.674219,-2.76358536,0.1871873,4.51711229,0,ceq,SVCH
0.042,0.034551073,2675.399921,-2.86006515,0.17322587,4.5844403,0,ceq,SVCH
0.042,0.043754794,2621.856909,-2.95845462,0.16105497,4.64771653,0,ceq,SVCH
0.042,0.055410203,2560.319387,-3.05920344,0.15039612,4.70719224,0,ceq,SVCH
0.042,0.070170383,2490.319941,-3.16317329,0.14103564,4.76300608,0,ceq,SVCH
0.042,0.088862382,2411.254839,-3.272023,0.13271417,4.81582989,0,ceq,SVCH
0.042,0.112533558,2318.859038,-3.38855579,0.12548569,4.86447544,0,ceq,SVCH
0.042,0.142510267,2209.168248,-3.51695578,0.1192584,4.90868735,0,ceq,SVCH
0.042,0.180472177,2103.307589,-3.64177043,0.11395355,4.94820937,0,ceq,SVCH
0.042,0.228546386,1986.168922,-3.77667554,0.10941051,4.98354719,0,ceq,SVCH
0.042,0.289426612,1868.676786,-3.91421493,0.10550049,5.01515487,0,ceq,SVCH
0.042,0.366524124,1749.003306,-4.05703617,0.10217087,5.04301054,0,ceq,SVCH
0.042,0.464158883,1635.706385,-4.19783971,0.09933374,5.06747082,0,ceq,SVCH
0.042,0.587801607,1527.334787,-4.33875949,0.09686922,5.08929256,0,ceq,SVCH
0.042,0.744380301,1434.056373,-4.46794333,0.09469586,5.10900195,0,ceq,SVCH
0.042,0.942668455,1332.805537,-4.61300538,0.09276768,5.12687057,0,ceq,SVCH
0.042,1.19377664,1247.611157,-4.74366045,0.0910837,5.14278239,0,ceq,SVCH
0.042,1.51177507,1153.333884,-4.89490102,0.08955182,5.1575148,0,ceq,SVCH
0.042,1.91448198,1064.106997,-5.04721273,0.08827746,5.16996391,0,ceq,SVCH
0.042,2.42446202,990.4530971,-5.18316315,0.08713121,5.18131606,0,ceq,SVCH
0.042,3.07029063,912.9600973,-5.33503672,0.08609837,5.19167371,0,ceq,SVCH
0.042,3.88815518,846.6909726,-5.474997,0.08520889,5.20069374,0,ceq,SVCH
0.042,4.92388263,791.6561275,-5.59977499,0.0844237,5.20873474,0,ceq,SVCH
0.042,6.23550734,745.3885641,-5.71182437,0.08370277,5.21618385,0,ceq,SVCH
0.042,7.89652287,703.0482677,-5.82037628,0.0830358,5.22313278,0,ceq,SVCH
0.042,10,667.7944738,-5.91641938,0.08239958,5.22981353,0,ceq,SVCH
0.043,0.001,2898.339234,-1.74099843,0.53534595,3.61461394,0,ceq,SVCH
0.043,0.00126638,2897.154902,-1.77398208,0.51580768,3.64690761,0,ceq,SVCH
0.043,0.001603719,2896.596297,-1.79013274,0.50649844,3.66272694,0,ceq,SVCH
0.043,0.002030918,2896.235966,-1.80012788,0.50082463,3.67251188,0,ceq,SVCH
0.043,0.002571914,2895.818605,-1.81236138,0.49396769,3.68448583,0,ceq,SVCH
0.043,0.003257021,2895.134711,-1.83160637,0.48337546,3.70331368,0,ceq,SVCH
0.043,0.004124626,2893.779765,-1.86777466,0.46409921,3.73866142,0,ceq,SVCH
0.043,0.005223345,2890.008615,-1.96032505,0.41827508,3.82895874,0,ceq,SVCH
0.043,0.006614741,2882.5591,-2.11385229,0.35233181,3.9779794,0,ceq,SVCH
0.043,0.008376776,2866.007861,-2.24384155,0.30686022,4.09800302,0,ceq,SVCH
0.043,0.010608184,2846.98027,-2.35691009,0.27302621,4.19947595,0,ceq,SVCH
0.043,0.013433993,2822.269161,-2.46238958,0.24605217,4.28983056,0,ceq,SVCH
0.043,0.017012543,2803.926978,-2.55553274,0.22393293,4.37164871,0,ceq,SVCH
0.043,0.021544347,2769.296884,-2.65384642,0.20500807,4.44834346,0,ceq,SVCH
0.043,0.027283334,2734.272897,-2.74736906,0.18882354,4.51977241,0,ceq,SVCH
0.043,0.034551073,2691.872741,-2.84197588,0.17471392,4.58723006,0,ceq,SVCH
0.043,0.043754794,2639.631014,-2.93964408,0.16237649,4.65083726,0,ceq,SVCH
0.043,0.055410203,2580.691269,-3.03880866,0.15154934,4.71077585,0,ceq,SVCH
0.043,0.070170383,2512.653262,-3.14146088,0.14204685,4.76702113,0,ceq,SVCH
0.043,0.088862382,2435.336373,-3.24912004,0.13358036,4.82039854,0,ceq,SVCH
0.043,0.112533558,2347.042488,-3.3627346,0.1261886,4.86984453,0,ceq,SVCH
0.043,0.142510267,2240.860597,-3.48838132,0.11978725,4.91506243,0,ceq,SVCH
0.043,0.180472177,2133.058844,-3.61439731,0.1143454,4.9554473,0,ceq,SVCH
0.043,0.228546386,2018.421019,-3.7466547,0.10966869,4.99171886,0,ceq,SVCH
0.043,0.289426612,1900.909563,-3.88318842,0.10565693,5.02408693,0,ceq,SVCH
0.043,0.366524124,1780.703533,-4.0253913,0.10222482,5.05277114,0,ceq,SVCH
0.043,0.464158883,1665.481899,-4.16671794,0.09931027,5.07789542,0,ceq,SVCH
0.043,0.587801607,1555.922225,-4.30728698,0.09678475,5.10026905,0,ceq,SVCH
0.043,0.744380301,1457.481142,-4.44090787,0.09457447,5.12033559,0,ceq,SVCH
0.043,0.942668455,1361.414446,-4.57769396,0.09259861,5.13867428,0,ceq,SVCH
0.043,1.19377664,1267.691309,-4.71777505,0.09088787,5.15487128,0,ceq,SVCH
0.043,1.51177507,1181.216332,-4.85560492,0.08932399,5.16994664,0,ceq,SVCH
0.043,1.91448198,1083.648147,-5.01824834,0.08800812,5.18283722,0,ceq,SVCH
0.043,2.42446202,1010.004844,-5.15205299,0.0868451,5.19439214,0,ceq,SVCH
0.043,3.07029063,932.8311781,-5.30074788,0.08579105,5.2049987,0,ceq,SVCH
0.043,3.88815518,863.2195476,-5.44471747,0.08488453,5.21422555,0,ceq,SVCH
0.043,4.92388263,806.8848322,-5.57013846,0.08408832,5.2224113,0,ceq,SVCH
0.043,6.23550734,760.7015703,-5.68007072,0.08336026,5.22996457,0,ceq,SVCH
0.043,7.89652287,718.496319,-5.78633872,0.08267972,5.23708467,0,ceq,SVCH
0.043,10,681.7830031,-5.88429618,0.08203293,5.24390624,0,ceq,SVCH
0.044,0.001,2904.472355,-1.72460664,0.54322559,3.61190779,0,ceq,SVCH
0.044,0.00126638,2903.627539,-1.75556147,0.52451209,3.64235616,0,ceq,SVCH
0.044,0.001603719,2903.239084,-1.77054877,0.51568135,3.65710468,0,ceq,SVCH
0.044,0.002030918,2903.007538,-1.78051546,0.50989176,3.66691125,0,ceq,SVCH
0.044,0.002571914,2902.632871,-1.79319349,0.50261727,3.67939242,0,ceq,SVCH
0.044,0.003257021,2902.100065,-1.8134687,0.49120035,3.6993499,0,ceq,SVCH
0.044,0.004124626,2901.064538,-1.85251536,0.46995391,3.73775666,0,ceq,SVCH
0.044,0.005223345,2897.343588,-1.95556372,0.41844535,3.83858949,0,ceq,SVCH
0.044,0.006614741,2890.526349,-2.10649964,0.35336814,3.985413,0,ceq,SVCH
0.044,0.008376776,2874.040767,-2.23410089,0.30859569,4.10309015,0,ceq,SVCH
0.044,0.010608184,2856.078531,-2.34509499,0.2750068,4.20318006,0,ceq,SVCH
0.044,0.013433993,2831.504079,-2.44977252,0.24802461,4.29287891,0,ceq,SVCH
0.044,0.017012543,2813.923527,-2.5419359,0.22585852,4.37419594,0,ceq,SVCH
0.044,0.021544347,2782.664232,-2.63791051,0.20680187,4.45075993,0,ceq,SVCH
0.044,0.027283334,2747.420461,-2.73151539,0.19046215,4.52225102,0,ceq,SVCH
0.044,0.034551073,2707.253432,-2.82467365,0.17620843,4.58981528,0,ceq,SVCH
0.044,0.043754794,2656.892441,-2.92124207,0.1637064,4.65373723,0,ceq,SVCH
0.044,0.055410203,2600.401,-3.01889737,0.15271716,4.7140927,0,ceq,SVCH
0.044,0.070170383,2534.091142,-3.12053438,0.14305905,4.77083807,0,ceq,SVCH
0.044,0.088862382,2458.77559,-3.2267957,0.13446025,4.82468064,0,ceq,SVCH
0.044,0.112533558,2374.345762,-3.33771922,0.12690498,4.87491185,0,ceq,SVCH
0.044,0.142510267,2271.950562,-3.46043047,0.12034245,4.92103074,0,ceq,SVCH
0.044,0.180472177,2161.99081,-3.58793474,0.11474997,4.96236183,0,ceq,SVCH
0.044,0.228546386,2050.754285,-3.71684052,0.10994399,4.99952393,0,ceq,SVCH
0.044,0.289426612,1932.805349,-3.85287667,0.10583123,5.03264056,0,ceq,SVCH
0.044,0.366524124,1812.153529,-3.99436727,0.1022956,5.06215396,0,ceq,SVCH
0.044,0.464158883,1694.568852,-4.1367235,0.09930035,5.08796637,0,ceq,SVCH
0.044,0.587801607,1583.789691,-4.27707029,0.09671457,5.1108835,0,ceq,SVCH
0.044,0.744380301,1480.378953,-4.41486652,0.0944606,5.1313664,0,ceq,SVCH
0.044,0.942668455,1389.471508,-4.54368153,0.09244664,5.15008538,0,ceq,SVCH
0.044,1.19377664,1287.228938,-4.69304475,0.09069741,5.16667751,0,ceq,SVCH
0.044,1.51177507,1206.574852,-4.82076982,0.08911352,5.1819799,0,ceq,SVCH
0.044,1.91448198,1103.849172,-4.98872469,0.08774915,5.19538116,0,ceq,SVCH
0.044,2.42446202,1029.472669,-5.12164242,0.0865696,5.20713616,0,ceq,SVCH
0.044,3.07029063,952.4988706,-5.26749489,0.08549597,5.21797559,0,ceq,SVCH
0.044,3.88815518,879.7103939,-5.41504937,0.08457017,5.22743254,0,ceq,SVCH
0.044,4.92388263,822.8042,-5.53955852,0.08376248,5.2357678,0,ceq,SVCH
0.044,6.23550734,775.7050415,-5.6496324,0.08302714,5.24342678,0,ceq,SVCH
0.044,7.89652287,733.8213031,-5.75333324,0.08233427,5.25070566,0,ceq,SVCH
0.044,10,695.5832187,-5.85326811,0.08167419,5.25769725,0,ceq,SVCH
0.045,0.001,2910.281615,-1.70855903,0.55116426,3.6090667,0,ceq,SVCH
0.045,0.00126638,2909.443984,-1.73771059,0.53326308,3.63774377,0,ceq,SVCH
0.045,0.001603719,2909.094912,-1.75173888,0.52485759,3.65154435,0,ceq,SVCH
0.045,0.002030918,2908.841114,-1.76175996,0.5189291,3.66141107,0,ceq,SVCH
0.045,0.002571914,2908.506241,-1.77496608,0.51121637,3.67441761,0,ceq,SVCH
0.045,0.003257021,2908.006663,-1.79637849,0.4989434,3.69552462,0,ceq,SVCH
0.045,0.004124626,2907.009618,-1.83859795,0.47559625,3.73715022,0,ceq,SVCH
0.045,0.005223345,2903.822059,-1.95131124,0.41863142,3.84796313,0,ceq,SVCH
0.045,0.006614741,2898.432006,-2.09834523,0.35474877,3.99178585,0,ceq,SVCH
0.045,0.008376776,2881.97491,-2.22395742,0.31049764,4.10751199,0,ceq,SVCH
0.045,0.010608184,2864.886617,-2.33323074,0.27707518,4.20643304,0,ceq,SVCH
0.045,0.013433993,2841.0419,-2.43686062,0.25005811,4.29554633,0,ceq,SVCH
0.045,0.017012543,2823.352872,-2.52868862,0.22779939,4.37652369,0,ceq,SVCH
0.045,0.021544347,2796.029912,-2.62193923,0.20862578,4.45289104,0,ceq,SVCH
0.045,0.027283334,2760.325153,-2.71591105,0.19211072,4.52452414,0,ceq,SVCH
0.045,0.034551073,2721.628546,-2.80810613,0.17771312,4.59218848,0,ceq,SVCH
0.045,0.043754794,2673.724488,-2.90318591,0.16504634,4.65641724,0,ceq,SVCH
0.045,0.055410203,2618.530984,-3.00016479,0.15389825,4.71716115,0,ceq,SVCH
0.045,0.070170383,2554.821801,-3.10020357,0.14407672,4.77444106,0,ceq,SVCH
0.045,0.088862382,2481.521842,-3.2050424,0.1353519,4.82869994,0,ceq,SVCH
0.045,0.112533558,2400.717807,-3.31353292,0.12763808,4.87966796,0,ceq,SVCH
0.045,0.142510267,2302.135967,-3.43332105,0.12092162,4.926621,0,ceq,SVCH
0.045,0.180472177,2190.243304,-3.56217265,0.11517399,4.96892,0,ceq,SVCH
0.045,0.228546386,2082.613258,-3.68771309,0.1102447,5.00691305,0,ceq,SVCH
0.045,0.289426612,1963.776271,-3.82369838,0.10602057,5.04084797,0,ceq,SVCH
0.045,0.366524124,1843.692218,-3.96363674,0.10238355,5.07116652,0,ceq,SVCH
0.045,0.464158883,1724.223809,-4.10653985,0.09930436,5.09769107,0,ceq,SVCH
0.045,0.587801607,1611.668889,-4.24730107,0.09665651,5.12116487,0,ceq,SVCH
0.045,0.744380301,1503.600086,-4.38883698,0.09435338,5.14211258,0,ceq,SVCH
0.045,0.942668455,1414.047436,-4.5145006,0.09230945,5.16113509,0,ceq,SVCH
0.045,1.19377664,1308.986643,-4.66571783,0.09051238,5.17821107,0,ceq,SVCH
0.045,1.51177507,1226.769499,-4.79385324,0.08891415,5.19368514,0,ceq,SVCH
0.045,1.91448198,1128.439715,-4.9528928,0.08750287,5.20758226,0,ceq,SVCH
0.045,2.42446202,1048.478825,-5.09254612,0.08630402,5.21956471,0,ceq,SVCH
0.045,3.07029063,971.8243502,-5.23548473,0.08521234,5.23062178,0,ceq,SVCH
0.045,3.88815518,896.1148509,-5.3861077,0.08426529,5.24032927,0,ceq,SVCH
0.045,4.92388263,838.6740536,-5.50965838,0.08344628,5.24881282,0,ceq,SVCH
0.045,6.23550734,790.3515295,-5.62051863,0.08270227,5.25659193,0,ceq,SVCH
0.045,7.89652287,748.9702511,-5.72138915,0.08199871,5.2640127,0,ceq,SVCH
0.045,10,709.9978883,-5.82138659,0.08132287,5.27120136,0,ceq,SVCH
0.046,0.001,2915.967534,-1.69266678,0.55914927,3.60611906,0,ceq,SVCH
0.046,0.00126638,2915.265153,-1.72011221,0.5420288,3.63312765,0,ceq,SVCH
0.046,0.001603719,2914.854144,-1.73342128,0.53391408,3.64623001,0,ceq,SVCH
0.046,0.002030918,2914.606976,-1.7435505,0.52781853,3.65620297,0,ceq,SVCH
0.046,0.002571914,2914.271439,-1.7573215,0.51963582,3.66977437,0,ceq,SVCH
0.046,0.003257021,2913.737025,-1.7799976,0.50642847,3.69213589,0,ceq,SVCH
0.046,0.004124626,2912.795534,-1.82591906,0.48066602,3.73748548,0,ceq,SVCH
0.046,0.005223345,2909.742448,-1.94804809,0.41849848,3.85778509,0,ceq,SVCH
0.046,0.006614741,2905.361683,-2.09080751,0.35613779,3.99793876,0,ceq,SVCH
0.046,0.008376776,2889.841948,-2.21395479,0.31239163,4.11177481,0,ceq,SVCH
0.046,0.010608184,2873.405102,-2.32170165,0.2791116,4.20961851,0,ceq,SVCH
0.046,0.013433993,2850.763415,-2.42393661,0.25208127,4.2980931,0,ceq,SVCH
0.046,0.017012543,2832.282908,-2.51593892,0.22971211,4.37880598,0,ceq,SVCH
0.046,0.021544347,2808.339851,-2.60675803,0.21044889,4.45488097,0,ceq,SVCH
0.046,0.027283334,2772.919847,-2.70059299,0.1937526,4.52667832,0,ceq,SVCH
0.046,0.034551073,2735.426034,-2.79202194,0.17921156,4.5944413,0,ceq,SVCH
0.046,0.043754794,2690.098153,-2.88554766,0.16638656,4.65893831,0,ceq,SVCH
0.046,0.055410203,2636.041023,-2.98192127,0.15508106,4.72005697,0,ceq,SVCH
0.046,0.070170383,2574.915169,-3.08047474,0.1450978,4.77785185,0,ceq,SVCH
0.046,0.088862382,2503.604975,-3.18393755,0.13624796,4.83251376,0,ceq,SVCH
0.046,0.112533558,2424.087786,-3.29162994,0.12838491,4.8841454,0,ceq,SVCH
0.046,0.142510267,2330.06495,-3.4080753,0.12151905,4.93188497,0,ceq,SVCH
0.046,0.180472177,2219.564641,-3.53581163,0.11560835,4.97519416,0,ceq,SVCH
0.046,0.228546386,2112.420644,-3.6605057,0.11056329,5.01395134,0,ceq,SVCH
0.046,0.289426612,1993.939433,-3.79556933,0.10622366,5.04872969,0,ceq,SVCH
0.046,0.366524124,1874.900989,-3.93355316,0.1024929,5.07978577,0,ceq,SVCH
0.046,0.464158883,1753.669097,-4.07696462,0.09932303,5.10707245,0,ceq,SVCH
0.046,0.587801607,1640.083642,-4.21731618,0.09661192,5.13111087,0,ceq,SVCH
0.046,0.744380301,1530.715318,-4.35867285,0.09425626,5.15255246,0,ceq,SVCH
0.046,0.942668455,1436.358256,-4.48849947,0.09218231,5.17187759,0,ceq,SVCH
0.046,1.19377664,1335.745779,-4.63220853,0.090339,5.18942172,0,ceq,SVCH
0.046,1.51177507,1246.724334,-4.76770282,0.08872308,5.20509899,0,ceq,SVCH
0.046,1.91448198,1153.01594,-4.91777143,0.0872725,5.21941737,0,ceq,SVCH
0.046,2.42446202,1067.09309,-5.06455554,0.08604805,5.23169007,0,ceq,SVCH
0.046,3.07029063,990.8142613,-5.20465293,0.08493982,5.24294938,0,ceq,SVCH
0.046,3.88815518,914.2573665,-5.35431854,0.0839701,5.25292272,0,ceq,SVCH
0.046,4.92388263,854.4854571,-5.48041421,0.08313947,5.26155754,0,ceq,SVCH
0.046,6.23550734,805.1295158,-5.59167146,0.08238488,5.269477,0,ceq,SVCH
0.046,7.89652287,763.9221598,-5.69049935,0.08167204,5.27702524,0,ceq,SVCH
0.046,10,724.7316899,-5.78938865,0.080981,5.2844058,0,ceq,SVCH
0.047,0.001,2921.594138,-1.6769397,0.56716865,3.60309019,0,ceq,SVCH
0.047,0.00126638,2920.966124,-1.70276772,0.55079705,3.62852945,0,ceq,SVCH
0.047,0.001603719,2920.599236,-1.71531803,0.54301787,3.64088437,0,ceq,SVCH
0.047,0.002030918,2920.384266,-1.72564998,0.53669047,3.65106468,0,ceq,SVCH
0.047,0.002571914,2920.015022,-1.73999442,0.52802766,3.6651992,0,ceq,SVCH
0.047,0.003257021,2919.45035,-1.76396968,0.51384275,3.68885179,0,ceq,SVCH
0.047,0.004124626,2918.569234,-1.81382573,0.48548923,3.73815304,0,ceq,SVCH
0.047,0.005223345,2915.691417,-1.94371447,0.41887739,3.86633989,0,ceq,SVCH
0.047,0.006614741,2911.808231,-2.08299053,0.35777212,4.0033012,0,ceq,SVCH
0.047,0.008376776,2897.632855,-2.20360904,0.31443385,4.11545625,0,ceq,SVCH
0.047,0.010608184,2881.771648,-2.31013352,0.28121956,4.21242324,0,ceq,SVCH
0.047,0.013433993,2860.577177,-2.41084275,0.25415682,4.30031142,0,ceq,SVCH
0.047,0.017012543,2840.944574,-2.50336358,0.23164132,4.38088066,0,ceq,SVCH
0.047,0.021544347,2819.841278,-2.59210305,0.21228434,4.45667894,0,ceq,SVCH
0.047,0.027283334,2785.410609,-2.68540418,0.19540834,4.5286286,0,ceq,SVCH
0.047,0.034551073,2748.775793,-2.77630358,0.18071684,4.5965175,0,ceq,SVCH
0.047,0.043754794,2705.649335,-2.86851401,0.16773738,4.66125453,0,ceq,SVCH
0.047,0.055410203,2653.149964,-2.96404694,0.15627082,4.72275898,0,ceq,SVCH
0.047,0.070170383,2594.418429,-3.061234,0.14612887,4.78104054,0,ceq,SVCH
0.047,0.088862382,2524.876906,-3.16351599,0.13714938,4.83612566,0,ceq,SVCH
0.047,0.112533558,2446.739331,-3.27034511,0.12914397,4.88836498,0,ceq,SVCH
0.047,0.142510267,2357.177617,-3.38363283,0.12213282,4.93684811,0,ceq,SVCH
0.047,0.180472177,2249.325887,-3.50923237,0.11606629,4.98110149,0,ceq,SVCH
0.047,0.228546386,2139.991829,-3.63535138,0.1108995,5.02065474,0,ceq,SVCH
0.047,0.289426612,2024.586418,-3.76725031,0.10644616,5.05625382,0,ceq,SVCH
0.047,0.366524124,1905.620253,-3.90426903,0.10261826,5.08806358,0,ceq,SVCH
0.047,0.464158883,1782.788366,-4.04803089,0.09935878,5.11610041,0,ceq,SVCH
0.047,0.587801607,1667.920559,-4.18837001,0.09658189,5.14072151,0,ceq,SVCH
0.047,0.744380301,1557.41771,-4.32939423,0.09417203,5.162669,0,ceq,SVCH
0.047,0.942668455,1458.243613,-4.46337387,0.09206359,5.18233692,0,ceq,SVCH
0.047,1.19377664,1362.077628,-4.59984053,0.09018068,5.20028538,0,ceq,SVCH
0.047,1.51177507,1266.260427,-4.74247971,0.08853889,5.21624401,0,ceq,SVCH
0.047,1.91448198,1177.48327,-4.88343214,0.08705722,5.23090262,0,ceq,SVCH
0.047,2.42446202,1085.446572,-5.03743981,0.08580124,5.24352501,0,ceq,SVCH
0.047,3.07029063,1009.790605,-5.17437289,0.08467748,5.25497628,0,ceq,SVCH
0.047,3.88815518,933.0156173,-5.32199654,0.08368631,5.26520326,0,ceq,SVCH
0.047,4.92388263,870.2637577,-5.4517591,0.08284154,5.2740158,0,ceq,SVCH
0.047,6.23550734,820.8260478,-5.56142876,0.08207595,5.28208028,0,ceq,SVCH
0.047,7.89652287,778.6284112,-5.66076583,0.08135401,5.28975418,0,ceq,SVCH
0.047,10,739.3417398,-5.75825977,0.0806487,5.29731735,0,ceq,SVCH
0.048,0.001,2927.161154,-1.66135688,0.57524245,3.59995566,0,ceq,SVCH
0.048,0.00126638,2926.606814,-1.68571098,0.55955543,3.62396981,0,ceq,SVCH
0.048,0.001603719,2926.31175,-1.69773812,0.55197153,3.63582229,0,ceq,SVCH
0.048,0.002030918,2926.038256,-1.70824855,0.5454228,3.64618912,0,ceq,SVCH
0.048,0.002571914,2925.701403,-1.72320364,0.53624543,3.66092862,0,ceq,SVCH
0.048,0.003257021,2925.120242,-1.7486196,0.52098313,3.68600853,0,ceq,SVCH
0.048,0.004124626,2924.189441,-1.80301037,0.48967447,3.7398408,0,ceq,SVCH
0.048,0.005223345,2921.596736,-1.93943597,0.4192381,3.87473414,0,ceq,SVCH
0.048,0.006614741,2917.923041,-2.07550243,0.35935527,4.00861004,0,ceq,SVCH
0.048,0.008376776,2904.624594,-2.19389178,0.31644835,4.11905285,0,ceq,SVCH
0.048,0.010608184,2889.882834,-2.29884504,0.28329577,4.21517699,0,ceq,SVCH
0.048,0.013433993,2870.335301,-2.39792073,0.25621243,4.30245717,0,ceq,SVCH
0.048,0.017012543,2849.363927,-2.49110164,0.23354408,4.38291907,0,ceq,SVCH
0.048,0.021544347,2830.707488,-2.57804263,0.2140968,4.45843576,0,ceq,SVCH
0.048,0.027283334,2797.873714,-2.67035904,0.19705694,4.5304743,0,ceq,SVCH
0.048,0.034551073,2761.637637,-2.76103677,0.18221153,4.59850644,0,ceq,SVCH
0.048,0.043754794,2720.052108,-2.85232966,0.16908396,4.66345099,0,ceq,SVCH
0.048,0.055410203,2669.74179,-2.94662008,0.1574602,4.72531543,0,ceq,SVCH
0.048,0.070170383,2612.549781,-3.04296037,0.1471682,4.784029,0,ceq,SVCH
0.048,0.088862382,2545.351285,-3.14376524,0.13805087,4.83957724,0,ceq,SVCH
0.048,0.112533558,2468.780621,-3.24960211,0.12991399,4.89234533,0,ceq,SVCH
0.048,0.142510267,2383.412668,-3.3599372,0.1227618,4.94152946,0,ceq,SVCH
0.048,0.180472177,2278.596027,-3.48320339,0.11654436,4.9866751,0,ceq,SVCH
0.048,0.228546386,2166.858977,-3.61096555,0.11124648,5.0270835,0,ceq,SVCH
0.048,0.289426612,2054.907802,-3.73951166,0.10668196,5.06347371,0,ceq,SVCH
0.048,0.366524124,1935.66283,-3.87588825,0.10276141,5.09599658,0,ceq,SVCH
0.048,0.464158883,1812.125018,-4.01924816,0.09940886,5.12480635,0,ceq,SVCH
0.048,0.587801607,1695.149834,-4.16038914,0.09656383,5.15002751,0,ceq,SVCH
0.048,0.744380301,1583.511328,-4.30122192,0.0940991,5.17248501,0,ceq,SVCH
0.048,0.942668455,1479.674484,-4.43907354,0.0919524,5.19253011,0,ceq,SVCH
0.048,1.19377664,1387.953417,-4.56853684,0.09003681,5.21081566,0,ceq,SVCH
0.048,1.51177507,1285.441229,-4.71810097,0.08836178,5.22712672,0,ceq,SVCH
0.048,1.91448198,1201.336537,-4.85059992,0.08685683,5.2420477,0,ceq,SVCH
0.048,2.42446202,1104.325362,-5.00988607,0.08556381,5.25507534,0,ceq,SVCH
0.048,3.07029063,1028.833728,-5.1445079,0.08442558,5.26670741,0,ceq,SVCH
0.048,3.88815518,951.7745507,-5.29022928,0.08341374,5.27718033,0,ceq,SVCH
0.048,4.92388263,885.9339448,-5.4237928,0.0825521,5.28619918,0,ceq,SVCH
0.048,6.23550734,836.4114201,-5.53191397,0.0817758,5.29440589,0,ceq,SVCH
0.048,7.89652287,792.9288893,-5.6324982,0.08104278,5.30222677,0,ceq,SVCH
0.048,10,753.8277012,-5.72805796,0.08032464,5.3099579,0,ceq,SVCH
0.049,0.001,2932.656146,-1.64599235,0.58332988,3.59678273,0,ceq,SVCH
0.049,0.00126638,2932.138152,-1.66889678,0.56834059,3.61939365,0,ceq,SVCH
0.049,0.001603719,2931.873417,-1.68039211,0.56097004,3.63073167,0,ceq,SVCH
0.049,0.002030918,2931.635689,-1.69117173,0.55414466,3.64136419,0,ceq,SVCH
0.049,0.002571914,2931.268651,-1.70673343,0.54443133,3.65672454,0,ceq,SVCH
0.049,0.003257021,2930.758276,-1.7335647,0.52806989,3.68322777,0,ceq,SVCH
0.049,0.004124626,2929.881125,-1.79270785,0.49359986,3.74186028,0,ceq,SVCH
0.049,0.005223345,2927.529848,-1.93421011,0.42006241,3.88198412,0,ceq,SVCH
0.049,0.006614741,2924.07208,-2.06753918,0.3611518,4.01323103,0,ceq,SVCH
0.049,0.008376776,2911.187991,-2.18415398,0.31857142,4.12219975,0,ceq,SVCH
0.049,0.010608184,2897.876309,-2.28747721,0.28544306,4.21757134,0,ceq,SVCH
0.049,0.013433993,2879.86156,-2.38509859,0.25831007,4.30432887,0,ceq,SVCH
0.049,0.017012543,2857.894386,-2.47879033,0.23547401,4.3847273,0,ceq,SVCH
0.049,0.021544347,2840.913659,-2.5644187,0.21592031,4.46002592,0,ceq,SVCH
0.049,0.027283334,2809.378187,-2.65591531,0.19871924,4.53213191,0,ceq,SVCH
0.049,0.034551073,2774.11258,-2.74609224,0.1837097,4.60034629,0,ceq,SVCH
0.049,0.043754794,2734.101898,-2.83646973,0.1704386,4.66547701,0,ceq,SVCH
0.049,0.055410203,2685.973641,-2.92951937,0.15865886,4.72768303,0,ceq,SVCH
0.049,0.070170383,2629.917278,-3.02529358,0.14821655,4.7868195,0,ceq,SVCH
0.049,0.088862382,2565.259576,-3.12456889,0.13895867,4.84284071,0,ceq,SVCH
0.049,0.112533558,2490.278944,-3.22933707,0.13069622,4.8960865,0,ceq,SVCH
0.049,0.142510267,2408.008756,-3.33754686,0.12340694,4.94593157,0,ceq,SVCH
0.049,0.180472177,2306.93483,-3.45801621,0.11704328,4.99191945,0,ceq,SVCH
0.049,0.228546386,2193.134697,-3.58720002,0.11160997,5.0332063,0,ceq,SVCH
0.049,0.289426612,2084.642841,-3.71245767,0.10694009,5.07033097,0,ceq,SVCH
0.049,0.366524124,1964.973409,-3.84844243,0.10291979,5.10361315,0,ceq,SVCH
0.049,0.464158883,1842.016586,-3.99026222,0.09947487,5.13318423,0,ceq,SVCH
0.049,0.587801607,1722.876784,-4.13228363,0.09655765,5.15903717,0,ceq,SVCH
0.049,0.744380301,1609.716633,-4.27323868,0.09403893,5.18199539,0,ceq,SVCH
0.049,0.942668455,1501.425762,-4.41469909,0.09184898,5.20246237,0,ceq,SVCH
0.049,1.19377664,1411.333968,-4.54074067,0.08990703,5.22102349,0,ceq,SVCH
0.049,1.51177507,1305.82635,-4.69246124,0.08819143,5.23775776,0,ceq,SVCH
0.049,1.91448198,1220.848417,-4.82447941,0.08666867,5.25288623,0,ceq,SVCH
0.049,2.42446202,1126.3292,-4.97791283,0.08533812,5.2663242,0,ceq,SVCH
0.049,3.07029063,1047.504828,-5.11577743,0.08418442,5.27814685,0,ceq,SVCH
0.049,3.88815518,970.5595103,-5.2590158,0.08315256,5.28885907,0,ceq,SVCH
0.049,4.92388263,901.7143416,-5.39607602,0.08227055,5.29812147,0,ceq,SVCH
0.049,6.23550734,851.9185592,-5.50309187,0.0814844,5.30646137,0,ceq,SVCH
0.049,7.89652287,807.5877602,-5.60394003,0.08073806,5.31445367,0,ceq,SVCH
0.049,10,768.1818451,-5.69871261,0.08000936,5.3223287,0,ceq,SVCH
0.05,0.001,2938.045677,-1.63078965,0.59145218,3.59354578,0,ceq,SVCH
0.05,0.00126638,2937.649652,-1.652413,0.57706673,3.61493255,0,ceq,SVCH
0.05,0.001603719,2937.400581,-1.66353438,0.56981137,3.62592259,0,ceq,SVCH
0.05,0.002030918,2937.176197,-1.67455543,0.56271514,3.63680747,0,ceq,SVCH
0.05,0.002571914,2936.838062,-1.69077155,0.55242831,3.65283277,0,ceq,SVCH
0.05,0.003257021,2936.297126,-1.71922407,0.53482528,3.68096062,0,ceq,SVCH
0.05,0.004124626,2935.418318,-1.78395916,0.4967171,3.74516622,0,ceq,SVCH
0.05,0.005223345,2933.475519,-1.9292175,0.42077788,3.88928076,0,ceq,SVCH
0.05,0.006614741,2930.052193,-2.05985922,0.36286373,4.01789995,0,ceq,SVCH
0.05,0.008376776,2917.655441,-2.17472994,0.32062108,4.12540318,0,ceq,SVCH
0.05,0.010608184,2905.004853,-2.27682191,0.28755504,4.21994399,0,ceq,SVCH
0.05,0.013433993,2888.978673,-2.37266516,0.26037898,4.30617535,0,ceq,SVCH
0.05,0.017012543,2866.461945,-2.46657617,0.23737972,4.38649976,0,ceq,SVCH
0.05,0.021544347,2850.44719,-2.55142156,0.21771502,4.46161031,0,ceq,SVCH
0.05,0.027283334,2820.759893,-2.64171044,0.20037173,4.533714,0,ceq,SVCH
0.05,0.034551073,2786.238901,-2.73148386,0.1852021,4.60209505,0,ceq,SVCH
0.05,0.043754794,2747.625973,-2.82105983,0.1717846,4.66741788,0,ceq,SVCH
0.05,0.055410203,2701.688713,-2.91285118,0.15985771,4.72991977,0,ceq,SVCH
0.05,0.070170383,2646.749533,-3.00807047,0.1492647,4.78947201,0,ceq,SVCH
0.05,0.088862382,2584.466708,-3.10594355,0.13986743,4.84595359,0,ceq,SVCH
0.05,0.112533558,2511.160742,-3.20959166,0.13148538,4.89963172,0,ceq,SVCH
0.05,0.142510267,2430.158707,-3.31702399,0.1240616,4.95011084,0,ceq,SVCH
0.05,0.180472177,2333.736759,-3.43413658,0.11755924,4.99687273,0,ceq,SVCH
0.05,0.228546386,2220.699438,-3.56258766,0.11198408,5.03907359,0,ceq,SVCH
0.05,0.289426612,2112.559606,-3.68712521,0.10721339,5.07688783,0,ceq,SVCH
0.05,0.366524124,1993.539798,-3.8218758,0.10309483,5.11091197,0,ceq,SVCH
0.05,0.464158883,1871.78676,-3.96167696,0.09955898,5.14122411,0,ceq,SVCH
0.05,0.587801607,1750.427362,-4.10460698,0.09656757,5.16772271,0,ceq,SVCH
0.05,0.744380301,1636.782516,-4.24469921,0.09399222,5.19120123,0,ceq,SVCH
0.05,0.942668455,1526.388186,-4.3869161,0.09175416,5.21213273,0,ceq,SVCH
0.05,1.19377664,1432.554219,-4.51598767,0.08978749,5.23095318,0,ceq,SVCH
0.05,1.51177507,1331.231659,-4.66056858,0.08803227,5.24810071,0,ceq,SVCH
0.05,1.91448198,1240.273824,-4.79885724,0.0864898,5.26345452,0,ceq,SVCH
0.05,2.42446202,1148.148994,-4.94674571,0.08512606,5.27725921,0,ceq,SVCH
0.05,3.07029063,1065.770606,-5.08811403,0.08395348,5.2893069,0,ceq,SVCH
0.05,3.88815518,989.2943332,-5.22841043,0.08290282,5.30024569,0,ceq,SVCH
0.05,4.92388263,919.5871868,-5.36485697,0.0819985,5.30977239,0,ceq,SVCH
0.05,6.23550734,867.3606581,-5.47493653,0.08120155,5.31825557,0,ceq,SVCH
0.05,7.89652287,822.9848722,-5.57431285,0.08044186,5.32642002,0,ceq,SVCH
0.05,10,782.3178508,-5.67039303,0.07970185,5.33444741,0,ceq,SVCH
0.051,0.001,2943.306796,-1.61577854,0.59960687,3.59025274,0,ceq,SVCH
0.051,0.00126638,2942.998224,-1.63611145,0.58585052,3.61041144,0,ceq,SVCH
0.051,0.001603719,2942.844346,-1.6468933,0.57869033,3.62109244,0,ceq,SVCH
0.051,0.002030918,2942.648078,-1.65818462,0.57129169,3.63226885,0,ceq,SVCH
0.051,0.002571914,2942.346635,-1.67505884,0.56041254,3.64896912,0,ceq,SVCH
0.051,0.003257021,2941.846444,-1.70511898,0.54153125,3.67873765,0,ceq,SVCH
0.051,0.004124626,2940.898257,-1.77573905,0.49956986,3.74879203,0,ceq,SVCH
0.051,0.005223345,2939.38791,-1.92342844,0.42188897,3.89559075,0,ceq,SVCH
0.051,0.006614741,2936.092835,-2.05176822,0.36476078,4.0219712,0,ceq,SVCH
0.051,0.008376776,2924.081419,-2.1651212,0.32276588,4.12821155,0,ceq,SVCH
0.051,0.010608184,2911.735061,-2.26628697,0.28971825,4.22203579,0,ceq,SVCH
0.051,0.013433993,2897.776054,-2.36038873,0.26247934,4.30779452,0,ceq,SVCH
0.051,0.017012543,2875.259459,-2.45419844,0.23931421,4.38804896,0,ceq,SVCH
0.051,0.021544347,2859.417353,-2.53880551,0.21951185,4.46306969,0,ceq,SVCH
0.051,0.027283334,2832.104604,-2.62757099,0.20203196,4.5351462,0,ceq,SVCH
0.051,0.034551073,2798.142988,-2.71709924,0.18669927,4.60370072,0,ceq,SVCH
0.051,0.043754794,2760.731935,-2.80597789,0.17313613,4.66921118,0,ceq,SVCH
0.051,0.055410203,2716.127849,-2.89707663,0.16105973,4.73201065,0,ceq,SVCH
0.051,0.070170383,2663.185805,-2.99121993,0.15032139,4.7919444,0,ceq,SVCH
0.051,0.088862382,2602.981711,-3.08789099,0.1407813,4.84889586,0,ceq,SVCH
0.051,0.112533558,2531.49992,-3.19034419,0.13228019,4.90299573,0,ceq,SVCH
0.051,0.142510267,2451.734654,-3.29705001,0.12472446,4.95408324,0,ceq,SVCH
0.051,0.180472177,2359.868699,-3.41085266,0.11809195,5.00154603,0,ceq,SVCH
0.051,0.228546386,2248.415694,-3.53800127,0.1123757,5.04464139,0,ceq,SVCH
0.051,0.289426612,2138.647433,-3.66347863,0.10750014,5.08316707,0,ceq,SVCH
0.051,0.366524124,2022.487497,-3.7952438,0.10328347,5.1179242,0,ceq,SVCH
0.051,0.464158883,1901.283102,-3.93361375,0.09966126,5.1489329,0,ceq,SVCH
0.051,0.587801607,1777.667174,-4.07759753,0.0965891,5.17612852,0,ceq,SVCH
0.051,0.744380301,1663.301356,-4.21711181,0.09395801,5.20011743,0,ceq,SVCH
0.051,0.942668455,1551.603541,-4.35923481,0.09167462,5.22148698,0,ceq,SVCH
0.051,1.19377664,1453.463341,-4.49190245,0.08967587,5.24063322,0,ceq,SVCH
0.051,1.51177507,1356.242837,-4.62963144,0.08788691,5.25813605,0,ceq,SVCH
0.051,1.91448198,1259.606842,-4.77368176,0.08632025,5.27375919,0,ceq,SVCH
0.051,2.42446202,1169.89084,-4.91616874,0.08492745,5.28788826,0,ceq,SVCH
0.051,3.07029063,1083.744676,-5.06137196,0.0837324,5.3001974,0,ceq,SVCH
0.051,3.88815518,1008.246306,-5.19796011,0.08266407,5.31135088,0,ceq,SVCH
0.051,4.92388263,937.7073972,-5.33374883,0.08173739,5.3211429,0,ceq,SVCH
0.051,6.23550734,882.6747308,-5.4474533,0.08092659,5.32980191,0,ceq,SVCH
0.051,7.89652287,838.3094434,-5.54536392,0.08015446,5.33812902,0,ceq,SVCH
0.051,10,796.0348377,-5.64345306,0.07940138,5.34632834,0,ceq,SVCH
0.052,0.001,2948.492314,-1.60101159,0.60774746,3.58697216,0,ceq,SVCH
0.052,0.00126638,2948.288646,-1.62022263,0.59453269,3.60606624,0,ceq,SVCH
0.052,0.001603719,2948.152876,-1.63074889,0.58742009,3.61652056,0,ceq,SVCH
0.052,0.002030918,2948.017111,-1.6423157,0.57970666,3.62800138,0,ceq,SVCH
0.052,0.002571914,2947.769574,-1.65988546,0.56818968,3.64543128,0,ceq,SVCH
0.052,0.003257021,2947.338384,-1.69176166,0.54788085,3.67704568,0,ceq,SVCH
0.052,0.004124626,2946.320585,-1.7690828,0.50155552,3.75377969,0,ceq,SVCH
0.052,0.005223345,2945.239721,-1.91789563,0.42288967,3.90196419,0,ceq,SVCH
0.052,0.006614741,2941.978177,-2.0439662,0.3665699,4.02610702,0,ceq,SVCH
0.052,0.008376776,2930.409581,-2.15580734,0.32484012,4.13107966,0,ceq,SVCH
0.052,0.010608184,2918.383728,-2.25604204,0.29182374,4.22417827,0,ceq,SVCH
0.052,0.013433993,2905.43839,-2.34897311,0.26455076,4.30940245,0,ceq,SVCH
0.052,0.017012543,2884.294043,-2.44178851,0.24123815,4.38952832,0,ceq,SVCH
0.052,0.021544347,2867.982499,-2.52663734,0.22128839,4.46450351,0,ceq,SVCH
0.052,0.027283334,2843.29437,-2.61366733,0.20368188,4.53651458,0,ceq,SVCH
0.052,0.034551073,2808.962227,-2.7034684,0.1881886,4.60523347,0,ceq,SVCH
0.052,0.043754794,2773.431506,-2.79129485,0.17448134,4.67092194,0,ceq,SVCH
0.052,0.055410203,2730.180631,-2.88165801,0.16226412,4.73397531,0,ceq,SVCH
0.052,0.070170383,2679.145454,-2.97471935,0.15137958,4.79428559,0,ceq,SVCH
0.052,0.088862382,2620.202873,-3.07077614,0.14169906,4.85168514,0,ceq,SVCH
0.052,0.112533558,2551.30059,-3.1715883,0.13307981,4.90619472,0,ceq,SVCH
0.052,0.142510267,2472.721854,-3.27759743,0.12539449,4.95786302,0,ceq,SVCH
0.052,0.180472177,2385.26045,-3.38824537,0.11863931,5.00596252,0,ceq,SVCH
0.052,0.228546386,2275.689657,-3.51391367,0.11278476,5.04991837,0,ceq,SVCH
0.052,0.289426612,2164.161744,-3.64044373,0.10780004,5.08918068,0,ceq,SVCH
0.052,0.366524124,2051.131742,-3.76912126,0.10348638,5.1246515,0,ceq,SVCH
0.052,0.464158883,1929.893905,-3.90662654,0.09977941,5.15633681,0,ceq,SVCH
0.052,0.587801607,1805.039368,-4.05070831,0.0966258,5.18423226,0,ceq,SVCH
0.052,0.744380301,1689.269126,-4.19039682,0.09393719,5.20874324,0,ceq,SVCH
0.052,0.942668455,1576.44954,-4.33230206,0.09160535,5.23057609,0,ceq,SVCH
0.052,1.19377664,1474.153765,-4.46830597,0.08957555,5.25003916,0,ceq,SVCH
0.052,1.51177507,1380.964631,-4.59957075,0.08775658,5.26785845,0,ceq,SVCH
0.052,1.91448198,1278.859363,-4.74894617,0.08616,5.2838063,0,ceq,SVCH
0.052,2.42446202,1191.697832,-4.88599147,0.08474245,5.29821561,0,ceq,SVCH
0.052,3.07029063,1101.64817,-5.03509224,0.08352091,5.31082719,0,ceq,SVCH
0.052,3.88815518,1027.482764,-5.16751526,0.08243711,5.32217204,0,ceq,SVCH
0.052,4.92388263,956.0330634,-5.30276151,0.08148772,5.33223327,0,ceq,SVCH
0.052,6.23550734,897.8495688,-5.42071861,0.08065896,5.34111239,0,ceq,SVCH
0.052,7.89652287,853.5883512,-5.51701844,0.07987566,5.34958868,0,ceq,SVCH
0.052,10,810.454737,-5.61550747,0.07910628,5.35799568,0,ceq,SVCH
0.053,0.001,2953.588579,-1.58641723,0.61591161,3.58365415,0,ceq,SVCH
0.053,0.00126638,2953.452564,-1.6045644,0.60322662,3.6017296,0,ceq,SVCH
0.053,0.001603719,2953.384559,-1.61493502,0.59609666,3.61205701,0,ceq,SVCH
0.053,0.002030918,2953.298136,-1.62680216,0.58805167,3.62385948,0,ceq,SVCH
0.053,0.002571914,2953.112555,-1.64510587,0.57585559,3.64206325,0,ceq,SVCH
0.053,0.003257021,2952.761813,-1.67891874,0.55400648,3.67566059,0,ceq,SVCH
0.053,0.004124626,2951.75291,-1.76343172,0.5029836,3.75958252,0,ceq,SVCH
0.053,0.005223345,2951.1147,-1.91214411,0.4240137,3.90793332,0,ceq,SVCH
0.053,0.006614741,2947.871353,-2.036131,0.36841788,4.03001172,0,ceq,SVCH
0.053,0.008376776,2936.62668,-2.14656597,0.32692293,4.13380054,0,ceq,SVCH
0.053,0.010608184,2924.945046,-2.24591417,0.29392686,4.2262135,0,ceq,SVCH
0.053,0.013433993,2912.585218,-2.33802093,0.26660154,4.31096585,0,ceq,SVCH
0.053,0.017012543,2893.531678,-2.42933665,0.24316909,4.39087546,0,ceq,SVCH
0.053,0.021544347,2876.20539,-2.51475393,0.22304981,4.46588639,0,ceq,SVCH
0.053,0.027283334,2854.048949,-2.60010113,0.20532892,4.53779268,0,ceq,SVCH
0.053,0.034551073,2819.577151,-2.69011543,0.18967182,4.6066856,0,ceq,SVCH
0.053,0.043754794,2785.660615,-2.77696042,0.17582536,4.67252946,0,ceq,SVCH
0.053,0.055410203,2743.816038,-2.86660412,0.16346308,4.73585125,0,ceq,SVCH
0.053,0.070170383,2694.790961,-2.95855177,0.15244066,4.79648958,0,ceq,SVCH
0.053,0.088862382,2636.98768,-3.05404922,0.14262182,4.8543205,0,ceq,SVCH
0.053,0.112533558,2570.571171,-3.15330583,0.13388218,4.90924685,0,ceq,SVCH
0.053,0.142510267,2493.24146,-3.25858017,0.12607145,4.96145754,0,ceq,SVCH
0.053,0.180472177,2408.859455,-3.36706105,0.11919966,5.01014139,0,ceq,SVCH
0.053,0.228546386,2302.440261,-3.49034124,0.11321148,5.05491111,0,ceq,SVCH
0.053,0.289426612,2189.136887,-3.6180247,0.10811163,5.09494648,0,ceq,SVCH
0.053,0.366524124,2079.198667,-3.74365377,0.1037068,5.131076,0,ceq,SVCH
0.053,0.464158883,1957.994998,-3.88035813,0.09991332,5.16344406,0,ceq,SVCH
0.053,0.587801607,1833.708102,-4.02289524,0.09667713,5.19204374,0,ceq,SVCH
0.053,0.744380301,1715.474975,-4.16373553,0.09392909,5.21709075,0,ceq,SVCH
0.053,0.942668455,1601.267875,-4.30569906,0.09155053,5.23936921,0,ceq,SVCH
0.053,1.19377664,1494.588474,-4.44528808,0.08948299,5.2592095,0,ceq,SVCH
0.053,1.51177507,1404.633161,-4.57120704,0.08764035,5.27728211,0,ceq,SVCH
0.053,1.91448198,1298.066295,-4.72458578,0.08600918,5.29360054,0,ceq,SVCH
0.053,2.42446202,1211.635542,-4.85892574,0.08457097,5.3082475,0,ceq,SVCH
0.053,3.07029063,1122.316988,-5.00487669,0.08332121,5.32117903,0,ceq,SVCH
0.053,3.88815518,1046.504984,-5.13790591,0.08222231,5.33271077,0,ceq,SVCH
0.053,4.92388263,974.578632,-5.2719317,0.08124995,5.34304385,0,ceq,SVCH
0.053,6.23550734,914.8298695,-5.39097521,0.08039961,5.35218221,0,ceq,SVCH
0.053,7.89652287,868.789916,-5.48930763,0.07960535,5.36080562,0,ceq,SVCH
0.053,10,825.3881325,-5.58695488,0.07882013,5.36941583,0,ceq,SVCH
0.054,0.001,2958.625527,-1.57202158,0.62408434,3.58032238,0,ceq,SVCH
0.054,0.00126638,2958.557403,-1.58919067,0.61189472,3.59745531,0,ceq,SVCH
0.054,0.001603719,2958.48928,-1.59946502,0.6047134,3.60770912,0,ceq,SVCH
0.054,0.002030918,2958.430021,-1.61162975,0.59632164,3.61984705,0,ceq,SVCH
0.054,0.002571914,2958.35304,-1.63066199,0.58343557,3.63882236,0,ceq,SVCH
0.054,0.003257021,2958.080578,-1.66651168,0.55994156,3.67452272,0,ceq,SVCH
0.054,0.004124626,2957.127159,-1.75849899,0.50400846,3.76593242,0,ceq,SVCH
0.054,0.005223345,2956.922895,-1.90611049,0.4252976,3.91342465,0,ceq,SVCH
0.054,0.006614741,2953.682927,-2.02820417,0.3703329,4.03362652,0,ceq,SVCH
0.054,0.008376776,2942.818338,-2.13731762,0.32903658,4.13632265,0,ceq,SVCH
0.054,0.010608184,2931.42139,-2.23584387,0.2960427,4.22810211,0,ceq,SVCH
0.054,0.013433993,2919.47828,-2.32725056,0.26865062,4.31243533,0,ceq,SVCH
0.054,0.017012543,2902.464115,-2.41705824,0.24511371,4.39207357,0,ceq,SVCH
0.054,0.021544347,2884.269117,-2.50305846,0.22481629,4.46715562,0,ceq,SVCH
0.054,0.027283334,2864.291412,-2.58694415,0.20697231,4.53898482,0,ceq,SVCH
0.054,0.034551073,2830.15211,-2.67683143,0.19115516,4.60803881,0,ceq,SVCH
0.054,0.043754794,2797.57025,-2.76294876,0.17716865,4.67403548,0,ceq,SVCH
0.054,0.055410203,2757.098961,-2.8518347,0.16466745,4.73759505,0,ceq,SVCH
0.054,0.070170383,2709.38696,-2.94310044,0.1535078,4.79854943,0,ceq,SVCH
0.054,0.088862382,2653.360242,-3.03768167,0.14354822,4.85681369,0,ceq,SVCH
0.054,0.112533558,2589.223927,-3.13552262,0.13468541,4.91216712,0,ceq,SVCH
0.054,0.142510267,2513.275249,-3.23994171,0.12675907,4.96485183,0,ceq,SVCH
0.054,0.180472177,2430.160205,-3.34762827,0.1197695,5.01411644,0,ceq,SVCH
0.054,0.228546386,2328.01753,-3.46773917,0.113655,5.05963305,0,ceq,SVCH
0.054,0.289426612,2214.785298,-3.59518812,0.10843461,5.1004733,0,ceq,SVCH
0.054,0.366524124,2106.195115,-3.71924922,0.10394331,5.13721545,0,ceq,SVCH
0.054,0.464158883,1985.550692,-3.85476882,0.10006334,5.17025855,0,ceq,SVCH
0.054,0.587801607,1862.430192,-3.99526766,0.09674589,5.19954408,0,ceq,SVCH
0.054,0.744380301,1741.815142,-4.13720038,0.09393508,5.22515284,0,ceq,SVCH
0.054,0.942668455,1627.297668,-4.27805014,0.09150868,5.24788406,0,ceq,SVCH
0.054,1.19377664,1517.996692,-4.41905998,0.08940224,5.26811183,0,ceq,SVCH
0.054,1.51177507,1425.717142,-4.54632552,0.08753784,5.28641667,0,ceq,SVCH
0.054,1.91448198,1322.301439,-4.69383066,0.085871,5.30311508,0,ceq,SVCH
0.054,2.42446202,1230.773675,-4.833332,0.08441217,5.31799794,0,ceq,SVCH
0.054,3.07029063,1142.879379,-4.975268,0.08313511,5.33123908,0,ceq,SVCH
0.054,3.88815518,1065.268141,-5.10916949,0.08201954,5.34297331,0,ceq,SVCH
0.054,4.92388263,993.2672869,-5.24134979,0.08102479,5.35357213,0,ceq,SVCH
0.054,6.23550734,932.3915263,-5.36065132,0.08015168,5.36298271,0,ceq,SVCH
0.054,7.89652287,883.8775995,-5.46225646,0.07934368,5.37178336,0,ceq,SVCH
0.054,10,840.3030164,-5.55888845,0.07854337,5.38058896,0,ceq,SVCH
0.055,0.001,2963.534586,-1.55781729,0.63225168,3.57699748,0,ceq,SVCH
0.055,0.00126638,2963.534586,-1.57410253,0.62051274,3.59327599,0,ceq,SVCH
0.055,0.001603719,2963.534586,-1.58429181,0.61327497,3.60346696,0,ceq,SVCH
0.055,0.002030918,2963.534586,-1.59680303,0.60451133,3.61596846,0,ceq,SVCH
0.055,0.002571914,2963.528505,-1.61662971,0.59088055,3.63577766,0,ceq,SVCH
0.055,0.003257021,2963.398113,-1.65464512,0.56561315,3.6737381,0,ceq,SVCH
0.055,0.004124626,2962.44298,-1.75433883,0.50460458,3.7728746,0,ceq,SVCH
0.055,0.005223345,2962.715844,-1.89996939,0.42664384,3.91864637,0,ceq,SVCH
0.055,0.006614741,2959.467053,-2.02030201,0.37226309,4.0370799,0,ceq,SVCH
0.055,0.008376776,2948.912232,-2.12818557,0.331141,4.13875318,0,ceq,SVCH
0.055,0.010608184,2937.792165,-2.22592967,0.29814441,4.22992504,0,ceq,SVCH
0.055,0.013433993,2926.192847,-2.31672485,0.27067612,4.31387734,0,ceq,SVCH
0.055,0.017012543,2910.457841,-2.40540501,0.24705531,4.39319112,0,ceq,SVCH
0.055,0.021544347,2892.266073,-2.49148728,0.22657188,4.46836634,0,ceq,SVCH
0.055,0.027283334,2873.944835,-2.57428374,0.20860867,4.54011407,0,ceq,SVCH
0.055,0.034551073,2840.758371,-2.66365519,0.19263447,4.60931084,0,ceq,SVCH
0.055,0.043754794,2808.392022,-2.74968933,0.17851072,4.67545128,0,ceq,SVCH
0.055,0.055410203,2769.96122,-2.83740768,0.16587066,4.73924003,0,ceq,SVCH
0.055,0.070170383,2723.337278,-2.92816602,0.15457374,4.80050772,0,ceq,SVCH
0.055,0.088862382,2669.333829,-3.02161727,0.14448096,4.8591579,0,ceq,SVCH
0.055,0.112533558,2607.030373,-3.11841413,0.13549522,4.91493153,0,ceq,SVCH
0.055,0.142510267,2532.85509,-3.22171728,0.12745385,4.96807297,0,ceq,SVCH
0.055,0.180472177,2450.821731,-3.32872748,0.12034773,5.0179034,0,ceq,SVCH
0.055,0.228546386,2353.112524,-3.44560096,0.11411324,5.06410643,0,ceq,SVCH
0.055,0.289426612,2240.683493,-3.57236015,0.10876268,5.10581746,0,ceq,SVCH
0.055,0.366524124,2130.804528,-3.69714117,0.10417562,5.14324517,0,ceq,SVCH
0.055,0.464158883,2012.556441,-3.83003246,0.10021179,5.17694064,0,ceq,SVCH
0.055,0.587801607,1890.691629,-3.96844433,0.09681944,5.20685229,0,ceq,SVCH
0.055,0.744380301,1767.541468,-4.11160759,0.09394899,5.23299375,0,ceq,SVCH
0.055,0.942668455,1653.104125,-4.25103912,0.09147695,5.25615434,0,ceq,SVCH
0.055,1.19377664,1542.210703,-4.39226266,0.08933068,5.27677591,0,ceq,SVCH
0.055,1.51177507,1446.43846,-4.52221059,0.08744398,5.29531722,0,ceq,SVCH
0.055,1.91448198,1347.121931,-4.66279397,0.08574742,5.3123349,0,ceq,SVCH
0.055,2.42446202,1250.201373,-4.80762456,0.08426413,5.32749145,0,ceq,SVCH
0.055,3.07029063,1163.410746,-4.94615002,0.0829624,5.34101432,0,ceq,SVCH
0.055,3.88815518,1083.77893,-5.08126665,0.08182818,5.3529711,0,ceq,SVCH
0.055,4.92388263,1012.508858,-5.21031201,0.08081207,5.36382451,0,ceq,SVCH
0.055,6.23550734,950.230115,-5.33027918,0.0799156,5.37351378,0,ceq,SVCH
0.055,7.89652287,898.7454014,-5.43604913,0.07908984,5.38253554,0,ceq,SVCH
0.055,10,855.2327509,-5.53125517,0.07827588,5.39152102,0,ceq,SVCH
0.056,0.001,2968.45179,-1.54375872,0.64043812,3.57364862,0,ceq,SVCH
0.056,0.00126638,2968.520142,-1.5592596,0.62910573,3.58915521,0,ceq,SVCH
0.056,0.001603719,2968.520142,-1.56941316,0.62178738,3.5993186,0,ceq,SVCH
0.056,0.002030918,2968.520142,-1.58229278,0.61262586,3.61221186,0,ceq,SVCH
0.056,0.002571914,2968.588495,-1.60295924,0.59820202,3.63290687,0,ceq,SVCH
0.056,0.003257021,2968.653531,-1.64332137,0.57101913,3.67330099,0,ceq,SVCH
0.056,0.004124626,2967.836693,-1.75059034,0.5049564,3.78009453,0,ceq,SVCH
0.056,0.005223345,2968.45179,-1.89368448,0.42808355,3.92354696,0,ceq,SVCH
0.056,0.006614741,2965.20001,-2.01239285,0.37421811,4.04035484,0,ceq,SVCH
0.056,0.008376776,2954.950368,-2.11911822,0.33324945,4.14106475,0,ceq,SVCH
0.056,0.010608184,2944.055799,-2.2161094,0.30024671,4.23164866,0,ceq,SVCH
0.056,0.013433993,2932.77461,-2.30636228,0.27269614,4.31524728,0,ceq,SVCH
0.056,0.017012543,2918.350027,-2.3939733,0.24898565,4.39425632,0,ceq,SVCH
0.056,0.021544347,2900.245534,-2.47997948,0.22833011,4.46947834,0,ceq,SVCH
0.056,0.027283334,2882.941342,-2.5620892,0.21023683,4.54118771,0,ceq,SVCH
0.056,0.034551073,2851.389635,-2.65051851,0.1941121,4.61049774,0,ceq,SVCH
0.056,0.043754794,2818.710173,-2.73683116,0.17984461,4.67680862,0,ceq,SVCH
0.056,0.055410203,2782.536975,-2.82329788,0.1670719,4.74079647,0,ceq,SVCH
0.056,0.070170383,2736.979872,-2.91351872,0.15564055,4.80235791,0,ceq,SVCH
0.056,0.088862382,2684.914079,-3.00589009,0.14541686,4.86137471,0,ceq,SVCH
0.056,0.112533558,2623.85955,-3.10206467,0.1363029,4.91759208,0,ceq,SVCH
0.056,0.142510267,2551.961717,-3.20388542,0.12815479,4.97113382,0,ceq,SVCH
0.056,0.180472177,2470.918811,-3.31035953,0.12092942,5.02154003,0,ceq,SVCH
0.056,0.228546386,2377.385046,-3.42432628,0.11456789,5.06847712,0,ceq,SVCH
0.056,0.289426612,2265.665836,-3.5505209,0.10908465,5.11107544,0,ceq,SVCH
0.056,0.366524124,2154.426094,-3.67611591,0.10440024,5.14919963,0,ceq,SVCH
0.056,0.464158883,2038.809065,-3.80634404,0.10034834,5.18358225,0,ceq,SVCH
0.056,0.587801607,1916.988571,-3.94389515,0.09688115,5.21412429,0,ceq,SVCH
0.056,0.744380301,1792.044274,-4.08763636,0.09395308,5.24078123,0,ceq,SVCH
0.056,0.942668455,1677.793685,-4.22559025,0.09144427,5.26429022,0,ceq,SVCH
0.056,1.19377664,1565.9089,-4.36642715,0.08926479,5.28524249,0,ceq,SVCH
0.056,1.51177507,1466.659227,-4.4989635,0.08735532,5.30402389,0,ceq,SVCH
0.056,1.91448198,1371.476193,-4.63279524,0.08563577,5.32129184,0,ceq,SVCH
0.056,2.42446202,1269.888901,-4.78191301,0.0841269,5.33673254,0,ceq,SVCH
0.056,3.07029063,1183.975186,-4.91739569,0.08280279,5.35051241,0,ceq,SVCH
0.056,3.88815518,1102.255028,-5.05383704,0.08164798,5.36271138,0,ceq,SVCH
0.056,4.92388263,1032.135515,-5.17911077,0.08061316,5.37379033,0,ceq,SVCH
0.056,6.23550734,968.3639358,-5.29985271,0.07969215,5.38377118,0,ceq,SVCH
0.056,7.89652287,915.3867352,-5.40688742,0.07884456,5.39305875,0,ceq,SVCH
0.056,10,870.1700691,-5.50403986,0.07801773,5.40221567,0,ceq,SVCH
0.057,0.001,2973.377153,-1.52988953,0.64861725,3.5703127,0,ceq,SVCH
0.057,0.00126638,2973.377153,-1.54461361,0.63769702,3.58506101,0,ceq,SVCH
0.057,0.001603719,2973.445618,-1.55483,0.6302291,3.5952926,0,ceq,SVCH
0.057,0.002030918,2973.445618,-1.56807882,0.62066194,3.60857903,0,ceq,SVCH
0.057,0.002571914,2973.582553,-1.58963487,0.60540595,3.63019603,0,ceq,SVCH
0.057,0.003257021,2973.787968,-1.63258079,0.57612826,3.67325102,0,ceq,SVCH
0.057,0.004124626,2973.171766,-1.74706755,0.50519434,3.78737223,0,ceq,SVCH
0.057,0.005223345,2974.130358,-1.88733468,0.42957571,3.928212,0,ceq,SVCH
0.057,0.006614741,2970.856101,-2.00453773,0.37618133,4.04349494,0,ceq,SVCH
0.057,0.008376776,2960.877978,-2.11015547,0.33535482,4.14328301,0,ceq,SVCH
0.057,0.010608184,2950.241784,-2.20643569,0.30233368,4.23331796,0,ceq,SVCH
0.057,0.013433993,2939.277972,-2.29618003,0.27469678,4.31658414,0,ceq,SVCH
0.057,0.017012543,2925.902514,-2.38281248,0.25089745,4.39529796,0,ceq,SVCH
0.057,0.021544347,2907.447628,-2.46901873,0.23008507,4.47051522,0,ceq,SVCH
0.057,0.027283334,2891.46367,-2.5503173,0.2118562,4.54220823,0,ceq,SVCH
0.057,0.034551073,2862.019427,-2.63745416,0.19559331,4.6115832,0,ceq,SVCH
0.057,0.043754794,2828.863977,-2.7241891,0.18117611,4.67808893,0,ceq,SVCH
0.057,0.055410203,2794.671918,-2.80948525,0.16827743,4.74224009,0,ceq,SVCH
0.057,0.070170383,2750.361374,-2.89909771,0.15670926,4.80410245,0,ceq,SVCH
0.057,0.088862382,2700.109917,-2.99049923,0.14635714,4.86346237,0,ceq,SVCH
0.057,0.112533558,2640.21666,-3.0861052,0.13711802,4.92010254,0,ceq,SVCH
0.057,0.142510267,2570.63743,-3.18644171,0.12886281,4.974036,0,ceq,SVCH
0.057,0.180472177,2490.393365,-3.29260176,0.12150512,5.02510062,0,ceq,SVCH
0.057,0.228546386,2400.935301,-3.40369581,0.11503115,5.07265819,0,ceq,SVCH
0.057,0.289426612,2290.379203,-3.52899057,0.10942476,5.11605806,0,ceq,SVCH
0.057,0.366524124,2177.839288,-3.65530486,0.10464576,5.15484597,0,ceq,SVCH
0.057,0.464158883,2065.048813,-3.78266518,0.10051602,5.18981869,0,ceq,SVCH
0.057,0.587801607,1943.169905,-3.91951182,0.09697088,5.22100652,0,ceq,SVCH
0.057,0.744380301,1817.809428,-4.06269482,0.09396679,5.24834033,0,ceq,SVCH
0.057,0.942668455,1701.954342,-4.20098659,0.0914182,5.27222455,0,ceq,SVCH
0.057,1.19377664,1589.28487,-4.34124997,0.08920781,5.29348346,0,ceq,SVCH
0.057,1.51177507,1486.664939,-4.47619804,0.08727578,5.31250172,0,ceq,SVCH
0.057,1.91448198,1395.608667,-4.6034469,0.08554015,5.3299492,0,ceq,SVCH
0.057,2.42446202,1289.88244,-4.75605162,0.08400283,5.34570126,0,ceq,SVCH
0.057,3.07029063,1204.352406,-4.88924704,0.08265854,5.35971368,0,ceq,SVCH
0.057,3.88815518,1122.882588,-5.02337114,0.08148227,5.37216281,0,ceq,SVCH
0.057,4.92388263,1051.843002,-5.14821802,0.08042963,5.38345691,0,ceq,SVCH
0.057,6.23550734,986.8626046,-5.26926247,0.07948286,5.39374209,0,ceq,SVCH
0.057,7.89652287,932.53477,-5.37720992,0.07861228,5.40330834,0,ceq,SVCH
0.057,10,885.0737754,-5.47729896,0.07776977,5.41266751,0,ceq,SVCH
0.058,0.001,2978.242111,-1.51618215,0.65678273,3.566999,0,ceq,SVCH
0.058,0.00126638,2978.242111,-1.53020403,0.64624572,3.58104752,0,ceq,SVCH
0.058,0.001603719,2978.310688,-1.54049535,0.63862061,3.5913567,0,ceq,SVCH
0.058,0.002030918,2978.379267,-1.55416013,0.62861499,3.60507315,0,ceq,SVCH
0.058,0.002571914,2978.516429,-1.57664607,0.61248528,3.62765109,0,ceq,SVCH
0.058,0.003257021,2978.859364,-1.62237823,0.58093997,3.67357997,0,ceq,SVCH
0.058,0.004124626,2978.516429,-1.74339119,0.50551197,3.79438019,0,ceq,SVCH
0.058,0.005223345,2979.819789,-1.88089348,0.4311265,3.93263515,0,ceq,SVCH
0.058,0.006614741,2976.463113,-1.99667552,0.37816736,4.04647695,0,ceq,SVCH
0.058,0.008376776,2966.777596,-2.10129783,0.33745274,4.14541713,0,ceq,SVCH
0.058,0.010608184,2956.396464,-2.19686878,0.30441494,4.23491221,0,ceq,SVCH
0.058,0.013433993,2945.654486,-2.28614626,0.27668424,4.31787441,0,ceq,SVCH
0.058,0.017012543,2933.186811,-2.37193321,0.25279628,4.39630172,0,ceq,SVCH
0.058,0.021544347,2914.840765,-2.45804457,0.23183124,4.47150034,0,ceq,SVCH
0.058,0.027283334,2899.498562,-2.53889041,0.21346906,4.54317391,0,ceq,SVCH
0.058,0.034551073,2872.548069,-2.62453245,0.19707365,4.61258778,0,ceq,SVCH
0.058,0.043754794,2838.896689,-2.71170115,0.18250426,4.67929905,0,ceq,SVCH
0.058,0.055410203,2805.980921,-2.79627634,0.16948049,4.74360539,0,ceq,SVCH
0.058,0.070170383,2763.408386,-2.88497778,0.15777778,4.80575283,0,ceq,SVCH
0.058,0.088862382,2714.071939,-2.97593895,0.1473025,4.86542462,0,ceq,SVCH
0.058,0.112533558,2656.16215,-3.07049949,0.13793422,4.92249984,0,ceq,SVCH
0.058,0.142510267,2588.771992,-3.16950467,0.12956707,4.97685371,0,ceq,SVCH
0.058,0.180472177,2509.312555,-3.27530119,0.12208326,5.02853004,0,ceq,SVCH
0.058,0.228546386,2421.557898,-3.38523795,0.11550839,5.0766153,0,ceq,SVCH
0.058,0.289426612,2314.604998,-3.50782874,0.10978607,5.12074779,0,ceq,SVCH
0.058,0.366524124,2201.066708,-3.63466432,0.10491118,5.16019871,0,ceq,SVCH
0.058,0.464158883,2091.187215,-3.75913988,0.10071005,5.19569663,0,ceq,SVCH
0.058,0.587801607,1969.631743,-3.89494429,0.09709073,5.2274868,0,ceq,SVCH
0.058,0.744380301,1845.224788,-4.03625959,0.09401446,5.25545297,0,ceq,SVCH
0.058,0.942668455,1727.002839,-4.17567802,0.09141189,5.27983716,0,ceq,SVCH
0.058,1.19377664,1613.621267,-4.31525688,0.08916444,5.30145951,0,ceq,SVCH
0.058,1.51177507,1507.940343,-4.45221798,0.08720855,5.32072446,0,ceq,SVCH
0.058,1.91448198,1417.600526,-4.5771023,0.08546129,5.33830335,0,ceq,SVCH
0.058,2.42446202,1312.795926,-4.72659294,0.0838941,5.35437946,0,ceq,SVCH
0.058,3.07029063,1223.857229,-4.86269708,0.08253052,5.36861315,0,ceq,SVCH
0.058,3.88815518,1143.546566,-4.99328886,0.081334,5.38129803,0,ceq,SVCH
0.058,4.92388263,1071.609708,-5.11767909,0.08026305,5.39281095,0,ceq,SVCH
0.058,6.23550734,1005.996548,-5.23802276,0.07928965,5.40340923,0,ceq,SVCH
0.058,7.89652287,950.1687886,-5.34706119,0.07839455,5.41327047,0,ceq,SVCH
0.058,10,899.7498611,-5.45139786,0.07753107,5.42289064,0,ceq,SVCH
0.059,0.001,2983.115028,-1.5025828,0.66496669,3.56366704,0,ceq,SVCH
0.059,0.00126638,2983.115028,-1.51604322,0.65472941,3.57714257,0,ceq,SVCH
0.059,0.001603719,2983.131424,-1.52641486,0.64694756,3.58752841,0,ceq,SVCH
0.059,0.002030918,2983.252409,-1.54051216,0.63648897,3.60168488,0,ceq,SVCH
0.059,0.002571914,2983.458492,-1.56399434,0.61942765,3.6252854,0,ceq,SVCH
0.059,0.003257021,2983.939407,-1.61276682,0.58541332,3.67434129,0,ceq,SVCH
0.059,0.004124626,2983.801995,-1.7395285,0.50595972,3.8010363,0,ceq,SVCH
0.059,0.005223345,2985.395534,-1.8744199,0.43271611,3.93686203,0,ceq,SVCH
0.059,0.006614741,2982.030933,-1.98887829,0.38015353,4.04935079,0,ceq,SVCH
0.059,0.008376776,2972.572491,-2.09253009,0.3395508,4.1474597,0,ceq,SVCH
0.059,0.010608184,2962.449395,-2.18742931,0.30648524,4.23645019,0,ceq,SVCH
0.059,0.013433993,2951.972605,-2.27624399,0.2786628,4.31911113,0,ceq,SVCH
0.059,0.017012543,2940.249091,-2.36132482,0.25467962,4.39728029,0,ceq,SVCH
0.059,0.021544347,2922.392831,-2.44705869,0.23357056,4.47243061,0,ceq,SVCH
0.059,0.027283334,2906.40299,-2.52825785,0.21507399,4.54409351,0,ceq,SVCH
0.059,0.034551073,2882.755939,-2.61185864,0.19855321,4.61351527,0,ceq,SVCH
0.059,0.043754794,2848.862868,-2.69935059,0.18382683,4.68045114,0,ceq,SVCH
0.059,0.055410203,2816.549137,-2.78361979,0.17067834,4.74491044,0,ceq,SVCH
0.059,0.070170383,2776.17432,-2.87112694,0.15884592,4.80731469,0,ceq,SVCH
0.059,0.088862382,2727.725713,-2.96169939,0.14824527,4.86730648,0,ceq,SVCH
0.059,0.112533558,2671.693857,-3.05521761,0.13875504,4.92476992,0,ceq,SVCH
0.059,0.142510267,2606.067942,-3.15322444,0.13026842,4.97958849,0,ceq,SVCH
0.059,0.180472177,2527.927218,-3.25831085,0.12266985,5.03179065,0,ceq,SVCH
0.059,0.228546386,2441.690569,-3.36721614,0.11599628,5.08037812,0,ceq,SVCH
0.059,0.289426612,2338.562301,-3.48694994,0.11016751,5.12515923,0,ceq,SVCH
0.059,0.366524124,2225.770446,-3.61291701,0.10519574,5.16526995,0,ceq,SVCH
0.059,0.464158883,2115.981609,-3.73678352,0.10092647,5.20125605,0,ceq,SVCH
0.059,0.587801607,1996.109956,-3.87046666,0.09723561,5.23361557,0,ceq,SVCH
0.059,0.744380301,1873.356762,-4.00927683,0.09409156,5.26216495,0,ceq,SVCH
0.059,0.942668455,1752.588663,-4.14990288,0.09143551,5.28703654,0,ceq,SVCH
0.059,1.19377664,1639.315248,-4.28800195,0.08914292,5.30909255,0,ceq,SVCH
0.059,1.51177507,1531.944772,-4.42526869,0.0871585,5.32864705,0,ceq,SVCH
0.059,1.91448198,1439.171643,-4.55148272,0.08540023,5.3463482,0,ceq,SVCH
0.059,2.42446202,1338.845733,-4.69337366,0.08380778,5.36269759,0,ceq,SVCH
0.059,3.07029063,1244.322586,-4.83504166,0.08242093,5.37719131,0,ceq,SVCH
0.059,3.88815518,1164.418869,-4.96325564,0.08120526,5.39009796,0,ceq,SVCH
0.059,4.92388263,1091.409649,-5.08747547,0.08011534,5.40183491,0,ceq,SVCH
0.059,6.23550734,1026.240692,-5.2053296,0.07911569,5.41274099,0,ceq,SVCH
0.059,7.89652287,968.4175846,-5.31626519,0.07819361,5.42292373,0,ceq,SVCH
0.059,10,916.5003679,-5.42190639,0.07730504,5.4328506,0,ceq,SVCH
0.06,0.001,2987.995919,-1.49663688,0.66734706,3.56786244,0,ceq,SVCH
0.06,0.00126638,2987.995919,-1.50606223,0.66014742,3.57728416,0,ceq,SVCH
0.06,0.001603719,2987.995919,-1.51657686,0.65218275,3.58782717,0,ceq,SVCH
0.06,0.002030918,2988.133525,-1.5321084,0.64058152,3.60341706,0,ceq,SVCH
0.06,0.002571914,2988.408755,-1.55893257,0.62098155,3.63040816,0,ceq,SVCH
0.06,0.003257021,2989.028115,-1.61822813,0.57975392,3.69007826,0,ceq,SVCH
0.06,0.004124626,2989.234596,-1.75415318,0.49570749,3.82611765,0,ceq,SVCH
0.06,0.005223345,2991.25248,-1.87983606,0.42835712,3.95295634,0,ceq,SVCH
0.06,0.006614741,2986.827006,-1.98976772,0.37854996,4.06032186,0,ceq,SVCH
0.06,0.008376776,2977.651186,-2.09005518,0.33934922,4.15527276,0,ceq,SVCH
0.06,0.010608184,2967.949673,-2.18265506,0.30703282,4.24219791,0,ceq,SVCH
0.06,0.013433993,2957.744884,-2.26989398,0.2796061,4.32347491,0,ceq,SVCH
0.06,0.017012543,2946.665221,-2.35361333,0.25583508,4.40064539,0,ceq,SVCH
0.06,0.021544347,2929.604029,-2.43817068,0.23481606,4.47511277,0,ceq,SVCH
0.06,0.027283334,2912.720395,-2.51945864,0.21631882,4.54637755,0,ceq,SVCH
0.06,0.034551073,2892.099119,-2.60086139,0.19978415,4.61544487,0,ceq,SVCH
0.06,0.043754794,2858.354883,-2.68814534,0.18497359,4.68234621,0,ceq,SVCH
0.06,0.055410203,2826.539484,-2.77203498,0.17175289,4.74675959,0,ceq,SVCH
0.06,0.070170383,2788.220996,-2.85822799,0.15983005,4.8092508,0,ceq,SVCH
0.06,0.088862382,2740.682382,-2.94830196,0.14912814,4.86944713,0,ceq,SVCH
0.06,0.112533558,2686.534418,-3.04071425,0.13953416,4.92720531,0,ceq,SVCH
0.06,0.142510267,2622.210107,-3.13802524,0.13093904,4.98242733,0,ceq,SVCH
0.06,0.180472177,2545.923125,-3.24191226,0.12324483,5.03502812,0,ceq,SVCH
0.06,0.228546386,2461.091202,-3.34983685,0.1164797,5.08406498,0,ceq,SVCH
0.06,0.289426612,2362.057042,-3.46650839,0.11055727,5.12939085,0,ceq,SVCH
0.06,0.366524124,2249.994453,-3.59166206,0.10549285,5.17011942,0,ceq,SVCH
0.06,0.464158883,2139.819176,-3.71535802,0.10115701,5.20657349,0,ceq,SVCH
0.06,0.587801607,2023.190687,-3.84555727,0.09740304,5.23942069,0,ceq,SVCH
0.06,0.744380301,1903.104641,-3.98062954,0.09422821,5.268204,0,ceq,SVCH
0.06,0.942668455,1780.812465,-4.12118405,0.09153848,5.29335879,0,ceq,SVCH
0.06,1.19377664,1668.79216,-4.2563759,0.08921363,5.31570325,0,ceq,SVCH
0.06,1.51177507,1559.425008,-4.39410314,0.08718559,5.33567613,0,ceq,SVCH
0.06,1.91448198,1463.059011,-4.52289561,0.08539932,5.35365686,0,ceq,SVCH
0.06,2.42446202,1367.453014,-4.65696757,0.08377642,5.37032194,0,ceq,SVCH
0.06,3.07029063,1267.231972,-4.80405784,0.08235318,5.38520477,0,ceq,SVCH
0.06,3.88815518,1186.68017,-4.9313445,0.08111254,5.39838951,0,ceq,SVCH
0.06,4.92388263,1113.186411,-5.05440388,0.07999907,5.41039565,0,ceq,SVCH
0.06,6.23550734,1047.660462,-5.17100154,0.0789723,5.42161587,0,ceq,SVCH
0.06,7.89652287,987.7397623,-5.28390059,0.07801775,5.43217861,0,ceq,SVCH
0.06,10,934.1551343,-5.39105623,0.07710061,5.44244982,0,ceq,SVCH
0.061,0.001,2992.953339,-1.47584089,0.68125703,3.55712208,0,ceq,SVCH
0.061,0.00126638,2992.884796,-1.48821597,0.67164497,3.56946519,0,ceq,SVCH
0.061,0.001603719,2992.884796,-1.49891903,0.66341847,3.58016928,0,ceq,SVCH
0.061,0.002030918,2992.95371,-1.51399422,0.65198249,3.59527236,0,ceq,SVCH
0.061,0.002571914,2993.160463,-1.53964871,0.63290061,3.62107313,0,ceq,SVCH
0.061,0.003257021,2993.883535,-1.59537802,0.59328729,3.67721419,0,ceq,SVCH
0.061,0.004124626,2994.470231,-1.73115086,0.50723504,3.81332704,0,ceq,SVCH
0.061,0.005223345,2996.534451,-1.86134508,0.43601914,3.9447338,0,ceq,SVCH
0.061,0.006614741,2993.061262,-1.97338259,0.38415029,4.05474485,0,ceq,SVCH
0.061,0.008376776,2983.947873,-2.07528651,0.34371698,4.15134451,0,ceq,SVCH
0.061,0.010608184,2974.358515,-2.16889454,0.31058865,4.23937495,0,ceq,SVCH
0.061,0.013433993,2964.338947,-2.25686512,0.28257506,4.3214774,0,ceq,SVCH
0.061,0.017012543,2953.666297,-2.34086303,0.25838888,4.39919907,0,ceq,SVCH
0.061,0.021544347,2937.756046,-2.42518451,0.23703427,4.47412354,0,ceq,SVCH
0.061,0.027283334,2919.549433,-2.50772463,0.21823615,4.5458918,0,ceq,SVCH
0.061,0.034551073,2901.710342,-2.58769758,0.20150022,4.61519517,0,ceq,SVCH
0.061,0.043754794,2868.698662,-2.67491583,0.18646332,4.68255771,0,ceq,SVCH
0.061,0.055410203,2836.865846,-2.7590775,0.17306367,4.74733491,0,ceq,SVCH
0.061,0.070170383,2800.56681,-2.84429576,0.1609878,4.8101608,0,ceq,SVCH
0.061,0.088862382,2753.98142,-2.93403343,0.15013481,4.87078316,0,ceq,SVCH
0.061,0.112533558,2701.518432,-3.0257079,0.14039815,4.92902151,0,ceq,SVCH
0.061,0.142510267,2638.467485,-3.12244215,0.13167351,4.9847473,0,ceq,SVCH
0.061,0.180472177,2564.101787,-3.22515338,0.12387258,5.03779376,0,ceq,SVCH
0.061,0.228546386,2480.478268,-3.33231546,0.11700251,5.08735373,0,ceq,SVCH
0.061,0.289426612,2385.674894,-3.44586606,0.11098551,5.13321152,0,ceq,SVCH
0.061,0.366524124,2274.304465,-3.57030839,0.10582156,5.17459573,0,ceq,SVCH
0.061,0.464158883,2164.117795,-3.69334437,0.10143435,5.21137456,0,ceq,SVCH
0.061,0.587801607,2052.320839,-3.81849619,0.0976556,5.24435122,0,ceq,SVCH
0.061,0.744380301,1932.42902,-3.95244571,0.09440718,5.27373473,0,ceq,SVCH
0.061,0.942668455,1809.376338,-4.09250676,0.09164822,5.29949694,0,ceq,SVCH
0.061,1.19377664,1696.842971,-4.22676584,0.08928078,5.32222843,0,ceq,SVCH
0.061,1.51177507,1586.181823,-4.36425455,0.0872154,5.34255792,0,ceq,SVCH
0.061,1.91448198,1486.393449,-4.49534475,0.08540415,5.36078621,0,ceq,SVCH
0.061,2.42446202,1395.807769,-4.62143085,0.08376325,5.37763705,0,ceq,SVCH
0.061,3.07029063,1291.126951,-4.7721352,0.08230465,5.39289541,0,ceq,SVCH
0.061,3.88815518,1208.963383,-4.89979659,0.08104013,5.40634379,0,ceq,SVCH
0.061,4.92388263,1135.952631,-5.02023243,0.07990624,5.41858266,0,ceq,SVCH
0.061,6.23550734,1069.627952,-5.13627472,0.07885387,5.430098,0,ceq,SVCH
0.061,7.89652287,1008.088549,-5.25018538,0.07786368,5.44107421,0,ceq,SVCH
0.061,10,952.5683467,-5.35923717,0.0769155,5.45171636,0,ceq,SVCH
0.062,0.001,2997.919728,-1.46259037,0.68942733,3.55382947,0,ceq,SVCH
0.062,0.00126638,2997.781672,-1.47459528,0.68001342,3.56577095,0,ceq,SVCH
0.062,0.001603719,2997.781672,-1.48549603,0.67155382,3.57664454,0,ceq,SVCH
0.062,0.002030918,2997.781672,-1.50108059,0.65960601,3.59223674,0,ceq,SVCH
0.062,0.002571914,2997.988758,-1.52794563,0.63941676,3.61923817,0,ceq,SVCH
0.062,0.003257021,2998.817248,-1.58761471,0.59664115,3.67937968,0,ceq,SVCH
0.062,0.004124626,2999.787903,-1.72672656,0.50802194,3.81904163,0,ceq,SVCH
0.062,0.005223345,3002.159487,-1.8547248,0.43771719,3.94842142,0,ceq,SVCH
0.062,0.006614741,2998.469089,-1.96575462,0.38613803,4.05732085,0,ceq,SVCH
0.062,0.008376776,2989.525333,-2.06683028,0.34578418,4.15319859,0,ceq,SVCH
0.062,0.010608184,2980.248281,-2.15980845,0.31262244,4.24076871,0,ceq,SVCH
0.062,0.013433993,2970.434296,-2.24737501,0.28451267,4.32260391,0,ceq,SVCH
0.062,0.017012543,2960.097068,-2.33096925,0.26021637,4.40013834,0,ceq,SVCH
0.062,0.021544347,2945.299686,-2.41442213,0.2387521,4.47491361,0,ceq,SVCH
0.062,0.027283334,2926.089612,-2.49766008,0.21979899,4.54675541,0,ceq,SVCH
0.062,0.034551073,2909.451949,-2.57678925,0.20296158,4.61597979,0,ceq,SVCH
0.062,0.043754794,2878.651073,-2.66277656,0.18778034,4.68350571,0,ceq,SVCH
0.062,0.055410203,2846.65598,-2.74717406,0.17424867,4.74846993,0,ceq,SVCH
0.062,0.070170383,2811.512845,-2.83173624,0.16205853,4.81146497,0,ceq,SVCH
0.062,0.088862382,2766.708162,-2.92056663,0.15108167,4.87238494,0,ceq,SVCH
0.062,0.112533558,2715.031065,-3.01195875,0.14121978,4.93101527,0,ceq,SVCH
0.062,0.142510267,2654.026819,-3.10757796,0.13238034,4.98715897,0,ceq,SVCH
0.062,0.180472177,2581.722786,-3.20896194,0.12448731,5.04055578,0,ceq,SVCH
0.062,0.228546386,2499.210246,-3.31540925,0.11751946,5.09058636,0,ceq,SVCH
0.062,0.289426612,2407.863713,-3.42638183,0.11142042,5.13687631,0,ceq,SVCH
0.062,0.366524124,2298.616725,-3.54889675,0.10618096,5.17871448,0,ceq,SVCH
0.062,0.464158883,2188.639639,-3.67111648,0.10174757,5.21575915,0,ceq,SVCH
0.062,0.587801607,2080.095535,-3.79295834,0.09790153,5.24922832,0,ceq,SVCH
0.062,0.744380301,1960.858082,-3.92540894,0.09458821,5.27913277,0,ceq,SVCH
0.062,0.942668455,1839.80714,-4.06237346,0.09176843,5.3054204,0,ceq,SVCH
0.062,1.19377664,1725.547169,-4.19682921,0.08936372,5.32848394,0,ceq,SVCH
0.062,1.51177507,1614.352331,-4.33316692,0.08726515,5.34912455,0,ceq,SVCH
0.062,1.91448198,1511.722655,-4.46572344,0.08542942,5.36759109,0,ceq,SVCH
0.062,2.42446202,1422.347593,-4.58854411,0.08377904,5.3845352,0,ceq,SVCH
0.062,3.07029063,1319.72652,-4.73426489,0.08228545,5.40015985,0,ceq,SVCH
0.062,3.88815518,1232.037331,-4.86745399,0.08099507,5.4138888,0,ceq,SVCH
0.062,4.92388263,1159.225369,-4.98568812,0.07984417,5.42631955,0,ceq,SVCH
0.062,6.23550734,1092.151958,-5.10102205,0.07876716,5.43811552,0,ceq,SVCH
0.062,7.89652287,1030.21042,-5.21383779,0.07774008,5.44951593,0,ceq,SVCH
0.062,10,972.1154259,-5.32575101,0.07675598,5.46058153,0,ceq,SVCH
0.063,0.001,3003.032276,-1.44943628,0.69756065,3.55059139,0,ceq,SVCH
0.063,0.00126638,3002.893985,-1.46108993,0.68833977,3.56214964,0,ceq,SVCH
0.063,0.001603719,3002.79682,-1.47222113,0.6796182,3.57322519,0,ceq,SVCH
0.063,0.002030918,3002.7557,-1.48836058,0.66712399,3.58934168,0,ceq,SVCH
0.063,0.002571914,3002.96313,-1.51651458,0.64576108,3.61761136,0,ceq,SVCH
0.063,0.003257021,3003.86216,-1.58049175,0.59953827,3.68212103,0,ceq,SVCH
0.063,0.004124626,3005.258574,-1.72213968,0.50884847,3.82457974,0,ceq,SVCH
0.063,0.005223345,3007.933463,-1.84806765,0.4393971,3.95204346,0,ceq,SVCH
0.063,0.006614741,3003.968828,-1.95817552,0.38810684,4.05985531,0,ceq,SVCH
0.063,0.008376776,2995.034432,-2.05853141,0.34781723,4.15505297,0,ceq,SVCH
0.063,0.010608184,2986.023633,-2.15088208,0.31462774,4.24216331,0,ceq,SVCH
0.063,0.013433993,2976.41991,-2.23804192,0.28642986,4.3237207,0,ceq,SVCH
0.063,0.017012543,2966.346413,-2.32128608,0.26202097,4.40108293,0,ceq,SVCH
0.063,0.021544347,2952.733573,-2.4038831,0.24045489,4.47568983,0,ceq,SVCH
0.063,0.027283334,2932.622052,-2.48765324,0.2213495,4.54759975,0,ceq,SVCH
0.063,0.034551073,2916.740968,-2.5662762,0.20440633,4.61676659,0,ceq,SVCH
0.063,0.043754794,2888.703019,-2.65067738,0.18909654,4.68438782,0,ceq,SVCH
0.063,0.055410203,2856.261763,-2.73546357,0.17542815,4.74955902,0,ceq,SVCH
0.063,0.070170383,2822.150149,-2.81950327,0.1631234,4.81272489,0,ceq,SVCH
0.063,0.088862382,2779.220869,-2.90733085,0.15202561,4.87392262,0,ceq,SVCH
0.063,0.112533558,2728.286533,-2.99846619,0.14204082,4.93292857,0,ceq,SVCH
0.063,0.142510267,2669.269994,-3.09298873,0.13309146,4.98945442,0,ceq,SVCH
0.063,0.180472177,2598.994606,-3.19305967,0.12510949,5.04317428,0,ceq,SVCH
0.063,0.228546386,2517.569581,-3.29882962,0.1180453,5.09365737,0,ceq,SVCH
0.063,0.289426612,2428.2628,-3.40823183,0.1118716,5.14031549,0,ceq,SVCH
0.063,0.366524124,2323.068659,-3.52731373,0.10657151,5.18247298,0,ceq,SVCH
0.063,0.464158883,2213.220015,-3.64907633,0.10205738,5.22006644,0,ceq,SVCH
0.063,0.587801607,2106.715604,-3.76856895,0.09815801,5.25390487,0,ceq,SVCH
0.063,0.744380301,1989.019154,-3.89880579,0.09478589,5.28426816,0,ceq,SVCH
0.063,0.942668455,1870.622396,-4.03214833,0.09191163,5.31101404,0,ceq,SVCH
0.063,1.19377664,1754.39146,-4.16696869,0.08947155,5.33438545,0,ceq,SVCH
0.063,1.51177507,1644.535709,-4.30021193,0.08734387,5.35529012,0,ceq,SVCH
0.063,1.91448198,1540.320104,-4.43264292,0.0854853,5.37397209,0,ceq,SVCH
0.063,2.42446202,1449.127531,-4.55566075,0.08382672,5.39098993,0,ceq,SVCH
0.063,3.07029063,1351.978762,-4.69208468,0.08230668,5.40688464,0,ceq,SVCH
0.063,3.88815518,1257.258761,-4.83233561,0.08098408,5.42095549,0,ceq,SVCH
0.063,4.92388263,1183.326307,-4.9502177,0.07981801,5.43355303,0,ceq,SVCH
0.063,6.23550734,1116.660364,-5.06301157,0.07871892,5.44559654,0,ceq,SVCH
0.063,7.89652287,1053.943033,-5.17523011,0.07765612,5.45740346,0,ceq,SVCH
0.063,10,993.1158227,-5.29006351,0.07662932,5.46896479,0,ceq,SVCH
0.064,0.001,3008.292078,-1.43638271,0.70566656,3.5473954,0,ceq,SVCH
0.064,0.00126638,3008.084279,-1.44772738,0.69660288,3.55862405,0,ceq,SVCH
0.064,0.001603719,3007.944174,-1.45908926,0.68761422,3.56990454,0,ceq,SVCH
0.064,0.002030918,3007.807237,-1.47582259,0.67455048,3.58656529,0,ceq,SVCH
0.064,0.002571914,3007.945755,-1.5053715,0.65193571,3.61618496,0,ceq,SVCH
0.064,0.003257021,3008.915559,-1.57403368,0.60198368,3.68542491,0,ceq,SVCH
0.064,0.004124626,3010.734571,-1.71743319,0.50974948,3.82988297,0,ceq,SVCH
0.064,0.005223345,3013.64895,-1.84143542,0.44108755,3.95554562,0,ceq,SVCH
0.064,0.006614741,3009.421984,-1.95065671,0.39006069,4.06233044,0,ceq,SVCH
0.064,0.008376776,3000.498152,-2.05032871,0.3498458,4.15684338,0,ceq,SVCH
0.064,0.010608184,2991.749866,-2.14207739,0.3166167,4.24352744,0,ceq,SVCH
0.064,0.013433993,2982.325004,-2.22883637,0.28833294,4.32480871,0,ceq,SVCH
0.064,0.017012543,2972.496794,-2.31176811,0.26381142,4.40200808,0,ceq,SVCH
0.064,0.021544347,2959.897797,-2.39357763,0.24214469,4.4764467,0,ceq,SVCH
0.064,0.027283334,2939.313205,-2.47768117,0.22289062,4.54841318,0,ceq,SVCH
0.064,0.034551073,2923.674666,-2.55608812,0.20583771,4.61754503,0,ceq,SVCH
0.064,0.043754794,2898.672068,-2.63867505,0.19041316,4.68520033,0,ceq,SVCH
0.064,0.055410203,2865.692832,-2.72392906,0.1766041,4.75059508,0,ceq,SVCH
0.064,0.070170383,2832.497266,-2.80751565,0.16418522,4.81392824,0,ceq,SVCH
0.064,0.088862382,2791.382419,-2.89437098,0.15296768,4.87539561,0,ceq,SVCH
0.064,0.112533558,2741.218609,-2.98525225,0.14286222,4.93475952,0,ceq,SVCH
0.064,0.142510267,2684.079632,-3.07870681,0.13380719,4.99163531,0,ceq,SVCH
0.064,0.180472177,2615.387838,-3.17776773,0.12573762,5.04566375,0,ceq,SVCH
0.064,0.228546386,2535.58819,-3.28250477,0.11857987,5.09657228,0,ceq,SVCH
0.064,0.289426612,2448.603169,-3.38998118,0.1123571,5.14339361,0,ceq,SVCH
0.064,0.366524124,2347.038845,-3.5062592,0.10696748,5.18609113,0,ceq,SVCH
0.064,0.464158883,2237.983108,-3.6270008,0.10237764,5.22418501,0,ceq,SVCH
0.064,0.587801607,2131.76127,-3.7456511,0.09842943,5.25834596,0,ceq,SVCH
0.064,0.744380301,2017.598661,-3.87198714,0.09500631,5.28908976,0,ceq,SVCH
0.064,0.942668455,1901.884452,-4.00171166,0.09208679,5.31619997,0,ceq,SVCH
0.064,1.19377664,1783.476447,-4.13709016,0.08960832,5.33989802,0,ceq,SVCH
0.064,1.51177507,1675.420156,-4.26677157,0.08745768,5.36099843,0,ceq,SVCH
0.064,1.91448198,1570.050127,-4.39847024,0.08557814,5.3798687,0,ceq,SVCH
0.064,2.42446202,1476.709134,-4.5220121,0.08391154,5.39695088,0,ceq,SVCH
0.064,3.07029063,1386.139381,-4.64801061,0.08237764,5.41297556,0,ceq,SVCH
0.064,3.88815518,1285.721858,-4.79310742,0.0810182,5.42742907,0,ceq,SVCH
0.064,4.92388263,1208.881781,-4.91293266,0.07983406,5.4402178,0,ceq,SVCH
0.064,6.23550734,1142.985958,-5.02251482,0.07872103,5.45241262,0,ceq,SVCH
0.064,7.89652287,1079.512627,-5.13394102,0.07762337,5.46460922,0,ceq,SVCH
0.064,10,1016.617051,-5.25036172,0.07654599,5.4767493,0,ceq,SVCH
0.065,0.001,3013.561092,-1.42348943,0.71370942,3.54428511,0,ceq,SVCH
0.065,0.00126638,3013.293991,-1.43465288,0.70471112,3.55530564,0,ceq,SVCH
0.065,0.001603719,3013.075402,-1.44628153,0.69543502,3.56681481,0,ceq,SVCH
0.065,0.002030918,3012.936648,-1.46364145,0.68175668,3.5840691,0,ceq,SVCH
0.065,0.002571914,3012.936648,-1.49477468,0.65775363,3.6152014,0,ceq,SVCH
0.065,0.003257021,3013.977459,-1.56874828,0.60361987,3.68980055,0,ceq,SVCH
0.065,0.004124626,3016.224701,-1.71309058,0.51045411,3.83541712,0,ceq,SVCH
0.065,0.005223345,3019.356103,-1.83506728,0.44265036,3.95920787,0,ceq,SVCH
0.065,0.006614741,3014.805526,-1.94341207,0.39193006,4.06491352,0,ceq,SVCH
0.065,0.008376776,3005.750991,-2.04243566,0.35180245,4.1587328,0,ceq,SVCH
0.065,0.010608184,2997.416377,-2.13348812,0.31855886,4.2449499,0,ceq,SVCH
0.065,0.013433993,2988.169055,-2.2198422,0.29019735,4.32594364,0,ceq,SVCH
0.065,0.017012543,2978.580274,-2.30245729,0.26557168,4.40296624,0,ceq,SVCH
0.065,0.021544347,2966.829631,-2.38356661,0.24380869,4.47723188,0,ceq,SVCH
0.065,0.027283334,2946.129269,-2.46773462,0.22441576,4.5492237,0,ceq,SVCH
0.065,0.034551073,2930.274055,-2.54622967,0.20725143,4.61833446,0,ceq,SVCH
0.065,0.043754794,2907.455681,-2.62743209,0.19172268,4.68598071,0,ceq,SVCH
0.065,0.055410203,2875.057216,-2.71253969,0.17777302,4.75159774,0,ceq,SVCH
0.065,0.070170383,2842.493189,-2.79581588,0.16524187,4.81508871,0,ceq,SVCH
0.065,0.088862382,2803.082948,-2.88179239,0.15390595,4.87681705,0,ceq,SVCH
0.065,0.112533558,2753.883477,-2.97224244,0.14368412,4.93651008,0,ceq,SVCH
0.065,0.142510267,2698.640865,-3.06465398,0.13452779,4.99370354,0,ceq,SVCH
0.065,0.180472177,2631.387346,-3.16281493,0.1263695,5.04804307,0,ceq,SVCH
0.065,0.228546386,2553.309861,-3.26640023,0.11912632,5.09931249,0,ceq,SVCH
0.065,0.289426612,2468.388013,-3.3722149,0.1128483,5.14633762,0,ceq,SVCH
0.065,0.366524124,2370.700878,-3.48552864,0.10737527,5.18951965,0,ceq,SVCH
0.065,0.464158883,2262.440013,-3.60530385,0.10271272,5.22808069,0,ceq,SVCH
0.065,0.587801607,2156.510524,-3.72307001,0.09871798,5.26253665,0,ceq,SVCH
0.065,0.744380301,2046.536144,-3.84500647,0.09525404,5.29356121,0,ceq,SVCH
0.065,0.942668455,1931.865178,-3.97258757,0.09229492,5.32097213,0,ceq,SVCH
0.065,1.19377664,1814.733449,-4.10526337,0.08977804,5.34498799,0,ceq,SVCH
0.065,1.51177507,1707.258389,-4.23254502,0.08761052,5.36621534,0,ceq,SVCH
0.065,1.91448198,1601.380696,-4.36278346,0.08571241,5.38524036,0,ceq,SVCH
0.065,2.42446202,1506.13951,-4.48644138,0.08403713,5.40238529,0,ceq,SVCH
0.065,3.07029063,1420.311755,-4.60435231,0.08250447,5.41837261,0,ceq,SVCH
0.065,3.88815518,1320.971622,-4.74513482,0.08110802,5.43319996,0,ceq,SVCH
0.065,4.92388263,1237.064008,-4.87218822,0.07989883,5.44624679,0,ceq,SVCH
0.065,6.23550734,1170.729333,-4.98015824,0.07878294,5.45846326,0,ceq,SVCH
0.065,7.89652287,1107.458887,-5.08918236,0.07765652,5.47097177,0,ceq,SVCH
0.065,10,1043.447132,-5.20536478,0.0765241,5.4837311,0,ceq,SVCH
0.066,0.001,3018.880814,-1.41063141,0.72179723,3.54112842,0,ceq,SVCH
0.066,0.00126638,3018.608602,-1.42161978,0.7128627,3.55194684,0,ceq,SVCH
0.066,0.001603719,3018.352794,-1.43352237,0.70328382,3.56369695,0,ceq,SVCH
0.066,0.002030918,3018.074806,-1.45152385,0.68897467,3.58155187,0,ceq,SVCH
0.066,0.002571914,3017.935822,-1.48425672,0.66355318,3.61420688,0,ceq,SVCH
0.066,0.003257021,3019.047875,-1.5636846,0.60512443,3.69426883,0,ceq,SVCH
0.066,0.004124626,3021.642545,-1.70821531,0.51147975,3.84030397,0,ceq,SVCH
0.066,0.005223345,3025.046375,-1.82842958,0.44437372,3.96246446,0,ceq,SVCH
0.066,0.006614741,3020.104995,-1.93603026,0.39387673,4.0672393,0,ceq,SVCH
0.066,0.008376776,3010.978946,-2.03448968,0.35380177,4.16043954,0,ceq,SVCH
0.066,0.010608184,3002.829614,-2.12498348,0.32053078,4.2462214,0,ceq,SVCH
0.066,0.013433993,2993.939506,-2.21087567,0.29207805,4.32696287,0,ceq,SVCH
0.066,0.017012543,2984.577941,-2.29320827,0.26733742,4.40384125,0,ceq,SVCH
0.066,0.021544347,2973.551424,-2.37374091,0.24547253,4.47795507,0,ceq,SVCH
0.066,0.027283334,2953.148985,-2.45771831,0.22594325,4.54996217,0,ceq,SVCH
0.066,0.034551073,2936.637586,-2.53658632,0.20865728,4.61909357,0,ceq,SVCH
0.066,0.043754794,2915.867153,-2.61652607,0.19303056,4.68670668,0,ceq,SVCH
0.066,0.055410203,2884.365424,-2.70121085,0.17894385,4.75252633,0,ceq,SVCH
0.066,0.070170383,2852.225215,-2.7843259,0.16629754,4.81618721,0,ceq,SVCH
0.066,0.088862382,2814.029873,-2.86975969,0.15484368,4.87817152,0,ceq,SVCH
0.066,0.112533558,2766.288158,-2.95946165,0.14450876,4.93816985,0,ceq,SVCH
0.066,0.142510267,2712.054114,-3.05135704,0.13525408,4.99565739,0,ceq,SVCH
0.066,0.180472177,2647.080273,-3.14814311,0.12700597,5.05030989,0,ceq,SVCH
0.066,0.228546386,2571.004543,-3.25024745,0.11970077,5.10176667,0,ceq,SVCH
0.066,0.289426612,2487.644357,-3.35490008,0.11334599,5.14914751,0,ceq,SVCH
0.066,0.366524124,2394.137506,-3.46502001,0.10779929,5.19272841,0,ceq,SVCH
0.066,0.464158883,2286.564556,-3.58389686,0.10306434,5.23174314,0,ceq,SVCH
0.066,0.587801607,2180.975364,-3.70074715,0.09902505,5.26646817,0,ceq,SVCH
0.066,0.744380301,2075.404904,-3.81815525,0.09553218,5.29765943,0,ceq,SVCH
0.066,0.942668455,1962.347676,-3.94310316,0.09253925,5.32530684,0,ceq,SVCH
0.066,1.19377664,1849.240427,-4.07053392,0.08998811,5.34958845,0,ceq,SVCH
0.066,1.51177507,1740.917386,-4.19668249,0.08780702,5.37089993,0,ceq,SVCH
0.066,1.91448198,1637.263342,-4.32244945,0.08589572,5.39001531,0,ceq,SVCH
0.066,2.42446202,1541.10135,-4.4447414,0.08421467,5.40718273,0,ceq,SVCH
0.066,3.07029063,1454.936056,-4.56053776,0.08269129,5.4230386,0,ceq,SVCH
0.066,3.88815518,1362.995556,-4.68897078,0.08127269,5.43806888,0,ceq,SVCH
0.066,4.92388263,1270.27955,-4.82478242,0.08002715,5.45148353,0,ceq,SVCH
0.066,6.23550734,1200.630401,-4.93491027,0.07891321,5.46365879,0,ceq,SVCH
0.066,7.89652287,1139.265721,-5.03861443,0.0777791,5.47623234,0,ceq,SVCH
0.066,10,1074.43768,-5.15375898,0.07659164,5.48959548,0,ceq,SVCH
0.067,0.001,3024.267701,-1.39792635,0.729824,3.53805281,0,ceq,SVCH
0.067,0.00126638,3023.931386,-1.4087412,0.72095284,3.54867565,0,ceq,SVCH
0.067,0.001603719,3023.639429,-1.42093985,0.71105317,3.56068522,0,ceq,SVCH
0.067,0.002030918,3023.29134,-1.4396084,0.69609768,3.57914867,0,ceq,SVCH
0.067,0.002571914,3023.012897,-1.47403469,0.66916357,3.61342469,0,ceq,SVCH
0.067,0.003257021,3024.126821,-1.5591942,0.60622331,3.69922386,0,ceq,SVCH
0.067,0.004124626,3027.069198,-1.70323221,0.51258183,3.84496489,0,ceq,SVCH
0.067,0.005223345,3030.679661,-1.82179391,0.44610942,3.96560624,0,ceq,SVCH
0.067,0.006614741,3025.405873,-1.92868422,0.39582805,4.06947813,0,ceq,SVCH
0.067,0.008376776,3016.196707,-2.02662374,0.35579486,4.16209125,0,ceq,SVCH
0.067,0.010608184,3008.046101,-2.11666609,0.3224924,4.24745317,0,ceq,SVCH
0.067,0.013433993,2999.666399,-2.20198989,0.29395435,4.32793093,0,ceq,SVCH
0.067,0.017012543,2990.461752,-2.28407244,0.26909595,4.40467767,0,ceq,SVCH
0.067,0.021544347,2980.049799,-2.36412001,0.24712554,4.47865665,0,ceq,SVCH
0.067,0.027283334,2960.227397,-2.44769583,0.22746906,4.55064706,0,ceq,SVCH
0.067,0.034551073,2942.845859,-2.52711713,0.21005403,4.61982998,0,ceq,SVCH
0.067,0.043754794,2923.926984,-2.60589866,0.19433164,4.68740268,0,ceq,SVCH
0.067,0.055410203,2893.671677,-2.68996461,0.18011501,4.75339067,0,ceq,SVCH
0.067,0.070170383,2861.800593,-2.77304985,0.16735034,4.81723615,0,ceq,SVCH
0.067,0.088862382,2824.674507,-2.85796236,0.15577934,4.87946945,0,ceq,SVCH
0.067,0.112533558,2778.484571,-2.94686933,0.1453357,4.93974445,0,ceq,SVCH
0.067,0.142510267,2725.135209,-3.03830334,0.13598366,4.99751561,0,ceq,SVCH
0.067,0.180472177,2662.375767,-3.13374713,0.12764662,5.05247042,0,ceq,SVCH
0.067,0.228546386,2588.412737,-3.23432335,0.12028248,5.10408572,0,ceq,SVCH
0.067,0.289426612,2506.363628,-3.33802039,0.11384653,5.15184956,0,ceq,SVCH
0.067,0.366524124,2415.607938,-3.44601855,0.10823621,5.19574491,0,ceq,SVCH
0.067,0.464158883,2310.642118,-3.5626057,0.10343414,5.23516329,0,ceq,SVCH
0.067,0.587801607,2205.669892,-3.67829983,0.099355,5.27011035,0,ceq,SVCH
0.067,0.744380301,2103.967285,-3.79158074,0.09584152,5.30138255,0,ceq,SVCH
0.067,0.942668455,1993.390092,-3.91320109,0.0928215,5.32919295,0,ceq,SVCH
0.067,1.19377664,1885.055461,-4.03469995,0.0902463,5.35363098,0,ceq,SVCH
0.067,1.51177507,1775.354937,-4.16024009,0.08805175,5.37501346,0,ceq,SVCH
0.067,1.91448198,1675.029226,-4.28040122,0.08613667,5.39411293,0,ceq,SVCH
0.067,2.42446202,1578.374915,-4.4007811,0.08445424,5.4112462,0,ceq,SVCH
0.067,3.07029063,1491.14043,-4.51520144,0.08294374,5.42692187,0,ceq,SVCH
0.067,3.88815518,1408.463883,-4.629219,0.08153041,5.44184984,0,ceq,SVCH
0.067,4.92388263,1312.800065,-4.76521623,0.08024538,5.45564898,0,ceq,SVCH
0.067,6.23550734,1235.359504,-4.88308912,0.07911973,5.46791941,0,ceq,SVCH
0.067,7.89652287,1174.031981,-4.98377504,0.07801442,5.4801393,0,ceq,SVCH
0.067,10,1110.659491,-5.09391283,0.07679003,5.49387933,0,ceq,SVCH
0.068,0.001,3029.704566,-1.38540724,0.73777571,3.53507451,0,ceq,SVCH
0.068,0.00126638,3029.360001,-1.39613886,0.72888813,3.54560155,0,ceq,SVCH
0.068,0.001603719,3028.935324,-1.40863358,0.71865587,3.55788125,0,ceq,SVCH
0.068,0.002030918,3028.51689,-1.42804473,0.70298132,3.57703577,0,ceq,SVCH
0.068,0.002571914,3028.098513,-1.46437706,0.6743629,3.61313609,0,ceq,SVCH
0.068,0.003257021,3029.162305,-1.55584043,0.60653198,3.70521578,0,ceq,SVCH
0.068,0.004124626,3032.503046,-1.6986168,0.51347545,3.84988515,0,ceq,SVCH
0.068,0.005223345,3036.381656,-1.81542562,0.44771607,3.96892091,0,ceq,SVCH
0.068,0.006614741,3030.67627,-1.92163482,0.39768141,4.07185561,0,ceq,SVCH
0.068,0.008376776,3021.309876,-2.01899117,0.35771989,4.16383982,0,ceq,SVCH
0.068,0.010608184,3013.191347,-2.10857265,0.32439784,4.24877017,0,ceq,SVCH
0.068,0.013433993,3004.887708,-2.19357038,0.29579547,4.32894139,0,ceq,SVCH
0.068,0.017012543,2996.316808,-2.27509486,0.27083147,4.40552786,0,ceq,SVCH
0.068,0.021544347,2986.352418,-2.35474443,0.24875607,4.47937857,0,ceq,SVCH
0.068,0.027283334,2967.379353,-2.43773976,0.2289823,4.55132158,0,ceq,SVCH
0.068,0.034551073,2948.975937,-2.5178168,0.21143434,4.62057514,0,ceq,SVCH
0.068,0.043754794,2931.518212,-2.59563317,0.19562061,4.68809535,0,ceq,SVCH
0.068,0.055410203,2902.617405,-2.67896587,0.18128393,4.75420654,0,ceq,SVCH
0.068,0.070170383,2871.046465,-2.76201035,0.16839941,4.81824365,0,ceq,SVCH
0.068,0.088862382,2835.101301,-2.8463832,0.15671284,4.88071404,0,ceq,SVCH
0.068,0.112533558,2790.452793,-2.93447236,0.1461641,4.94124171,0,ceq,SVCH
0.068,0.142510267,2737.970016,-3.02548231,0.13671603,4.99928428,0,ceq,SVCH
0.068,0.180472177,2677.364076,-3.11960097,0.12829509,5.05450354,0,ceq,SVCH
0.068,0.228546386,2605.318454,-3.2187557,0.12087029,5.10628634,0,ceq,SVCH
0.068,0.289426612,2524.708223,-3.32148517,0.11435681,5.15440096,0,ceq,SVCH
0.068,0.366524124,2436.160665,-3.42766857,0.10868828,5.19855987,0,ceq,SVCH
0.068,0.464158883,2334.787889,-3.54127836,0.10382261,5.23834046,0,ceq,SVCH
0.068,0.587801607,2231.380349,-3.65508253,0.09970852,5.27345979,0,ceq,SVCH
0.068,0.744380301,2131.170804,-3.76620004,0.09618205,5.30473515,0,ceq,SVCH
0.068,0.942668455,2025.640799,-3.88228716,0.09314515,5.33260385,0,ceq,SVCH
0.068,1.19377664,1920.584554,-3.99927044,0.09055765,5.35707334,0,ceq,SVCH
0.068,1.51177507,1812.222806,-4.12162197,0.08834749,5.37853495,0,ceq,SVCH
0.068,1.91448198,1714.981965,-4.23634779,0.08644257,5.39746785,0,ceq,SVCH
0.068,2.42446202,1620.052596,-4.35230462,0.08476423,5.41449792,0,ceq,SVCH
0.068,3.07029063,1533.860324,-4.46271194,0.08327162,5.42992916,0,ceq,SVCH
0.068,3.88815518,1454.356124,-4.56969725,0.08189201,5.44444011,0,ceq,SVCH
0.068,4.92388263,1368.004743,-4.68998774,0.0805862,5.45840178,0,ceq,SVCH
0.068,6.23550734,1280.005764,-4.8180467,0.07942985,5.47095567,0,ceq,SVCH
0.068,7.89652287,1213.316853,-4.9226528,0.07836997,5.48262381,0,ceq,SVCH
0.068,10,1154.132268,-5.02279625,0.0771833,5.49587649,0,ceq,SVCH
0.069,0.001,3035.184441,-1.37284941,0.74582182,3.53199392,0,ceq,SVCH
0.069,0.00126638,3034.767908,-1.38357018,0.73686706,3.5424855,0,ceq,SVCH
0.069,0.001603719,3034.322747,-1.39638217,0.72627596,3.55506021,0,ceq,SVCH
0.069,0.002030918,3033.813217,-1.4165246,0.7098875,3.5748844,0,ceq,SVCH
0.069,0.002571914,3033.192685,-1.45481214,0.67953388,3.61284136,0,ceq,SVCH
0.069,0.003257021,3034.240494,-1.55238259,0.60692044,3.71099982,0,ceq,SVCH
0.069,0.004124626,3037.868389,-1.69351609,0.51466599,3.85421356,0,ceq,SVCH
0.069,0.005223345,3042.011168,-1.80882126,0.44946044,3.97188063,0,ceq,SVCH
0.069,0.006614741,3035.837598,-1.91444648,0.39961345,4.07398446,0,ceq,SVCH
0.069,0.008376776,3026.413449,-2.01129762,0.35968801,4.1654145,0,ceq,SVCH
0.069,0.010608184,3018.285224,-2.10048485,0.32632921,4.24995397,0,ceq,SVCH
0.069,0.013433993,3009.996682,-2.18518714,0.29764966,4.32985351,0,ceq,SVCH
0.069,0.017012543,3001.872735,-2.26629868,0.27258122,4.4062744,0,ceq,SVCH
0.069,0.021544347,2992.458151,-2.34549223,0.25039147,4.48002694,0,ceq,SVCH
0.069,0.027283334,2974.525155,-2.42780826,0.23050183,4.55191604,0,ceq,SVCH
0.069,0.034551073,2955.087132,-2.50857597,0.2128135,4.62126802,0,ceq,SVCH
0.069,0.043754794,2938.737844,-2.58567464,0.19690579,4.68874817,0,ceq,SVCH
0.069,0.055410203,2910.87327,-2.66843776,0.18245538,4.75495245,0,ceq,SVCH
0.069,0.070170383,2880.171866,-2.75112735,0.16944443,4.81920982,0,ceq,SVCH
0.069,0.088862382,2845.201673,-2.83502264,0.15764719,4.8818909,0,ceq,SVCH
0.069,0.112533558,2802.067017,-2.92231519,0.14699645,4.94264965,0,ceq,SVCH
0.069,0.142510267,2750.584203,-3.01286078,0.13745216,5.0009602,0,ceq,SVCH
0.069,0.180472177,2692.141575,-3.10553568,0.12896185,5.05634283,0,ceq,SVCH
0.069,0.228546386,2621.727957,-3.20361045,0.1214623,5.10838194,0,ceq,SVCH
0.069,0.289426612,2542.639466,-3.30526976,0.11487297,5.1568288,0,ceq,SVCH
0.069,0.366524124,2456.393892,-3.40961185,0.10915183,5.20120313,0,ceq,SVCH
0.069,0.464158883,2358.887285,-3.52001201,0.10423398,5.24124639,0,ceq,SVCH
0.069,0.587801607,2256.940737,-3.63200825,0.10008657,5.27651235,0,ceq,SVCH
0.069,0.744380301,2158.331537,-3.74082235,0.09655671,5.30769976,0,ceq,SVCH
0.069,0.942668455,2058.558783,-3.85084263,0.09351403,5.3355106,0,ceq,SVCH
0.069,1.19377664,1956.213657,-3.96383571,0.09092514,5.35989632,0,ceq,SVCH
0.069,1.51177507,1854.535618,-4.07797787,0.08870751,5.38134299,0,ceq,SVCH
0.069,1.91448198,1757.482594,-4.19005411,0.08682051,5.4000188,0,ceq,SVCH
0.069,2.42446202,1667.255378,-4.29835836,0.08516161,5.41677566,0,ceq,SVCH
0.069,3.07029063,1581.433531,-4.40523987,0.08369611,5.43185278,0,ceq,SVCH
0.069,3.88815518,1502.880042,-4.50770434,0.08236166,5.44581313,0,ceq,SVCH
0.069,4.92388263,1428.788505,-4.60902087,0.08109274,5.45929936,0,ceq,SVCH
0.069,6.23550734,1343.462098,-4.72884463,0.07990141,5.47215445,0,ceq,SVCH
0.069,7.89652287,1264.289399,-4.84590581,0.07884502,5.48371478,0,ceq,SVCH
0.069,10,1203.629183,-4.94286633,0.07780478,5.49525077,0,ceq,SVCH
0.07,0.001,3040.691956,-1.36049524,0.75376892,3.52903638,0,ceq,SVCH
0.07,0.00126638,3040.269261,-1.37119898,0.74474938,3.53949227,0,ceq,SVCH
0.07,0.001603719,3039.764929,-1.38434925,0.73378508,3.55237489,0,ceq,SVCH
0.07,0.002030918,3039.135055,-1.40526017,0.71662965,3.57292299,0,ceq,SVCH
0.07,0.002571914,3038.365387,-1.44568742,0.6843909,3.61290403,0,ceq,SVCH
0.07,0.003257021,3039.344999,-1.54944213,0.60693741,3.71722447,0,ceq,SVCH
0.07,0.004124626,3043.293454,-1.68849513,0.51581962,3.85851925,0,ceq,SVCH
0.07,0.005223345,3047.620869,-1.80232127,0.45117228,3.9748306,0,ceq,SVCH
0.07,0.006614741,3040.993511,-1.90737796,0.40151219,4.07611685,0,ceq,SVCH
0.07,0.008376776,3031.436203,-2.00373714,0.36162233,4.16700421,0,ceq,SVCH
0.07,0.010608184,3023.360565,-2.09253629,0.32823086,4.25115516,0,ceq,SVCH
0.07,0.013433993,3015.030028,-2.17694438,0.29948124,4.33077331,0,ceq,SVCH
0.07,0.017012543,3006.912788,-2.25787019,0.27431699,4.40700985,0,ceq,SVCH
0.07,0.021544347,2998.485196,-2.33638072,0.25201905,4.48064817,0,ceq,SVCH
0.07,0.027283334,2981.588403,-2.41800566,0.23201818,4.55246889,0,ceq,SVCH
0.07,0.034551073,2961.234798,-2.49938638,0.21418675,4.62193011,0,ceq,SVCH
0.07,0.043754794,2945.612538,-2.57602408,0.19818166,4.68938722,0,ceq,SVCH
0.07,0.055410203,2919.169106,-2.65797307,0.18362251,4.75566312,0,ceq,SVCH
0.07,0.070170383,2889.115482,-2.74039374,0.17048648,4.82013304,0,ceq,SVCH
0.07,0.088862382,2855.106177,-2.82385224,0.15858105,4.88300973,0,ceq,SVCH
0.07,0.112533558,2812.992504,-2.91064853,0.14783037,4.94398492,0,ceq,SVCH
0.07,0.142510267,2762.854291,-3.00045019,0.13819141,5.00255018,0,ceq,SVCH
0.07,0.180472177,2706.095734,-3.09202707,0.12963534,5.05806716,0,ceq,SVCH
0.07,0.228546386,2637.855736,-3.18870655,0.12205938,5.11037184,0,ceq,SVCH
0.07,0.289426612,2560.287601,-3.28928861,0.11539925,5.15910827,0,ceq,SVCH
0.07,0.366524124,2476.174291,-3.39187522,0.10962803,5.2036702,0,ceq,SVCH
0.07,0.464158883,2382.92934,-3.49878178,0.10466767,5.24388879,0,ceq,SVCH
0.07,0.587801607,2282.434095,-3.60897945,0.10049346,5.27923846,0,ceq,SVCH
0.07,0.744380301,2185.483837,-3.71546102,0.09696207,5.31030965,0,ceq,SVCH
0.07,0.942668455,2091.85757,-3.81909377,0.09393321,5.33787531,0,ceq,SVCH
0.07,1.19377664,1992.981888,-3.92741502,0.09134992,5.36209687,0,ceq,SVCH
0.07,1.51177507,1899.061927,-4.0325063,0.08914467,5.38332192,0,ceq,SVCH
0.07,1.91448198,1801.396899,-4.14265271,0.08727279,5.40175472,0,ceq,SVCH
0.07,2.42446202,1717.831036,-4.24140936,0.08565625,5.41799429,0,ceq,SVCH
0.07,3.07029063,1636.377536,-4.34038904,0.08422827,5.43259653,0,ceq,SVCH
0.07,3.88815518,1561.764002,-4.43467849,0.08295681,5.44580819,0,ceq,SVCH
0.07,4.92388263,1491.470362,-4.52717935,0.0817735,5.45828715,0,ceq,SVCH
0.07,6.23550734,1422.311081,-4.62196246,0.08062275,5.47059709,0,ceq,SVCH
0.07,7.89652287,1343.281578,-4.73301456,0.07954048,5.48233582,0,ceq,SVCH
0.07,10,1269.984874,-4.84109981,0.07857261,5.49296988,0,ceq,SVCH
0.071,0.001,3046.225933,-1.34832447,0.76161718,3.5261996,0,ceq,SVCH
0.071,0.00126638,3045.723497,-1.35904282,0.75251286,3.53664481,0,ceq,SVCH
0.071,0.001603719,3045.239642,-1.37255522,0.7411544,3.54985538,0,ceq,SVCH
0.071,0.002030918,3044.509379,-1.39430404,0.72317358,3.57118774,0,ceq,SVCH
0.071,0.002571914,3043.532142,-1.4370845,0.68885831,3.61341295,0,ceq,SVCH
0.071,0.003257021,3044.397112,-1.54702335,0.60660588,3.72385936,0,ceq,SVCH
0.071,0.004124626,3048.662435,-1.6836374,0.51688336,3.86289062,0,ceq,SVCH
0.071,0.005223345,3053.235561,-1.79598525,0.45280268,3.9778547,0,ceq,SVCH
0.071,0.006614741,3046.10027,-1.90049713,0.40335819,4.07829395,0,ceq,SVCH
0.071,0.008376776,3036.447657,-1.99634243,0.3635137,4.16863196,0,ceq,SVCH
0.071,0.010608184,3028.337146,-2.08476368,0.33009827,4.25238689,0,ceq,SVCH
0.071,0.013433993,3020.016952,-2.16886353,0.30128699,4.33171191,0,ceq,SVCH
0.071,0.017012543,3011.838659,-2.24959894,0.27603118,4.40775927,0,ceq,SVCH
0.071,0.021544347,3003.713498,-2.32779733,0.25363647,4.48125161,0,ceq,SVCH
0.071,0.027283334,2988.497499,-2.40836236,0.23352975,4.55298888,0,ceq,SVCH
0.071,0.034551073,2967.463661,-2.49020015,0.2155557,4.62255643,0,ceq,SVCH
0.071,0.043754794,2952.139349,-2.56663604,0.19945064,4.69000385,0,ceq,SVCH
0.071,0.055410203,2927.387925,-2.64757903,0.18478732,4.75633101,0,ceq,SVCH
0.071,0.070170383,2897.975308,-2.72979864,0.17152824,4.82100167,0,ceq,SVCH
0.071,0.088862382,2864.759671,-2.8128844,0.15951527,4.88406806,0,ceq,SVCH
0.071,0.112533558,2823.660249,-2.89917438,0.14866638,4.94524706,0,ceq,SVCH
0.071,0.142510267,2774.923037,-2.9882234,0.13893418,5.0040544,0,ceq,SVCH
0.071,0.180472177,2719.086349,-3.07917624,0.13031284,5.05970068,0,ceq,SVCH
0.071,0.228546386,2653.6802,-3.17405465,0.12266115,5.11225871,0,ceq,SVCH
0.071,0.289426612,2577.623337,-3.27353899,0.11593386,5.16125225,0,ceq,SVCH
0.071,0.366524124,2495.614182,-3.3744075,0.11011886,5.20595011,0,ceq,SVCH
0.071,0.464158883,2406.303406,-3.47802875,0.10512696,5.2462465,0,ceq,SVCH
0.071,0.587801607,2308.028544,-3.58587536,0.1009259,5.28166802,0,ceq,SVCH
0.071,0.744380301,2213.39391,-3.68948447,0.09740285,5.31253073,0,ceq,SVCH
0.071,0.942668455,2124.112333,-3.78817041,0.09440293,5.33970244,0,ceq,SVCH
0.071,1.19377664,2031.698058,-3.88934964,0.09183869,5.36362181,0,ceq,SVCH
0.071,1.51177507,1942.158985,-3.98845629,0.0896663,5.38441438,0,ceq,SVCH
0.071,1.91448198,1853.947786,-4.08735629,0.08781383,5.40254673,0,ceq,SVCH
0.071,2.42446202,1771.77659,-4.18162721,0.08625804,5.41807344,0,ceq,SVCH
0.071,3.07029063,1697.957669,-4.26935954,0.08489723,5.43188559,0,ceq,SVCH
0.071,3.88815518,1628.298634,-4.35448449,0.08369896,5.44423245,0,ceq,SVCH
0.071,4.92388263,1565.29958,-4.4341744,0.08263049,5.45539194,0,ceq,SVCH
0.071,6.23550734,1504.744601,-4.51334993,0.0816248,5.46602832,0,ceq,SVCH
0.071,7.89652287,1446.521536,-4.59246297,0.08063839,5.47658893,0,ceq,SVCH
0.071,10,1380.571764,-4.68401014,0.07967115,5.48707043,0,ceq,SVCH
0.072,0.001,3051.856837,-1.33610287,0.76956602,3.52325563,0,ceq,SVCH
0.072,0.00126638,3051.296365,-1.3469039,0.76031664,3.53375816,0,ceq,SVCH
0.072,0.001603719,3050.723052,-1.36079791,0.74855041,3.54730492,0,ceq,SVCH
0.072,0.002030918,3049.880721,-1.38338896,0.7297347,3.56941701,0,ceq,SVCH
0.072,0.002571914,3048.737271,-1.42855724,0.69328556,3.61392263,0,ceq,SVCH
0.072,0.003257021,3049.509566,-1.54403331,0.60666839,3.72984456,0,ceq,SVCH
0.072,0.004124626,3054.020517,-1.67839955,0.51818496,3.86677824,0,ceq,SVCH
0.072,0.005223345,3058.828467,-1.78942888,0.45456934,3.9805494,0,ceq,SVCH
0.072,0.006614741,3051.187878,-1.89349731,0.40526968,4.08026097,0,ceq,SVCH
0.072,0.008376776,3041.435917,-1.98888904,0.36544392,4.1701055,0,ceq,SVCH
0.072,0.010608184,3033.212628,-2.07698932,0.33198588,4.253508,0,ceq,SVCH
0.072,0.013433993,3024.970807,-2.16080636,0.30310016,4.33257461,0,ceq,SVCH
0.072,0.017012543,3016.799459,-2.24137591,0.27774823,4.40844688,0,ceq,SVCH
0.072,0.021544347,3008.622363,-2.31942954,0.25525105,4.48181343,0,ceq,SVCH
0.072,0.027283334,2995.186509,-2.39884063,0.23504856,4.55343371,0,ceq,SVCH
0.072,0.034551073,2973.799298,-2.48098103,0.2169275,4.62311984,0,ceq,SVCH
0.072,0.043754794,2958.390721,-2.55747343,0.20071577,4.69058632,0,ceq,SVCH
0.072,0.055410203,2935.548069,-2.63729872,0.18595103,4.75695172,0,ceq,SVCH
0.072,0.070170383,2905.983483,-2.71974337,0.17257184,4.82180692,0,ceq,SVCH
0.072,0.088862382,2874.184488,-2.80211598,0.16045051,4.88506451,0,ceq,SVCH
0.072,0.112533558,2834.141637,-2.88784519,0.1495047,4.94643702,0,ceq,SVCH
0.072,0.142510267,2786.795452,-2.97615093,0.13968213,5.00546523,0,ceq,SVCH
0.072,0.180472177,2731.809258,-3.0665487,0.13099231,5.06125767,0,ceq,SVCH
0.072,0.228546386,2669.148253,-3.15966137,0.12327031,5.11402985,0,ceq,SVCH
0.072,0.289426612,2594.73901,-3.25798298,0.11648041,5.16324109,0,ceq,SVCH
0.072,0.366524124,2514.642873,-3.3572519,0.11062395,5.20804959,0,ceq,SVCH
0.072,0.464158883,2428.020228,-3.45844823,0.10560915,5.24834574,0,ceq,SVCH
0.072,0.587801607,2334.182917,-3.56233206,0.10139026,5.28375529,0,ceq,SVCH
0.072,0.744380301,2242.185651,-3.66278654,0.09787956,5.31436348,0,ceq,SVCH
0.072,0.942668455,2156.126769,-3.75740144,0.09492378,5.34099816,0,ceq,SVCH
0.072,1.19377664,2071.561596,-3.85031972,0.09239898,5.36441319,0,ceq,SVCH
0.072,1.51177507,1986.905002,-3.94305472,0.09027074,5.38465304,0,ceq,SVCH
0.072,1.91448198,1909.126814,-4.0299001,0.08847268,5.4021285,0,ceq,SVCH
0.072,2.42446202,1831.160217,-4.11726551,0.0869633,5.41707476,0,ceq,SVCH
0.072,3.07029063,1764.721874,-4.19407083,0.08571049,5.42967877,0,ceq,SVCH
0.072,3.88815518,1704.909686,-4.26508711,0.0846213,5.44078732,0,ceq,SVCH
0.072,4.92388263,1650.469047,-4.33118741,0.08367903,5.45051341,0,ceq,SVCH
0.072,6.23550734,1600.663303,-4.39291828,0.08286427,5.45901211,0,ceq,SVCH
0.072,7.89652287,1558.2542,-4.44728741,0.08212916,5.46675195,0,ceq,SVCH
0.072,10,1516.01586,-4.50247436,0.08143024,5.47417525,0,ceq,SVCH
0.073,0.001,3057.544283,-1.32411656,0.77736725,3.52048533,0,ceq,SVCH
0.073,0.00126638,3056.92196,-1.33500052,0.76797657,3.53104144,0,ceq,SVCH
0.073,0.001603719,3056.241409,-1.34932682,0.75576214,3.54496709,0,ceq,SVCH
0.073,0.002030918,3055.281528,-1.3728462,0.73603357,3.56794198,0,ceq,SVCH
0.073,0.002571914,3053.936482,-1.42072049,0.69718572,3.61504029,0,ceq,SVCH
0.073,0.003257021,3054.566503,-1.54146678,0.60644525,3.73615417,0,ceq,SVCH
0.073,0.004124626,3059.325493,-1.67345769,0.51932726,3.870857,0,ceq,SVCH
0.073,0.005223345,3064.37599,-1.78313171,0.45621118,3.98340726,0,ceq,SVCH
0.073,0.006614741,3056.193707,-1.88673786,0.40709709,4.08234126,0,ceq,SVCH
0.073,0.008376776,3046.412989,-1.98162037,0.36731751,4.17165549,0,ceq,SVCH
0.073,0.010608184,3038.076183,-2.06940419,0.33382741,4.25469334,0,ceq,SVCH
0.073,0.013433993,3029.850389,-2.15291662,0.3048802,4.33347885,0,ceq,SVCH
0.073,0.017012543,3021.617642,-2.23331041,0.27943911,4.40916527,0,ceq,SVCH
0.073,0.021544347,3013.501909,-2.31123672,0.25684389,4.48239978,0,ceq,SVCH
0.073,0.027283334,3001.434485,-2.389683,0.23655572,4.55387302,0,ceq,SVCH
0.073,0.034551073,2980.24201,-2.47174425,0.21829372,4.62365613,0,ceq,SVCH
0.073,0.043754794,2964.420305,-2.54852801,0.20197052,4.69116393,0,ceq,SVCH
0.073,0.055410203,2943.460057,-2.62721308,0.18711072,4.75754086,0,ceq,SVCH
0.073,0.070170383,2913.651939,-2.70994189,0.1736086,4.8225947,0,ceq,SVCH
0.073,0.088862382,2883.348643,-2.79151694,0.16138561,4.88600748,0,ceq,SVCH
0.073,0.112533558,2844.41878,-2.87670402,0.15034276,4.94757207,0,ceq,SVCH
0.073,0.142510267,2798.485659,-2.96417751,0.14043957,5.00675832,0,ceq,SVCH
0.073,0.180472177,2744.256406,-3.05416001,0.13167365,5.0627415,0,ceq,SVCH
0.073,0.228546386,2684.291111,-3.145492,0.12388685,5.11568792,0,ceq,SVCH
0.073,0.289426612,2611.437436,-3.24265907,0.1170394,5.16507401,0,ceq,SVCH
0.073,0.366524124,2533.283177,-3.34037437,0.11114162,5.20998373,0,ceq,SVCH
0.073,0.464158883,2449.514641,-3.43898458,0.10611255,5.25020529,0,ceq,SVCH
0.073,0.587801607,2360.365479,-3.53868459,0.10188797,5.28549323,0,ceq,SVCH
0.073,0.744380301,2271.07914,-3.6359521,0.09839826,5.31576383,0,ceq,SVCH
0.073,0.942668455,2188.214342,-3.7265706,0.0954913,5.34180972,0,ceq,SVCH
0.073,1.19377664,2111.478818,-3.81123957,0.09303313,5.36446194,0,ceq,SVCH
0.073,1.51177507,2034.001297,-3.89569257,0.09096363,5.38400153,0,ceq,SVCH
0.073,1.91448198,1962.748425,-3.97417814,0.08925024,5.40051845,0,ceq,SVCH
0.073,2.42446202,1898.876518,-4.04568757,0.08781779,5.41457217,0,ceq,SVCH
0.073,3.07029063,1836.947385,-4.11491218,0.08664997,5.42620031,0,ceq,SVCH
0.073,3.88815518,1786.427502,-4.17267423,0.08572774,5.43549433,0,ceq,SVCH
0.073,4.92388263,1746.20736,-4.22003411,0.08496167,5.44329105,0,ceq,SVCH
0.073,6.23550734,1710.995567,-4.26185127,0.08433364,5.44973544,0,ceq,SVCH
0.073,7.89652287,1682.585985,-4.2960393,0.08383964,5.45483829,0,ceq,SVCH
0.073,10,1660.388547,-4.32305553,0.08346038,5.45877634,0,ceq,SVCH
0.074,0.001,3063.327741,-1.31209876,0.78523048,3.51765212,0,ceq,SVCH
0.074,0.00126638,3062.639782,-1.32312225,0.77565222,3.52831227,0,ceq,SVCH
0.074,0.001603719,3061.872255,-1.33788047,0.76298857,3.54261006,0,ceq,SVCH
0.074,0.002030918,3060.733416,-1.36235672,0.7423237,3.56645963,0,ceq,SVCH
0.074,0.002571914,3059.144559,-1.41302359,0.70098607,3.61622736,0,ceq,SVCH
0.074,0.003257021,3059.646657,-1.53831514,0.60662928,3.74179998,0,ceq,SVCH
0.074,0.004124626,3064.692728,-1.66820874,0.52065467,3.87454927,0,ceq,SVCH
0.074,0.005223345,3069.977239,-1.77669128,0.45794809,3.98601485,0,ceq,SVCH
0.074,0.006614741,3061.177645,-1.87989421,0.4089807,4.08424203,0,ceq,SVCH
0.074,0.008376776,3051.292287,-1.97434254,0.36921571,4.17308782,0,ceq,SVCH
0.074,0.010608184,3042.90724,-2.06185025,0.33568187,4.2557904,0,ceq,SVCH
0.074,0.013433993,3034.695466,-2.14507973,0.3066635,4.33432263,0,ceq,SVCH
0.074,0.017012543,3026.455851,-2.22530493,0.28112903,4.4098365,0,ceq,SVCH
0.074,0.021544347,3018.290421,-2.30311764,0.25843205,4.48295338,0,ceq,SVCH
0.074,0.027283334,3006.84406,-2.3810556,0.23805742,4.55428545,0,ceq,SVCH
0.074,0.034551073,2986.88478,-2.46245588,0.21966318,4.62413188,0,ceq,SVCH
0.074,0.043754794,2970.254296,-2.53972611,0.20322198,4.69170771,0,ceq,SVCH
0.074,0.055410203,2951.164097,-2.61733417,0.18826709,4.75809765,0,ceq,SVCH
0.074,0.070170383,2921.358075,-2.70020663,0.17464349,4.82334123,0,ceq,SVCH
0.074,0.088862382,2892.312641,-2.78110385,0.16232206,4.88689087,0,ceq,SVCH
0.074,0.112533558,2854.50942,-2.86572519,0.15118285,4.94864089,0,ceq,SVCH
0.074,0.142510267,2809.528514,-2.95260967,0.14120495,5.00794704,0,ceq,SVCH
0.074,0.180472177,2756.43363,-3.04196061,0.13235667,5.06415456,0,ceq,SVCH
0.074,0.228546386,2699.04774,-3.13160916,0.12451025,5.11723825,0,ceq,SVCH
0.074,0.289426612,2627.875195,-3.22755151,0.11760943,5.16676406,0,ceq,SVCH
0.074,0.366524124,2551.586538,-3.3236854,0.11167666,5.21172317,0,ceq,SVCH
0.074,0.464158883,2470.829643,-3.41965813,0.10663764,5.25182593,0,ceq,SVCH
0.074,0.587801607,2386.718261,-3.51492097,0.10241614,5.2869096,0,ceq,SVCH
0.074,0.744380301,2299.979048,-3.60908679,0.09895395,5.31678034,0,ceq,SVCH
0.074,0.942668455,2221.441699,-3.69476464,0.09611052,5.34210478,0,ceq,SVCH
0.074,1.19377664,2150.217299,-3.77307546,0.09374089,5.36378797,0,ceq,SVCH
0.074,1.51177507,2082.74746,-3.84701258,0.0917573,5.38236479,0,ceq,SVCH
0.074,1.91448198,2018.754816,-3.91667492,0.09013934,5.39781725,0,ceq,SVCH
0.074,2.42446202,1963.747041,-3.97730932,0.08883709,5.4104573,0,ceq,SVCH
0.074,3.07029063,1917.275235,-4.02924514,0.08778879,5.42076779,0,ceq,SVCH
0.074,3.88815518,1876.615692,-4.07464162,0.08696608,5.42894614,0,ceq,SVCH
0.074,4.92388263,1844.639054,-4.11040913,0.08637606,5.43485914,0,ceq,SVCH
0.074,6.23550734,1822.449234,-4.13539795,0.08598188,5.4388321,0,ceq,SVCH
0.074,7.89652287,1808.742829,-4.15093589,0.08574411,5.4412374,0,ceq,SVCH
0.074,10,1801.442522,-4.15923713,0.08561909,5.44250474,0,ceq,SVCH
0.075,0.001,3069.12932,-1.30030615,0.79293971,3.51499566,0,ceq,SVCH
0.075,0.00126638,3068.387075,-1.3114872,0.78317024,3.52576316,0,ceq,SVCH
0.075,0.001603719,3067.464004,-1.32671609,0.77001288,3.54047958,0,ceq,SVCH
0.075,0.002030918,3066.18966,-1.35228172,0.74831078,3.56531161,0,ceq,SVCH
0.075,0.002571914,3064.361519,-1.40615426,0.70414741,3.61814833,0,ceq,SVCH
0.075,0.003257021,3064.727705,-1.53561757,0.60650534,3.74780732,0,ceq,SVCH
0.075,0.004124626,3069.998931,-1.66330889,0.52178295,3.87849643,0,ceq,SVCH
0.075,0.005223345,3075.485037,-1.77051503,0.45955793,3.98879811,0,ceq,SVCH
0.075,0.006614741,3066.070702,-1.87331586,0.41077186,4.08627697,0,ceq,SVCH
0.075,0.008376776,3056.179766,-1.96727942,0.37104761,4.17461884,0,ceq,SVCH
0.075,0.010608184,3047.609443,-2.05448654,0.33748562,4.25696509,0,ceq,SVCH
0.075,0.013433993,3039.422956,-2.13742221,0.30840982,4.33522059,0,ceq,SVCH
0.075,0.017012543,3031.195373,-2.21746758,0.28278989,4.41054873,0,ceq,SVCH
0.075,0.021544347,3023.017576,-2.29514842,0.25999952,4.48353199,0,ceq,SVCH
0.075,0.027283334,3012.033948,-2.37265477,0.23953818,4.55472815,0,ceq,SVCH
0.075,0.034551073,2993.573356,-2.45317438,0.22103006,4.62457509,0,ceq,SVCH
0.075,0.043754794,2976.017689,-2.53108247,0.20446186,4.69225406,0,ceq,SVCH
0.075,0.055410203,2958.485943,-2.60775164,0.18941414,4.75865156,0,ceq,SVCH
0.075,0.070170383,2929.043061,-2.69052148,0.17567385,4.82406129,0,ceq,SVCH
0.075,0.088862382,2900.944173,-2.77093572,0.1632577,4.88772813,0,ceq,SVCH
0.075,0.112533558,2864.384907,-2.85490899,0.15202344,4.94965435,0,ceq,SVCH
0.075,0.142510267,2820.329588,-2.94125174,0.14197219,5.00907155,0,ceq,SVCH
0.075,0.180472177,2768.371458,-3.0299505,0.13304607,5.065474,0,ceq,SVCH
0.075,0.228546386,2712.131408,-3.1188111,0.12513755,5.11870069,0,ceq,SVCH
0.075,0.289426612,2644.105718,-3.21259551,0.11818823,5.16832748,0,ceq,SVCH
0.075,0.366524124,2569.640151,-3.30720375,0.11222424,5.21330337,0,ceq,SVCH
0.075,0.464158883,2491.86508,-3.40047872,0.10718679,5.25319457,0,ceq,SVCH
0.075,0.587801607,2412.059952,-3.49177535,0.10298513,5.28792829,0,ceq,SVCH
0.075,0.744380301,2330.032423,-3.581267,0.09955472,5.31735312,0,ceq,SVCH
0.075,0.942668455,2255.445333,-3.66235362,0.09678161,5.34189027,0,ceq,SVCH
0.075,1.19377664,2188.848251,-3.7349952,0.09451518,5.36247244,0,ceq,SVCH
0.075,1.51177507,2130.573736,-3.79912617,0.09265497,5.37973815,0,ceq,SVCH
0.075,1.91448198,2077.106453,-3.85749109,0.09115178,5.39394523,0,ceq,SVCH
0.075,2.42446202,2030.676861,-3.90794451,0.08998616,5.40512403,0,ceq,SVCH
0.075,3.07029063,1993.972237,-3.94809692,0.08911285,5.41359479,0,ceq,SVCH
0.075,3.88815518,1966.806701,-3.97815022,0.08847798,5.41980513,0,ceq,SVCH
0.075,4.92388263,1947.587056,-3.99951099,0.08803986,5.42411684,0,ceq,SVCH
0.075,6.23550734,1935.191069,-4.01334706,0.08776296,5.42685293,0,ceq,SVCH
0.075,7.89652287,1928.187164,-4.02117866,0.08760758,5.42839208,0,ceq,SVCH
0.075,10,1924.778632,-4.02498685,0.0875325,5.42913679,0,ceq,SVCH